:0200000460009A
:100000004643464200000156000000000103030081
:1000100000000000000000000000000000000000E0
:1000200000000000000000000000000000000000D0
:1000300000000000000000000000000000000000C0
:1000400000000000010408000000000000000000A3
:100050000000800000000000000000000000000020
:100060000000000000000000000000000000000090
:100070000000000000000000000000000000000080
:10008000EB04180A063204260000000000000000FD
:10009000050404240000000000000000000000002F
:1000A0000000000000000000000000000000000050
:1000B0000604000000000000000000000000000036
:1000C0000000000000000000000000000000000030
:1000D00020041808000000000000000000000000DC
:1000E0000000000000000000000000000000000010
:1000F0000000000000000000000000000000000000
:10010000D8041808000000000000000000000000F3
:100110000204180804200000000000000000000095
:1001200000000000000000000000000000000000CF
:10013000600400000000000000000000000000005B
:1001400000000000000000000000000000000000AF
:10015000000000000000000000000000000000009F
:10016000000000000000000000000000000000008F
:10017000000000000000000000000000000000007F
:10018000000000000000000000000000000000006F
:10019000000000000000000000000000000000005F
:1001A000000000000000000000000000000000004F
:1001B000000000000000000000000000000000003F
:1001C000000100000010000001000000000000001D
:1001D000000001000000000000000000000000001E
:1001E000000000000000000000000000000000000F
:1001F00000000000000000000000000000000000FF
:10020000FFFFFFFFFFFFFFFFFFFFFFFFFFFFFFFFFE
:10021000FFFFFFFFFFFFFFFFFFFFFFFFFFFFFFFFEE
:10022000FFFFFFFFFFFFFFFFFFFFFFFFFFFFFFFFDE
:10023000FFFFFFFFFFFFFFFFFFFFFFFFFFFFFFFFCE
:10024000FFFFFFFFFFFFFFFFFFFFFFFFFFFFFFFFBE
:10025000FFFFFFFFFFFFFFFFFFFFFFFFFFFFFFFFAE
:10026000FFFFFFFFFFFFFFFFFFFFFFFFFFFFFFFF9E
:10027000FFFFFFFFFFFFFFFFFFFFFFFFFFFFFFFF8E
:10028000FFFFFFFFFFFFFFFFFFFFFFFFFFFFFFFF7E
:10029000FFFFFFFFFFFFFFFFFFFFFFFFFFFFFFFF6E
:1002A000FFFFFFFFFFFFFFFFFFFFFFFFFFFFFFFF5E
:1002B000FFFFFFFFFFFFFFFFFFFFFFFFFFFFFFFF4E
:1002C000FFFFFFFFFFFFFFFFFFFFFFFFFFFFFFFF3E
:1002D000FFFFFFFFFFFFFFFFFFFFFFFFFFFFFFFF2E
:1002E000FFFFFFFFFFFFFFFFFFFFFFFFFFFFFFFF1E
:1002F000FFFFFFFFFFFFFFFFFFFFFFFFFFFFFFFF0E
:10030000FFFFFFFFFFFFFFFFFFFFFFFFFFFFFFFFFD
:10031000FFFFFFFFFFFFFFFFFFFFFFFFFFFFFFFFED
:10032000FFFFFFFFFFFFFFFFFFFFFFFFFFFFFFFFDD
:10033000FFFFFFFFFFFFFFFFFFFFFFFFFFFFFFFFCD
:10034000FFFFFFFFFFFFFFFFFFFFFFFFFFFFFFFFBD
:10035000FFFFFFFFFFFFFFFFFFFFFFFFFFFFFFFFAD
:10036000FFFFFFFFFFFFFFFFFFFFFFFFFFFFFFFF9D
:10037000FFFFFFFFFFFFFFFFFFFFFFFFFFFFFFFF8D
:10038000FFFFFFFFFFFFFFFFFFFFFFFFFFFFFFFF7D
:10039000FFFFFFFFFFFFFFFFFFFFFFFFFFFFFFFF6D
:1003A000FFFFFFFFFFFFFFFFFFFFFFFFFFFFFFFF5D
:1003B000FFFFFFFFFFFFFFFFFFFFFFFFFFFFFFFF4D
:1003C000FFFFFFFFFFFFFFFFFFFFFFFFFFFFFFFF3D
:1003D000FFFFFFFFFFFFFFFFFFFFFFFFFFFFFFFF2D
:1003E000FFFFFFFFFFFFFFFFFFFFFFFFFFFFFFFF1D
:1003F000FFFFFFFFFFFFFFFFFFFFFFFFFFFFFFFF0D
:10040000FFFFFFFFFFFFFFFFFFFFFFFFFFFFFFFFFC
:10041000FFFFFFFFFFFFFFFFFFFFFFFFFFFFFFFFEC
:10042000FFFFFFFFFFFFFFFFFFFFFFFFFFFFFFFFDC
:10043000FFFFFFFFFFFFFFFFFFFFFFFFFFFFFFFFCC
:10044000FFFFFFFFFFFFFFFFFFFFFFFFFFFFFFFFBC
:10045000FFFFFFFFFFFFFFFFFFFFFFFFFFFFFFFFAC
:10046000FFFFFFFFFFFFFFFFFFFFFFFFFFFFFFFF9C
:10047000FFFFFFFFFFFFFFFFFFFFFFFFFFFFFFFF8C
:10048000FFFFFFFFFFFFFFFFFFFFFFFFFFFFFFFF7C
:10049000FFFFFFFFFFFFFFFFFFFFFFFFFFFFFFFF6C
:1004A000FFFFFFFFFFFFFFFFFFFFFFFFFFFFFFFF5C
:1004B000FFFFFFFFFFFFFFFFFFFFFFFFFFFFFFFF4C
:1004C000FFFFFFFFFFFFFFFFFFFFFFFFFFFFFFFF3C
:1004D000FFFFFFFFFFFFFFFFFFFFFFFFFFFFFFFF2C
:1004E000FFFFFFFFFFFFFFFFFFFFFFFFFFFFFFFF1C
:1004F000FFFFFFFFFFFFFFFFFFFFFFFFFFFFFFFF0C
:10050000FFFFFFFFFFFFFFFFFFFFFFFFFFFFFFFFFB
:10051000FFFFFFFFFFFFFFFFFFFFFFFFFFFFFFFFEB
:10052000FFFFFFFFFFFFFFFFFFFFFFFFFFFFFFFFDB
:10053000FFFFFFFFFFFFFFFFFFFFFFFFFFFFFFFFCB
:10054000FFFFFFFFFFFFFFFFFFFFFFFFFFFFFFFFBB
:10055000FFFFFFFFFFFFFFFFFFFFFFFFFFFFFFFFAB
:10056000FFFFFFFFFFFFFFFFFFFFFFFFFFFFFFFF9B
:10057000FFFFFFFFFFFFFFFFFFFFFFFFFFFFFFFF8B
:10058000FFFFFFFFFFFFFFFFFFFFFFFFFFFFFFFF7B
:10059000FFFFFFFFFFFFFFFFFFFFFFFFFFFFFFFF6B
:1005A000FFFFFFFFFFFFFFFFFFFFFFFFFFFFFFFF5B
:1005B000FFFFFFFFFFFFFFFFFFFFFFFFFFFFFFFF4B
:1005C000FFFFFFFFFFFFFFFFFFFFFFFFFFFFFFFF3B
:1005D000FFFFFFFFFFFFFFFFFFFFFFFFFFFFFFFF2B
:1005E000FFFFFFFFFFFFFFFFFFFFFFFFFFFFFFFF1B
:1005F000FFFFFFFFFFFFFFFFFFFFFFFFFFFFFFFF0B
:10060000FFFFFFFFFFFFFFFFFFFFFFFFFFFFFFFFFA
:10061000FFFFFFFFFFFFFFFFFFFFFFFFFFFFFFFFEA
:10062000FFFFFFFFFFFFFFFFFFFFFFFFFFFFFFFFDA
:10063000FFFFFFFFFFFFFFFFFFFFFFFFFFFFFFFFCA
:10064000FFFFFFFFFFFFFFFFFFFFFFFFFFFFFFFFBA
:10065000FFFFFFFFFFFFFFFFFFFFFFFFFFFFFFFFAA
:10066000FFFFFFFFFFFFFFFFFFFFFFFFFFFFFFFF9A
:10067000FFFFFFFFFFFFFFFFFFFFFFFFFFFFFFFF8A
:10068000FFFFFFFFFFFFFFFFFFFFFFFFFFFFFFFF7A
:10069000FFFFFFFFFFFFFFFFFFFFFFFFFFFFFFFF6A
:1006A000FFFFFFFFFFFFFFFFFFFFFFFFFFFFFFFF5A
:1006B000FFFFFFFFFFFFFFFFFFFFFFFFFFFFFFFF4A
:1006C000FFFFFFFFFFFFFFFFFFFFFFFFFFFFFFFF3A
:1006D000FFFFFFFFFFFFFFFFFFFFFFFFFFFFFFFF2A
:1006E000FFFFFFFFFFFFFFFFFFFFFFFFFFFFFFFF1A
:1006F000FFFFFFFFFFFFFFFFFFFFFFFFFFFFFFFF0A
:10070000FFFFFFFFFFFFFFFFFFFFFFFFFFFFFFFFF9
:10071000FFFFFFFFFFFFFFFFFFFFFFFFFFFFFFFFE9
:10072000FFFFFFFFFFFFFFFFFFFFFFFFFFFFFFFFD9
:10073000FFFFFFFFFFFFFFFFFFFFFFFFFFFFFFFFC9
:10074000FFFFFFFFFFFFFFFFFFFFFFFFFFFFFFFFB9
:10075000FFFFFFFFFFFFFFFFFFFFFFFFFFFFFFFFA9
:10076000FFFFFFFFFFFFFFFFFFFFFFFFFFFFFFFF99
:10077000FFFFFFFFFFFFFFFFFFFFFFFFFFFFFFFF89
:10078000FFFFFFFFFFFFFFFFFFFFFFFFFFFFFFFF79
:10079000FFFFFFFFFFFFFFFFFFFFFFFFFFFFFFFF69
:1007A000FFFFFFFFFFFFFFFFFFFFFFFFFFFFFFFF59
:1007B000FFFFFFFFFFFFFFFFFFFFFFFFFFFFFFFF49
:1007C000FFFFFFFFFFFFFFFFFFFFFFFFFFFFFFFF39
:1007D000FFFFFFFFFFFFFFFFFFFFFFFFFFFFFFFF29
:1007E000FFFFFFFFFFFFFFFFFFFFFFFFFFFFFFFF19
:1007F000FFFFFFFFFFFFFFFFFFFFFFFFFFFFFFFF09
:10080000FFFFFFFFFFFFFFFFFFFFFFFFFFFFFFFFF8
:10081000FFFFFFFFFFFFFFFFFFFFFFFFFFFFFFFFE8
:10082000FFFFFFFFFFFFFFFFFFFFFFFFFFFFFFFFD8
:10083000FFFFFFFFFFFFFFFFFFFFFFFFFFFFFFFFC8
:10084000FFFFFFFFFFFFFFFFFFFFFFFFFFFFFFFFB8
:10085000FFFFFFFFFFFFFFFFFFFFFFFFFFFFFFFFA8
:10086000FFFFFFFFFFFFFFFFFFFFFFFFFFFFFFFF98
:10087000FFFFFFFFFFFFFFFFFFFFFFFFFFFFFFFF88
:10088000FFFFFFFFFFFFFFFFFFFFFFFFFFFFFFFF78
:10089000FFFFFFFFFFFFFFFFFFFFFFFFFFFFFFFF68
:1008A000FFFFFFFFFFFFFFFFFFFFFFFFFFFFFFFF58
:1008B000FFFFFFFFFFFFFFFFFFFFFFFFFFFFFFFF48
:1008C000FFFFFFFFFFFFFFFFFFFFFFFFFFFFFFFF38
:1008D000FFFFFFFFFFFFFFFFFFFFFFFFFFFFFFFF28
:1008E000FFFFFFFFFFFFFFFFFFFFFFFFFFFFFFFF18
:1008F000FFFFFFFFFFFFFFFFFFFFFFFFFFFFFFFF08
:10090000FFFFFFFFFFFFFFFFFFFFFFFFFFFFFFFFF7
:10091000FFFFFFFFFFFFFFFFFFFFFFFFFFFFFFFFE7
:10092000FFFFFFFFFFFFFFFFFFFFFFFFFFFFFFFFD7
:10093000FFFFFFFFFFFFFFFFFFFFFFFFFFFFFFFFC7
:10094000FFFFFFFFFFFFFFFFFFFFFFFFFFFFFFFFB7
:10095000FFFFFFFFFFFFFFFFFFFFFFFFFFFFFFFFA7
:10096000FFFFFFFFFFFFFFFFFFFFFFFFFFFFFFFF97
:10097000FFFFFFFFFFFFFFFFFFFFFFFFFFFFFFFF87
:10098000FFFFFFFFFFFFFFFFFFFFFFFFFFFFFFFF77
:10099000FFFFFFFFFFFFFFFFFFFFFFFFFFFFFFFF67
:1009A000FFFFFFFFFFFFFFFFFFFFFFFFFFFFFFFF57
:1009B000FFFFFFFFFFFFFFFFFFFFFFFFFFFFFFFF47
:1009C000FFFFFFFFFFFFFFFFFFFFFFFFFFFFFFFF37
:1009D000FFFFFFFFFFFFFFFFFFFFFFFFFFFFFFFF27
:1009E000FFFFFFFFFFFFFFFFFFFFFFFFFFFFFFFF17
:1009F000FFFFFFFFFFFFFFFFFFFFFFFFFFFFFFFF07
:100A0000FFFFFFFFFFFFFFFFFFFFFFFFFFFFFFFFF6
:100A1000FFFFFFFFFFFFFFFFFFFFFFFFFFFFFFFFE6
:100A2000FFFFFFFFFFFFFFFFFFFFFFFFFFFFFFFFD6
:100A3000FFFFFFFFFFFFFFFFFFFFFFFFFFFFFFFFC6
:100A4000FFFFFFFFFFFFFFFFFFFFFFFFFFFFFFFFB6
:100A5000FFFFFFFFFFFFFFFFFFFFFFFFFFFFFFFFA6
:100A6000FFFFFFFFFFFFFFFFFFFFFFFFFFFFFFFF96
:100A7000FFFFFFFFFFFFFFFFFFFFFFFFFFFFFFFF86
:100A8000FFFFFFFFFFFFFFFFFFFFFFFFFFFFFFFF76
:100A9000FFFFFFFFFFFFFFFFFFFFFFFFFFFFFFFF66
:100AA000FFFFFFFFFFFFFFFFFFFFFFFFFFFFFFFF56
:100AB000FFFFFFFFFFFFFFFFFFFFFFFFFFFFFFFF46
:100AC000FFFFFFFFFFFFFFFFFFFFFFFFFFFFFFFF36
:100AD000FFFFFFFFFFFFFFFFFFFFFFFFFFFFFFFF26
:100AE000FFFFFFFFFFFFFFFFFFFFFFFFFFFFFFFF16
:100AF000FFFFFFFFFFFFFFFFFFFFFFFFFFFFFFFF06
:100B0000FFFFFFFFFFFFFFFFFFFFFFFFFFFFFFFFF5
:100B1000FFFFFFFFFFFFFFFFFFFFFFFFFFFFFFFFE5
:100B2000FFFFFFFFFFFFFFFFFFFFFFFFFFFFFFFFD5
:100B3000FFFFFFFFFFFFFFFFFFFFFFFFFFFFFFFFC5
:100B4000FFFFFFFFFFFFFFFFFFFFFFFFFFFFFFFFB5
:100B5000FFFFFFFFFFFFFFFFFFFFFFFFFFFFFFFFA5
:100B6000FFFFFFFFFFFFFFFFFFFFFFFFFFFFFFFF95
:100B7000FFFFFFFFFFFFFFFFFFFFFFFFFFFFFFFF85
:100B8000FFFFFFFFFFFFFFFFFFFFFFFFFFFFFFFF75
:100B9000FFFFFFFFFFFFFFFFFFFFFFFFFFFFFFFF65
:100BA000FFFFFFFFFFFFFFFFFFFFFFFFFFFFFFFF55
:100BB000FFFFFFFFFFFFFFFFFFFFFFFFFFFFFFFF45
:100BC000FFFFFFFFFFFFFFFFFFFFFFFFFFFFFFFF35
:100BD000FFFFFFFFFFFFFFFFFFFFFFFFFFFFFFFF25
:100BE000FFFFFFFFFFFFFFFFFFFFFFFFFFFFFFFF15
:100BF000FFFFFFFFFFFFFFFFFFFFFFFFFFFFFFFF05
:100C0000FFFFFFFFFFFFFFFFFFFFFFFFFFFFFFFFF4
:100C1000FFFFFFFFFFFFFFFFFFFFFFFFFFFFFFFFE4
:100C2000FFFFFFFFFFFFFFFFFFFFFFFFFFFFFFFFD4
:100C3000FFFFFFFFFFFFFFFFFFFFFFFFFFFFFFFFC4
:100C4000FFFFFFFFFFFFFFFFFFFFFFFFFFFFFFFFB4
:100C5000FFFFFFFFFFFFFFFFFFFFFFFFFFFFFFFFA4
:100C6000FFFFFFFFFFFFFFFFFFFFFFFFFFFFFFFF94
:100C7000FFFFFFFFFFFFFFFFFFFFFFFFFFFFFFFF84
:100C8000FFFFFFFFFFFFFFFFFFFFFFFFFFFFFFFF74
:100C9000FFFFFFFFFFFFFFFFFFFFFFFFFFFFFFFF64
:100CA000FFFFFFFFFFFFFFFFFFFFFFFFFFFFFFFF54
:100CB000FFFFFFFFFFFFFFFFFFFFFFFFFFFFFFFF44
:100CC000FFFFFFFFFFFFFFFFFFFFFFFFFFFFFFFF34
:100CD000FFFFFFFFFFFFFFFFFFFFFFFFFFFFFFFF24
:100CE000FFFFFFFFFFFFFFFFFFFFFFFFFFFFFFFF14
:100CF000FFFFFFFFFFFFFFFFFFFFFFFFFFFFFFFF04
:100D0000FFFFFFFFFFFFFFFFFFFFFFFFFFFFFFFFF3
:100D1000FFFFFFFFFFFFFFFFFFFFFFFFFFFFFFFFE3
:100D2000FFFFFFFFFFFFFFFFFFFFFFFFFFFFFFFFD3
:100D3000FFFFFFFFFFFFFFFFFFFFFFFFFFFFFFFFC3
:100D4000FFFFFFFFFFFFFFFFFFFFFFFFFFFFFFFFB3
:100D5000FFFFFFFFFFFFFFFFFFFFFFFFFFFFFFFFA3
:100D6000FFFFFFFFFFFFFFFFFFFFFFFFFFFFFFFF93
:100D7000FFFFFFFFFFFFFFFFFFFFFFFFFFFFFFFF83
:100D8000FFFFFFFFFFFFFFFFFFFFFFFFFFFFFFFF73
:100D9000FFFFFFFFFFFFFFFFFFFFFFFFFFFFFFFF63
:100DA000FFFFFFFFFFFFFFFFFFFFFFFFFFFFFFFF53
:100DB000FFFFFFFFFFFFFFFFFFFFFFFFFFFFFFFF43
:100DC000FFFFFFFFFFFFFFFFFFFFFFFFFFFFFFFF33
:100DD000FFFFFFFFFFFFFFFFFFFFFFFFFFFFFFFF23
:100DE000FFFFFFFFFFFFFFFFFFFFFFFFFFFFFFFF13
:100DF000FFFFFFFFFFFFFFFFFFFFFFFFFFFFFFFF03
:100E0000FFFFFFFFFFFFFFFFFFFFFFFFFFFFFFFFF2
:100E1000FFFFFFFFFFFFFFFFFFFFFFFFFFFFFFFFE2
:100E2000FFFFFFFFFFFFFFFFFFFFFFFFFFFFFFFFD2
:100E3000FFFFFFFFFFFFFFFFFFFFFFFFFFFFFFFFC2
:100E4000FFFFFFFFFFFFFFFFFFFFFFFFFFFFFFFFB2
:100E5000FFFFFFFFFFFFFFFFFFFFFFFFFFFFFFFFA2
:100E6000FFFFFFFFFFFFFFFFFFFFFFFFFFFFFFFF92
:100E7000FFFFFFFFFFFFFFFFFFFFFFFFFFFFFFFF82
:100E8000FFFFFFFFFFFFFFFFFFFFFFFFFFFFFFFF72
:100E9000FFFFFFFFFFFFFFFFFFFFFFFFFFFFFFFF62
:100EA000FFFFFFFFFFFFFFFFFFFFFFFFFFFFFFFF52
:100EB000FFFFFFFFFFFFFFFFFFFFFFFFFFFFFFFF42
:100EC000FFFFFFFFFFFFFFFFFFFFFFFFFFFFFFFF32
:100ED000FFFFFFFFFFFFFFFFFFFFFFFFFFFFFFFF22
:100EE000FFFFFFFFFFFFFFFFFFFFFFFFFFFFFFFF12
:100EF000FFFFFFFFFFFFFFFFFFFFFFFFFFFFFFFF02
:100F0000FFFFFFFFFFFFFFFFFFFFFFFFFFFFFFFFF1
:100F1000FFFFFFFFFFFFFFFFFFFFFFFFFFFFFFFFE1
:100F2000FFFFFFFFFFFFFFFFFFFFFFFFFFFFFFFFD1
:100F3000FFFFFFFFFFFFFFFFFFFFFFFFFFFFFFFFC1
:100F4000FFFFFFFFFFFFFFFFFFFFFFFFFFFFFFFFB1
:100F5000FFFFFFFFFFFFFFFFFFFFFFFFFFFFFFFFA1
:100F6000FFFFFFFFFFFFFFFFFFFFFFFFFFFFFFFF91
:100F7000FFFFFFFFFFFFFFFFFFFFFFFFFFFFFFFF81
:100F8000FFFFFFFFFFFFFFFFFFFFFFFFFFFFFFFF71
:100F9000FFFFFFFFFFFFFFFFFFFFFFFFFFFFFFFF61
:100FA000FFFFFFFFFFFFFFFFFFFFFFFFFFFFFFFF51
:100FB000FFFFFFFFFFFFFFFFFFFFFFFFFFFFFFFF41
:100FC000FFFFFFFFFFFFFFFFFFFFFFFFFFFFFFFF31
:100FD000FFFFFFFFFFFFFFFFFFFFFFFFFFFFFFFF21
:100FE000FFFFFFFFFFFFFFFFFFFFFFFFFFFFFFFF11
:100FF000FFFFFFFFFFFFFFFFFFFFFFFFFFFFFFFF01
:10100000D1002043F1150060000000000000000046
:10101000201000600010006000A8006000000000C8
:101020000000006000B4000000000000FFFFFFFFB0
:10103000FFFFFFFFFFFFFFFFFFFFFFFFFFFFFFFFC0
:10104000FFFFFFFFFFFFFFFFFFFFFFFFFFFFFFFFB0
:10105000FFFFFFFFFFFFFFFFFFFFFFFFFFFFFFFFA0
:10106000FFFFFFFFFFFFFFFFFFFFFFFFFFFFFFFF90
:10107000FFFFFFFFFFFFFFFFFFFFFFFFFFFFFFFF80
:10108000FFFFFFFFFFFFFFFFFFFFFFFFFFFFFFFF70
:10109000FFFFFFFFFFFFFFFFFFFFFFFFFFFFFFFF60
:1010A000FFFFFFFFFFFFFFFFFFFFFFFFFFFFFFFF50
:1010B000FFFFFFFFFFFFFFFFFFFFFFFFFFFFFFFF40
:1010C000FFFFFFFFFFFFFFFFFFFFFFFFFFFFFFFF30
:1010D000FFFFFFFFFFFFFFFFFFFFFFFFFFFFFFFF20
:1010E000FFFFFFFFFFFFFFFFFFFFFFFFFFFFFFFF10
:1010F000FFFFFFFFFFFFFFFFFFFFFFFFFFFFFFFF00
:10110000FFFFFFFFFFFFFFFFFFFFFFFFFFFFFFFFEF
:10111000FFFFFFFFFFFFFFFFFFFFFFFFFFFFFFFFDF
:10112000FFFFFFFFFFFFFFFFFFFFFFFFFFFFFFFFCF
:10113000FFFFFFFFFFFFFFFFFFFFFFFFFFFFFFFFBF
:10114000FFFFFFFFFFFFFFFFFFFFFFFFFFFFFFFFAF
:10115000FFFFFFFFFFFFFFFFFFFFFFFFFFFFFFFF9F
:10116000FFFFFFFFFFFFFFFFFFFFFFFFFFFFFFFF8F
:10117000FFFFFFFFFFFFFFFFFFFFFFFFFFFFFFFF7F
:10118000FFFFFFFFFFFFFFFFFFFFFFFFFFFFFFFF6F
:10119000FFFFFFFFFFFFFFFFFFFFFFFFFFFFFFFF5F
:1011A000FFFFFFFFFFFFFFFFFFFFFFFFFFFFFFFF4F
:1011B000FFFFFFFFFFFFFFFFFFFFFFFFFFFFFFFF3F
:1011C000FFFFFFFFFFFFFFFFFFFFFFFFFFFFFFFF2F
:1011D000FFFFFFFFFFFFFFFFFFFFFFFFFFFFFFFF1F
:1011E000FFFFFFFFFFFFFFFFFFFFFFFFFFFFFFFF0F
:1011F000FFFFFFFFFFFFFFFFFFFFFFFFFFFFFFFFFF
:10120000FFFFFFFFFFFFFFFFFFFFFFFFFFFFFFFFEE
:10121000FFFFFFFFFFFFFFFFFFFFFFFFFFFFFFFFDE
:10122000FFFFFFFFFFFFFFFFFFFFFFFFFFFFFFFFCE
:10123000FFFFFFFFFFFFFFFFFFFFFFFFFFFFFFFFBE
:10124000FFFFFFFFFFFFFFFFFFFFFFFFFFFFFFFFAE
:10125000FFFFFFFFFFFFFFFFFFFFFFFFFFFFFFFF9E
:10126000FFFFFFFFFFFFFFFFFFFFFFFFFFFFFFFF8E
:10127000FFFFFFFFFFFFFFFFFFFFFFFFFFFFFFFF7E
:10128000FFFFFFFFFFFFFFFFFFFFFFFFFFFFFFFF6E
:10129000FFFFFFFFFFFFFFFFFFFFFFFFFFFFFFFF5E
:1012A000FFFFFFFFFFFFFFFFFFFFFFFFFFFFFFFF4E
:1012B000FFFFFFFFFFFFFFFFFFFFFFFFFFFFFFFF3E
:1012C000FFFFFFFFFFFFFFFFFFFFFFFFFFFFFFFF2E
:1012D000FFFFFFFFFFFFFFFFFFFFFFFFFFFFFFFF1E
:1012E000FFFFFFFFFFFFFFFFFFFFFFFFFFFFFFFF0E
:1012F000FFFFFFFFFFFFFFFFFFFFFFFFFFFFFFFFFE
:10130000FFFFFFFFFFFFFFFFFFFFFFFFFFFFFFFFED
:10131000FFFFFFFFFFFFFFFFFFFFFFFFFFFFFFFFDD
:10132000FFFFFFFFFFFFFFFFFFFFFFFFFFFFFFFFCD
:10133000FFFFFFFFFFFFFFFFFFFFFFFFFFFFFFFFBD
:10134000FFFFFFFFFFFFFFFFFFFFFFFFFFFFFFFFAD
:10135000FFFFFFFFFFFFFFFFFFFFFFFFFFFFFFFF9D
:10136000FFFFFFFFFFFFFFFFFFFFFFFFFFFFFFFF8D
:10137000FFFFFFFFFFFFFFFFFFFFFFFFFFFFFFFF7D
:10138000FFFFFFFFFFFFFFFFFFFFFFFFFFFFFFFF6D
:10139000FFFFFFFFFFFFFFFFFFFFFFFFFFFFFFFF5D
:1013A000FFFFFFFFFFFFFFFFFFFFFFFFFFFFFFFF4D
:1013B000FFFFFFFFFFFFFFFFFFFFFFFFFFFFFFFF3D
:1013C000FFFFFFFFFFFFFFFFFFFFFFFFFFFFFFFF2D
:1013D000FFFFFFFFFFFFFFFFFFFFFFFFFFFFFFFF1D
:1013E000FFFFFFFFFFFFFFFFFFFFFFFFFFFFFFFF0D
:1013F000FFFFFFFFFFFFFFFFFFFFFFFFFFFFFFFFFD
:10140000824205D051F8043B40F8043B8242F9D8AF
:10141000704700BF044A05494FF0000342F8043BFF
:101420009142FBD8704700BFC00E0020006700202B
:1014300080B5BFF34F8F00F04BF9544C544B08204C
:101440005449C3F85401544AC3F800115348C3F82F
:10145000F0405349FFF7D4FF524A53495348FFF72E
:10146000CFFF534CFFF7D6FF4FF470004FF0E02151
:101470000023504AC1F8880D44F823200133B02BD3
:10148000FAD14D4B80214D4A03F8011B9342FBD109
:101490004FF0E0254A4F4B4A4FF0FF31C5F8084D59
:1014A0000026D5F8243D43F4E023C5F8243DFB692C
:1014B00023F07F0343F04003FB617B6A23F07F034B
:1014C00043F040037B629166D1661167516700F07B
:1014D00007F93D4B63223D49A3633D4BE36303237F
:1014E0006A613C4AAE612B61C5F8202DD5F8FC2D10
:1014F000394B42F08072C5F8FC2D1A6842F00102A7
:101500001A605B680B6000F0AFFA344800F040FCF2
:10151000F96E334B334A41F44051F9661E60C3F80B
:101520000861C3F81861C3F82861C3F83861936B88
:10153000DB0708D442F615632B4951651365936B9D
:1015400043F001039363274A284C936843F0011347
:10155000936000F04FF900F0EBFB00F02DFC00F081
:10156000B1FA00F0B7F82368132BFCD900F042FB66
:101570002368B3F5967FFBD300F0B0F800F0ACF829
:1015800000F00AFC00F00CFC30BFFDE70C0D11135D
:1015900000800D401B101820E876000000000000BD
:1015A000E01E0060C00E0020CC950060000000200E
:1015B000000C0020C549000000E400E0A0E400E0C9
:1015C00000C00F4000C00A40C55D000098660020C2
:1015D000C95D000000002020001000E00046C32389
:1015E0000040084000400D400000C0569C660020AE
:1015F000054B4FF42A01054A05485A641864054A08
:1016000099639546FFF714FF00C00A40ABAAAAAA47
:1016100007002000008007202B4A0021012310B47E
:10162000C2F8A000C2F8A410C2F8B0305369DB07BA
:10163000FCD501234FF4803423495361C2F8A00044
:10164000C2F8A440C2F8B0304B69DC07FCD50123D6
:101650004FF400341C4A4B61C1F8A000C1F8A4400B
:10166000C1F8B0305369D907FCD50123174C16498E
:101670005361C2F8A000C2F8A440C2F8B0304B6970
:10168000DB07FCD5D1F8003145F60D5021249AB284
:101690004C61824214D045F69D518A420CD1C3F36D
:1016A0004253032B0CD0A3F104035DF8044BB3FAAF
:1016B00083F35B091801704700205DF8044B704705
:1016C00008205DF8044B704700402A4004000300E6
:1016D000704700BF704700BF704700BF00BF704732
:1016E00010B44FF0E023002110243248C3F8941DB9
:1016F000C3F89C4D1124C3F8A00D2F48C3F89C4D8E
:101700001224C3F8A00D2D48C3F89C4D2C4AC3F8F1
:10171000A00D2C4C42F015022B48C3F89C4DC3F889
:10172000A00D2A4C2A48C3F89C4DC3F8A00D294CA3
:10173000C3F89C2D2848294AC3F8A04DC3F89C0D36
:10174000C3F8A02D02F5A022254C0C322548C3F881
:101750009C4DC3F8A02D244AC3F89C0DC3F8A02DBE
:1017600002F14062214C02322148C3F89C4DC3F87B
:10177000A02D0A32C3F89C0DC3F8A02D00BF00BFF6
:1017800000BF00BF00BF0122C3F8942DBFF34F8FED
:10179000BFF36F8FC3F8501FBFF34F8FBFF36F8F2F
:1017A000D3F8142D5DF8044B42F44032C3F8142DE5
:1017B000704700BF3F000010250008070900100017
:1017C0000067002013002000210002071400002001
:1017D00025000813090000101600202027000B1315
:1017E00017000040180000602F000B071900007060
:1017F0001A000080F0B5824B1822824D0120824FE2
:1018000083B0C3F85C528149C3F86072804CC3F85E
:101810006452A5F530457F4EC3F8685248F20C7506
:10182000C3F86C42C3F87042C3F87442C3F87842FC
:101830004FF0FF34DA661A675A679A67DA67C3F8B7
:101840008020C3F88420C3F88820C1F82C03724A92
:10185000C1F83003C1F83403C1F83803C1F83C03C0
:10186000C1F85003B1696D4B0A406D486D4913438F
:101870006D4AB361D6F8843043F00C03C6F8843067
:10188000036843F00203036003682B4021251A43D9
:10189000664B026044608A68654C1340654A43F0B9
:1018A00000538360C36823F07803C360036A134066
:1018B00023430362036A13405F4A234340F20564F3
:1018C00043628262C2620022D1F8B83023F03F0343
:1018D00043F00103C0F8B830D1F8BC30574923F0C9
:1018E0003F0343F00103C0F8BC3002610567C0F854
:1018F00080404567C0F884400224036823F0020357
:10190000036081614E4B4F49C46143F8042B8B4205
:10191000FBD1434D2B6843F001032B602C6814F07E
:101920000104FBD14549022340F2F5622046A9613A
:1019300040F29941EB6140F26643C5F8002242F261
:101940000142C5F81032404BC5F82012C5F83032BC
:1019500040F23543C5F834223C49C5F840323C4B8F
:10196000C5F850123B4AC5F8543242F20123C5F87B
:101970006022C5F86432FFF74FFE0646002836D0D5
:1019800083024FF480222B660123C5F8A040244C2B
:10199000C5F8A420C5F8B0306369DA07FCD5012585
:1019A000370565613846FFF737FE32182A4BD2B249
:1019B0001A7078B180024FF4802319496066C4F828
:1019C000A070C4F8A430C4F8B0504B69DB07FCD554
:1019D00001234B6121490024214801230094401A2E
:1019E00000EB02521F4800F0EBF903B0F0BD1D4BB5
:1019F000194A18601070D860C3E9010003B0F0BD47
:101A000000801F40F9B00100F910010000841F4060
:101A1000F970010000C00F40FFFCFF1F00030080B1
:101A200000402A4000802A401200FFFFFF37F700E5
:101A30004000008000FFF07CFF000F83F05AF05A56
:101A400000422A4000432A409F041830EB06180A3F
:101A5000063201263806180AC2660020000000700F
:101A60000000007018660020F0B4154A40274FF4BB
:101A700080314FF480564FF400554FF4404443F208
:101A80004200136913F0020F0ED113F4005F0FD060
:101A900013F4805F0ED0002BF3DA13F4803F0BD1E8
:101AA0005B060BD5F0BC7047946151619061E8E72B
:101AB0005561E6E75661E4E79161E2E75761E0E7E7
:101AC00000800D403F4A03203F49F3EE095AD2F807
:101AD00080304FF0000C9FED3D6A23F001039FED35
:101AE0003C5A30B4C2F88030C2F89000D1F8E0100F
:101AF000384DCBB2384C39482B6007EE903A0B0D7D
:101B0000C1F30B21F8EEE77A06EE903A07EE101AD1
:101B1000334BB8EEC77A2160F8EEE66A314937EE0A
:101B2000C66A37EEC55A76EEC76A77EEE57A26EED4
:101B3000266AC3ED006A25EE265AD2F8803067EE99
:101B4000A64AC0ED007AC6EE275A274885EE276AD6
:101B5000C4EEA76A75EE875AFCEEE55A36EE076AC0
:101B600015EE904ABCEEC66A43EA045376EE877AD5
:101B7000C2F8803016EE103AD2F89041FCEEE77AC7
:101B800001EA0341214317EE903AC2F89011C3F3E2
:101B90000B03D2F890110B431449C2F89031D2F8DC
:101BA000803043F00203C2F88030114B80F840C00F
:101BB000C1F840314FF0E023012230BCC3F80821C6
:101BC000704700BF00810D4000441F400000AA4242
:101BD0000000B44288660020846600208C660020E5
:101BE000906600200000FF0F00E400E0000C0020E1
:101BF000854B0000314B40F6617210B5C3F82021CF
:101C000040F2044400F0D4F82D4A2E49D2F8803036
:101C10002D4843F00303C2F880302C4BC1F86041DB
:101C200002681A4203D1D1F8A8319A071BD0254A7D
:101C30004FF00041244B5963D2F8403143F0020386
:101C4000C2F84031D2F840319B07FBD44FF400304A
:101C50004FF0E0211C4B4FF00042C1F88C021920DC
:101C60009A6300F0A1F8184A4FF08040154C00210B
:101C700090630A20164B11604FF42072C4F8A8013B
:101C8000184600F0A1F84FF4800203464FF481009B
:101C900040F243111860C4F858311A640D4B0E4AD3
:101CA000C4F84811C3F804224FF0E0224FF4003189
:101CB0000123C2F80C11C4F8403110BD00800D4062
:101CC00000C00F4000002E4000900D40001C1E0080
:101CD00000000020000C00206D4D000008B50E4BE8
:101CE0001B6E9B0700D4FBBE72B60C4B00200C4A47
:101CF000C3F8400103F160430A49A3F55F2311646F
:101D00009D46BFF34F8F4FF400130748074ADB6926
:101D100002609B68984700BF00441F4000002E40AF
:101D200000C00A400300200000802020000012EBC9
:101D3000104BA020104AD96E41F4403110B4D9663E
:101D400040F23764D96E41F44071D96654649064AE
:101D5000936C1B06FCD4094A40F23761A0235164FE
:101D60009364936C13F08003FBD1054A13705DF804
:101D7000044B704700C00F4000400C4000800C40F6
:101D8000C1660020F8B500BFF8BC08BC9E4670478D
:101D90005FF800F0854400005FF800F0A16E0000DD
:101DA0005FF800F01D4800005FF800F07547000084
:101DB0005FF800F0DD5400005FF800F0655E0000A1
:101DC0005FF800F0C95F00005FF800F0CD6D000023
:081DD00045000000653F000022
:101DD80016035500530042002000530065007200AE
:101DE800690061006C00000018035400650065007C
:101DF8006E00730079006400750069006E006F0062
:101E08000403090409026200030100C032080B0040
:101E18000202020100090400000102020100052477
:101E2800001001052401010104240206052406000E
:101E3800010705820310001009040100020A0000CE
:101E4800000705030240000007058402400000095E
:101E580004020002FF6AFF00070581024000010733
:101E6800050102400001000009026200030100C0F0
:101E780032080B00020202010009040000010202FC
:101E880001000524001001052401010104240206B3
:101E98000524060001070582031000050904010056
:101EA800020A000000070503020002000705840279
:101EB8000002000904020002FF6AC7000705810248
:101EC8000002010705010200020100000A060002E3
:081ED800EF02014001000000CF
:101EE00000000000000000000000000000000000F2
:101EF00000000000000000000000000000000000E2
:101F00000548064B1B1AD90F01EBA301491002D05B
:101F1000034B03B118477047C00E0020C00E0020CD
:101F20000000000008B5054B1BB105490548AFF39B
:101F30000080BDE80840FFF7E3BF00BF00000000DD
:101F40003466002000B4006000207047034B18681E
:101F500010B103681B681847704700BFBC620020BF
:101F6000034B186810B103681B681847704700BF1F
:101F7000C06200202DE9F04100F5005090B0574CB0
:101F80009646574B0094C0F810191B6A5548C3F386
:101F900001230468403304F080746B4413F8406CF0
:101FA000514B03FB06F60368B6FBF1F2B6FBF2F504
:101FB00043F0A0434D1B03600368DF01FCD5052AF5
:101FC0004FF0000C2AD96046831C0130B2FBF3F7B6
:101FD000192F07FB03F3F7D84FF00108B6FBF3F313
:101FE000CB1A002BB8BF5B42AB420BDBA7F10C0353
:101FF00018BF4FF00008062B0AD8B8F1000F07D021
:102000008446E1E71D46A7F10C038446062BF4D96C
:10201000052FD9D80CF10103B2FBF3F2B5F5967F89
:10202000A2F105024CDC142A4AD802EB42022F4FDF
:102030006E46DFF8B08002F14003BEF1020F0DEBF7
:1020400003050FCF0FC60FCF0FC60FCF0FC697E8F0
:102050000F0007C626F8023B4FEA1343337015F80A
:102060003F3C15F83E2C4FEAC34315F8401C4FEA9D
:10207000024203F4601301F0070102F4E02243EA94
:10208000020343EA010343F4800343EA0C6343F48D
:102090008043C8F80430D8F8043014BF23F0080394
:1020A00043F00803C8F804303CB90E4A136823F023
:1020B000805313601368DB01FCD410B0BDE8F081DD
:1020C000002CFAD1074A136823F080531360136879
:1020D000D901FCD410B0BDE8F08100BF3C1850001D
:1020E00000C00F4000001D4040420F008002002051
:1020F0002DE9F04100F5005090B0574C9646574BF3
:102100000094C0F810191B6A5548C3F301230468F2
:10211000403304F080746B4413F8406C514B03FB64
:1021200006F60368B6FBF1F2B6FBF2F543F0A04306
:102130004D1B03600368DF01FCD5052A4FF0000C3E
:102140002AD96046831C0130B2FBF3F7192F07FB35
:1021500003F3F7D84FF00108B6FBF3F3CB1A002BCB
:10216000B8BF5B42AB420BDBA7F10C0318BF4FF0CB
:102170000008062B0AD8B8F1000F07D08446E1E723
:102180001D46A7F10C038446062BF4D9052FD9D898
:102190000CF10103B2FBF3F2B5F5967FA2F1050253
:1021A0004CDC142A4AD802EB42022F4F6E46DFF86D
:1021B000B08002F14003BEF1020F0DEB03050FCF1B
:1021C0000FC60FCF0FC60FCF0FC697E80F0007C679
:1021D00026F8023B4FEA1343337015F83F3C15F8DD
:1021E0003E2C4FEAC34315F8401C4FEA024203F469
:1021F000601301F0070102F4E02243EA020343EA1C
:10220000010343F4800343EA0C6343F48043C8F8BA
:102210000430D8F8043014BF23F0080343F0080357
:10222000C8F804303CB90E4A136823F08053136099
:102230001368DB01FCD410B0BDE8F081002CFAD1AA
:10224000074A136823F0805313601368D901FCD444
:1022500010B0BDE8F08100BF3C18500000C00F4036
:1022600000401D4040420F008002002000207047C7
:1022700000207047082070470020704700207047FA
:102280000820704710490B68486B0A68496B02F0D8
:102290007F02C1F3036101320431B2EB410F10D36D
:1022A00003F07F03C0F30360053B0130A3EB400361
:1022B000DBB2054A106800F07F000130C01AC0B2DE
:1022C00070470023F5E700BF00001D4010490B6870
:1022D000486B0A68496B02F07F02C1F30361013267
:1022E0000431B2EB410F10D303F07F03C0F303605E
:1022F000053B0130A3EB4003DBB2054A106800F058
:102300007F000130C01AC0B270470023F5E700BF5C
:1023100000401D402DE9F843866816F001084BD1B6
:10232000002E5DDD04464D1E2CE0A0F14103DBB222
:10233000052B49D837385FFA80F9791C204603F01D
:102340009BFFA0F13003DBB2092B0BD9A0F1610395
:10235000DBB2052B35D9A0F14103DBB2052B2BD81D
:102360003738C3B243EA09020F2A25D8023743EAB5
:10237000091308F10108BE4205F8013F18DDB8F164
:10238000810F15DC4FEA48072046394603F074FFF9
:10239000A0F130095FFA89F9B9F1090FCDD9A0F19F
:1023A0006103DBB2052BC0D857385FFA80F9C4E768
:1023B0004FEA48039E4201D04FF0FF384046BDE847
:1023C000F8835738C3B2CDE7791C204603F054FF99
:1023D000A0F13003DBB2092BEED94FF0FF09B5E7CE
:1023E0004346E7E7634A2DE9F0411468136804F0B7
:1023F000807443F0A04313601368DD01FCD51168BD
:102400000023DFF878C121F000515B4F594E116075
:10241000194653629362126803EB0C02DD19013313
:102420001201AD00D160DBB2916051601160296092
:10243000326802F07F0201329342EDD3B164316120
:10244000F26A336BF26233633368002849D1DFF8F4
:102450002C810546474E484F19E0336803F07F034F
:102460000133B0EB930F34BF4FF080634FF08C63B8
:102470001360736BC3F300439B070B603368013534
:1024800003F07F03EDB2013328469D421ED233682C
:1024900005EB0802E91903F07F03120189000133FB
:1024A000B0EB530FD9D34FF00063136033689A0039
:1024B00003D5FFF7E7FEA842E0D801231F2D03FA5A
:1024C00005F34CD8B26A1343B362D7E73CB9294A43
:1024D000136823F0805313601368DB01FCD4BDE85C
:1024E000F08143F000533360356815F000553ED05D
:1024F000FFF7C8FE3368054603F07F0301338342CC
:10250000E4D91E4F4FF00066DFF868800DE0D8F880
:1025100028201343C8F82830D8F80030013503F0DC
:102520007F03EDB201339D42D0D2EB191B011E6037
:10253000D8F80030990003D5FFF7A4FE8542EBD30D
:1025400001231F2D03FA05F3E1D9A5F12001012391
:10255000D8F824208B401343C8F82430DCE7A5F1D9
:1025600020010123726A8B401343736286E733684C
:10257000C7E700BF00001D402042071008D001043B
:10258000634A2DE9F0411468136804F0807443F045
:10259000A04313601368DD01FCD511680023DFF848
:1025A00078C121F000515B4F594E116019465362BA
:1025B0009362126803EB0C02DD1901331201AD00C6
:1025C000D160DBB29160516011602960326802F025
:1025D0007F0201329342EDD3B1643161F26A336B11
:1025E000F26233633368002849D1DFF82C81054655
:1025F000474E484F19E0336803F07F030133B0EBD7
:10260000930F34BF4FF080634FF08C631360736B94
:10261000C3F300439B070B603368013503F07F036E
:10262000EDB2013328469D421ED2336805EB080205
:10263000E91903F07F03120189000133B0EB530F56
:10264000D9D34FF00063136033689A0003D5FFF7C6
:102650003DFEA842E0D801231F2D03FA05F34CD814
:10266000B26A1343B362D7E73CB9294A136823F02F
:10267000805313601368DB01FCD4BDE8F08143F0A4
:1026800000533360356815F000553ED0FFF71EFE4D
:102690003368054603F07F0301338342E4D91E4FBC
:1026A0004FF00066DFF868800DE0D8F8282013436B
:1026B000C8F82830D8F80030013503F07F03EDB2B8
:1026C00001339D42D0D2EB191B011E60D8F80030B7
:1026D000990003D5FFF7FAFD8542EBD301231F2DA7
:1026E00003FA05F3E1D9A5F120010123D8F824204C
:1026F0008B401343C8F82430DCE7A5F12001012307
:10270000726A8B401343736286E73368C7E700BF82
:1027100000401D402052071008D4010470B5604BE2
:1027200082B06049002201930B6AC3F3012308338E
:102730006B4413F8043CC0E90122C0E90322002BDA
:1027400000F0858000F5005556492420564B0124A1
:10275000564A0226C5F80C091220C3F8D0208A6E0A
:10276000534B42F470328A6641F2B00185F8154944
:10277000504A514CC3F81C01C3F80C13E664C3F86B
:102780002001C3F81013136823F00043136013688B
:1027900043F0A04313601368DC01FCD5536845493E
:1027A00043F008035360136843F0804313600B68E1
:1027B000D802FCD40B683F4A43F000730B601368E7
:1027C0009901FCD43B4C2368DA01FCD52368002036
:1027D00043F400332360236843F480332360236889
:1027E00043F480532360236843F400532360236839
:1027F00043F480032360236843F4002323602368A9
:1028000023F408432360636B43F4E023636323688A
:1028100043F400132360236843F080632360FFF7D1
:10282000E1FD2368234A23F0805323601368DB0112
:10283000FCD4D5F80C290121204B03EB521302F0F4
:102840001F029B0001FA02F21A6002B070BD0B6A0F
:102850001B4A23F47F7343F480730B621368E3B164
:10286000144A00F500551C6818465268D5F810192E
:10287000C2F3C002636852009847124B18680028E0
:102880003FF462AF0B4A03685268D5F81019C2F3DF
:10289000C0025B685200984756E700F50055ECE728
:1028A0003C18500000C00F40000C00206D000000DC
:1028B00000801F4000001D4000841F404038003849
:1028C000BC620020C062002070B5604B82B06049DD
:1028D000002201930B6AC3F3012308336B4413F8FE
:1028E000043CC0E90122C0E90322002B00F08580EE
:1028F00000F5005556492520564B0224564A01261C
:10290000C5F80C091020C3F8D4208A6E534B42F44A
:1029100070128A6641F2B00185F81549504A514C4F
:10292000C3F8C400C3F8B4122665C3F8C800C3F8DE
:10293000B812136823F000431360136843F0A043F8
:1029400013601368DC01FCD55368454943F0080364
:102950005360136843F0804313600B68D802FCD4C3
:102960000B683F4A43F000730B6013689901FCD475
:102970003B4C2368DA01FCD52368002043F4003384
:102980002360236843F480332360236843F4805337
:102990002360236843F400532360236843F48003D7
:1029A0002360236843F400232360236823F408434F
:1029B0002360636B43F4E0236363236843F40013F1
:1029C0002360236843F080632360FFF7D9FD236809
:1029D000234A23F0805323601368DB01FCD4D5F82D
:1029E0000C290121204B03EB521302F01F029B0024
:1029F00001FA02F21A6002B070BD0B6A1B4A23F49E
:102A00007F7343F480730B621368E3B1144A00F5DB
:102A100000551C6818465268D5F81019C2F3C00258
:102A2000636852009847124B186800283FF462AF61
:102A30000B4A03685268D5F81019C2F3C0025B68EC
:102A40005200984756E700F50055ECE73C18500057
:102A500000C00F40000C00208100000000801F40DB
:102A600000401D4000841F4040380038BC620020F8
:102A7000C06200202DE9F843434D40F2EE28434C5C
:102A8000434FDFF828912E6805F07EF82378002B5D
:102A900065D03B78DB0762D52B68D9F800209B1AFC
:102AA0000E2B5CD93B483C4CFFF738FE00223B49DB
:102AB0003848FFF75FFA236843F0A0432360236898
:102AC000DD01FCD500202568FFF78CFCE26A236B52
:102AD000A800E2622363236823F07F032360236856
:102AE00043F00F03236047D42B4B1A6822F0805227
:102AF0001A601C6814F08074FBD10120284DFFF788
:102B000071FC2848FFF7E0FE224627492548FFF7D9
:102B1000EFFA2B6843F0A0432B602B68D901FCD55A
:102B200000202C68FFF72CFDEA6A2B6BEA62A200FA
:102B30002B632B6823F07F032B602B6843F00F037C
:102B40002B601DD4164A136823F08053136013685A
:102B5000DB01FCD40120BDE8F843FFF711BD2B6871
:102B600022789B1B2AB1B3F5FA6F9BD805F00CF8BD
:102B70008AE74345FAD995E70120FFF733FCB3E72D
:102B80000120FFF7FDFCDDE79C660020CA660020FF
:102B9000C96600208810002000001D4020A1070009
:102BA00000401D40A0390020A0860100AC66002036
:102BB00000F58053D3F8003EDB0069D5374B2DE993
:102BC000F04F5E6B4FF0000E41F6146941F604675A
:102BD000C6F3036641F60868F600083609E0136894
:102BE0005B0F052B34D00EF1010E5FFA8EF39E427F
:102BF00050D90EEB4E0500EBC50C0CF5F0521368E6
:102C00005B0F012B13680DD05B0F022BE7D15CF833
:102C100007308B42E7D85CF808308B42E3D30120C1
:102C2000BDE8F08F13F4607FDDD06D00002304E079
:102C30001468C4F3C21C6345D5D2013305EB030C01
:102C4000DBB20CF5F06C50F82C408C42F0D1E6E78A
:102C5000136813F4607FC6D0CC446D00012405E0F6
:102C60001368C3F3C21301339C42BCD22B19DCF8A6
:102C700000A0013403F5F0630AEA010AE4B250F857
:102C80002330DCF800B003EA0B039A45E8D1C6E72D
:102C9000012070470020BDE8F08F00BF00001D40FC
:102CA00001EB410170B500EBC10404F5045EDEF8F0
:102CB0000030DB0028D5DEF800305B0F012B0BD095
:102CC000DEF800305B0F022B42D0DEF800305B0FE5
:102CD000052B1BD0002070BDDEF8004014F4607F8F
:102CE000F8D000234D0005E0DEF80010C1F3C21C4F
:102CF0006345EFD2013305EB030CDBB20CF5046C3A
:102D000050F82C409442EFD1012070BDDEF8005005
:102D100015F4607FDED042F21415490001232544EA
:102D200007E0DEF80040C4F3C21C0CF1010C63455F
:102D3000D0D22C6804EA020CCC18013304F50464E8
:102D4000DBB250F824402E683440A445E9D1DBE7DB
:102D500042F20413E3589342BCD842F20813E058FD
:102D6000904234BF0020012070BD00BF00F58053A9
:102D7000D3F8003EDB0069D5374B2DE9F04F5E6B91
:102D80004FF0000E41F6146941F60467C6F303667E
:102D900041F60868F600083609E013685B0F052B5A
:102DA00034D00EF1010E5FFA8EF39E4250D90EEB35
:102DB0004E0500EBC50C0CF5F05213685B0F012BB0
:102DC00013680DD05B0F022BE7D15CF807308B4204
:102DD000E7D85CF808308B42E3D30120BDE8F08FE0
:102DE00013F4607FDDD06D00002304E01468C4F3A9
:102DF000C21C6345D5D2013305EB030CDBB20CF5E5
:102E0000F06C50F82C408C42F0D1E6E7136813F4D4
:102E1000607FC6D0CC446D00012405E01368C3F385
:102E2000C21301339C42BCD22B19DCF800A0013440
:102E300003F5F0630AEA010AE4B250F82330DCF843
:102E400000B003EA0B039A45E8D1C6E701207047BA
:102E50000020BDE8F08F00BF00401D4001EB4101A4
:102E600070B500EBC10404F5045EDEF80030DB0051
:102E700028D5DEF800305B0F012B0BD0DEF80030D8
:102E80005B0F022B42D0DEF800305B0F052B1BD00E
:102E9000002070BDDEF8004014F4607FF8D00023FD
:102EA0004D0005E0DEF80010C1F3C21C6345EFD20F
:102EB000013305EB030CDBB20CF5046C50F82C402D
:102EC0009442EFD1012070BDDEF8005015F4607F10
:102ED000DED042F2141549000123254407E0DEF854
:102EE0000040C4F3C21C0CF1010C6345D0D22C6825
:102EF00004EA020CCC18013304F50464DBB250F888
:102F000024402E683440A445E9D1DBE742F20413A3
:102F1000E3589342BCD842F20813E058904234BFC1
:102F20000020012070BD00BF1F2910B422D801234A
:102F300018488B400363184B4FF00064D0790B4462
:102F40001B011C60E8B1117A1068090520F060408F
:102F500041F4C0015860D0685DF8044B00BA986035
:102F6000106900BAD860D27A41EA024242F0406267
:102F70001A607047A1F1200401230648A340C362F0
:102F8000D9E714680548117A00EA844009055860B9
:102F9000E1E700BF00001D4008D001040000FC1F55
:102FA0001F2910B422D8012318488B400363184B03
:102FB0004FF00064D0790B441B011C60E8B1117A1A
:102FC0001068090520F0604041F4C0015860D068E5
:102FD0005DF8044B00BA9860106900BAD860D27AE4
:102FE00041EA024242F040621A607047A1F12004B7
:102FF00001230648A340C362D9E714680548117A43
:1030000000EA844009055860E1E700BF00401D4028
:1030100008D401040000FC1F0B78632B10B5044694
:1030200082B0104613D003F51C6304EB83035B6886
:1030300013B101929847019804F50054D4F804386C
:103040001BB102B0BDE81040184702B010BD04F536
:103050000054D4F80437002BF0D00192984701981F
:10306000ECE700BF2DE9F04300F500578FB00446B0
:1030700097F8003713B9012387F80037238B9BB2E9
:10308000002B57D1D7F80C2904F58056724B02F06B
:103090001F0103EB521301229B008A401A60B6F80D
:1030A0001E3B9BB283B3B6F81A3B1A2208AD0DF152
:1030B000080C03F00F03AE4602FB034341F6323225
:1030C00003EB02089858D8F80410D8F80820D8F86C
:1030D0000C300FC5D8F81000D8F8141003C5BEE89E
:1030E0000F00ACE80F009EE803008CE803009DF998
:1030F0001C104B1C54D0594B0B441B011B68C3F3D1
:103100000363082B00F08B80D7F80C29544B02F096
:103110001F0103EB521301229B008A4000211A6019
:10312000238BB6F81E0B9BB280B240EA03300FB07F
:10313000BDE8F083A68A1A23B4F814C008ADF6B22D
:103140000CF1010C03FB0646CCF3080CD6F81C016D
:10315000D6F82011D6F82831D6F824210FC5D6F894
:103160002C01D6F83011A4F814C0238B9BB203C5F0
:103170001BB1238B013B9BB2238308AD02AE0FCD65
:103180000FC695E8030002AA86E803009DF81C30EC
:103190000DF1070120468DF80730FFF73DFF71E77D
:1031A000DFF8C080D8F8005015F0005550D0FFF778
:1031B00069F8D8F80030054603F07F0301338342F5
:1031C000A2D9DFF89890DFF89C8008E0D8F80030AA
:1031D000013503F07F03EDB201339D4294D205EB3C
:1031E00009031B011B68C3F30363082BEED102AA7A
:1031F00029462046FFF798FEB6F81A3B013303F044
:103200001F03A6F81A3BB6F81E3B9BB2002BDDD07D
:10321000B6F81E3B013B9BB2A6F81E3BD6E702AABE
:10322000C9B22046FFF780FEB6F81A3B013303F01F
:103230001F03A6F81A3BB6F81E3B9BB2002B3FF4C7
:1032400063AFB6F81E3B013B9BB2A6F81E3B5BE7A3
:10325000D8F80030B5E700BF6038003808D0010466
:103260004038003800001D400B78632B10B5044631
:1032700082B0104613D003F51C6304EB83035B6834
:1032800013B101929847019804F50054D4F804381A
:103290001BB102B0BDE81040184702B010BD04F5E4
:1032A0000054D4F80437002BF0D0019298470198CD
:1032B000ECE700BF2DE9F04300F500578FB004465E
:1032C00097F8003713B9012387F80037238B9BB297
:1032D000002B57D1D7F80C2904F58056724B02F019
:1032E0001F0103EB521301229B008A401A60B6F8BB
:1032F0001E3B9BB283B3B6F81A3B1A2208AD0DF100
:10330000080C03F00F03AE4602FB034341F63232D2
:1033100003EB02089858D8F80410D8F80820D8F819
:103320000C300FC5D8F81000D8F8141003C5BEE84B
:103330000F00ACE80F009EE803008CE803009DF945
:103340001C104B1C54D0594B0B441B011B68C3F37E
:103350000363082B00F08B80D7F80C29544B02F044
:103360001F0103EB521301229B008A4000211A60C7
:10337000238BB6F81E0B9BB280B240EA03300FB02D
:10338000BDE8F083A68A1A23B4F814C008ADF6B2DB
:103390000CF1010C03FB0646CCF3080CD6F81C011B
:1033A000D6F82011D6F82831D6F824210FC5D6F842
:1033B0002C01D6F83011A4F814C0238B9BB203C59E
:1033C0001BB1238B013B9BB2238308AD02AE0FCD13
:1033D0000FC695E8030002AA86E803009DF81C309A
:1033E0000DF1070120468DF80730FFF73DFF71E72B
:1033F000DFF8C080D8F8005015F0005550D0FEF727
:1034000065FFD8F80030054603F07F03013383429F
:10341000A2D9DFF89890DFF89C8008E0D8F8003057
:10342000013503F07F03EDB201339D4294D205EBE9
:1034300009031B011B68C3F30363082BEED102AA27
:1034400029462046FFF7ACFDB6F81A3B013303F0DE
:103450001F03A6F81A3BB6F81E3B9BB2002BDDD02B
:10346000B6F81E3B013B9BB2A6F81E3BD6E702AA6C
:10347000C9B22046FFF794FDB6F81A3B013303F0BA
:103480001F03A6F81A3BB6F81E3B9BB2002B3FF475
:1034900063AFB6F81E3B013B9BB2A6F81E3B5BE751
:1034A000D8F80030B5E700BF6038003808D4010410
:1034B0004038003800401D4043884FF01A0C03F09C
:1034C0000F0310B50CFB03034FEA122E044683F8DA
:1034D00016E0438803F00F030CFB0303DA75408802
:1034E00000F00F000CFB0040183005F063FB628811
:1034F000238892B29BB283F010039A4204D12388AE
:10350000013303F01F0323806388013303F01F039B
:103510006380A3889BB20F2B03D8A38801339BB28F
:10352000A38010BD8B7DF0B50D468DB00446504E86
:10353000002B45D1336813F0005C25D0FEF7C6FEA2
:103540003368844603F07F03013383421ED949491F
:10355000474807E003685FFA82FC03F07F0301330A
:103560009C4513D20CEB01030CF101021B011B68FB
:10357000C3F30363082BEDD120462A466146FFF7CB
:103580000FFD01200DB0F0BD3368E0E7EE46384E88
:103590000FCDF446ACE80F0095E803008CE803007B
:1035A000306A10F0200045D104F58053B3F81E3B7B
:1035B0009BB2102BE6D0FF2306AD8DF814302AE025
:1035C000306810F0005038D0FEF780FE336803F00A
:1035D0007F030133984231D3274B4FF0FF3C1B68E8
:1035E000C3F30363082B3BD0EE46214F0FCD764645
:1035F0000FC695E8030086E80300386A10F0200043
:1036000018D104F58053B3F81E3B9BB2102BB9D0F0
:1036100006AD8DF814C0BEE80F000FC59EE803008C
:10362000182285E8030041F61A300DEB0201204410
:10363000FFF742FF01200DB0F0BD33680D490C4E7D
:1036400005E0336803F07F0301339842C4D2431886
:10365000421C84461B01D0B21A681201BFD4F0E7A5
:1036600020462A465FFA8CF1FFF79AFC012089E791
:1036700000401D4008D4010470401D408B7DF0B512
:103680000D468DB00446504E002B45D1336813F0E3
:10369000005C25D0FEF7F6FD3368844603F07F0317
:1036A000013383421ED94949474807E003685FFA5E
:1036B00082FC03F07F0301339C4513D20CEB010322
:1036C0000CF101021B011B68C3F30363082BEDD14E
:1036D00020462A466146FFF727FC01200DB0F0BDC9
:1036E0003368E0E7EE46384E0FCDF446ACE80F0005
:1036F00095E803008CE80300306A10F0200045D103
:1037000004F58053B3F81E3B9BB2102BE6D0FF2389
:1037100006AD8DF814302AE0306810F0005038D033
:10372000FEF7B0FD336803F07F030133984231D3D5
:10373000274B4FF0FF3C1B68C3F30363082B3BD0C0
:10374000EE46214F0FCD76460FC695E8030086E87A
:103750000300386A10F0200018D104F58053B3F844
:103760001E3B9BB2102BB9D006AD8DF814C0BEE83D
:103770000F000FC59EE80300182285E8030041F6FC
:103780001A300DEB02012044FFF796FE01200DB028
:10379000F0BD33680D490C4E05E0336803F07F033C
:1037A00001339842C4D24318421C84461B01D0B254
:1037B0001A681201BFD4F0E720462A465FFA8CF15E
:1037C000FFF7B2FB012089E700001D4008D001048B
:1037D00070001D4043884FF01A0CDBB210B50CFB93
:1037E00003034FEA122E044683F806E14388DBB256
:1037F0000CFB030383F807214088C0B20CFB004098
:1038000000F5847005F0D6F96288238892B29BB2E5
:1038100083F480739A4204D123880133C3F30803ED
:10382000238063880133C3F308036380A3889BB2BA
:10383000FF2B03D8A38801339BB2A38010BD00BF28
:103840002DE9F04F8C468DB00E4607466C46054676
:1038500000F110084FF00109DFF8A0A0BCE80F004C
:103860000FC49CE8030084E8030055F8044F5CB1E2
:103870009DF91420A36809FA02F1194223D02368A4
:10388000D3F800B0D34519D14545EED107F5005323
:1038900093F800373BB3306806AC7168B268F368E0
:1038A0000FC430691822716903C40DEB020107F1DE
:1038B0001400FFF78FFF0DB0BDE8F08F9DF81530B5
:1038C00069462046D847237C002BDDD02368D3F8F7
:1038D00000B09DF81530D345D6D020464FF0FF32CA
:1038E0006946D847D0E7337D324606A938468DF879
:1038F0001830FFF791FB0DB0BDE8F08F69000000B4
:1039000000F5005393F80137002B00F0DB80DFF85F
:103910006CC22DE9F04F0F4689B005460E4602AC49
:103920000FCF0FC497E8030084E80300DCF80030F1
:103930009B0052D5DCF8343000244FF06309C3F308
:10394000036A22464FEACA0A0AF1080A0CE05B0F32
:10395000022B3B6800F09A805B0F052B00F0DD80A6
:103960000134E2B2924538D996F91430632B34D041
:1039700004EB440805EBC80B0BF5F0573B6813F05C
:10398000604FEDD03B685B0F012B3B68DFD1C3F389
:103990000043F2799A42E3D13B6813F4607FDFD0B1
:1039A0004FEA480B002306E03A685FFA88F3C2F357
:1039B000C2129342D4D203F10108029A0BEB08031E
:1039C00003F5F06355F823309A42EDD102A9284659
:1039D0008DF81C90FFF734FFE6E70023674F8DF862
:1039E0000E303C6814F000543FD0FEF74BFC3B68AF
:1039F000044603F07F030133834233D942F20417B4
:103A000042F20818DFF8749196F91430A34220D0DE
:103A100004EB440105EBC10202F5045ADAF8003068
:103A200013F0604F15D0DAF80030F079C3F3C063BB
:103A300098420ED1DAF800305B0F012BDAF8003033
:103A400041D05B0F022B12D0DAF800305B0F052B50
:103A50005BD0D9F80030013403F07F03E4B20133C6
:103A60009C42D1D309B0BDE8F08F3B68C6E7D1597D
:103A7000029B8B42EDD352F808209342E9D802A969
:103A800028468DF81C40FFF7DBFEE2E7C3F3004356
:103A9000F2799A427FF464AF41F604635BF8032045
:103AA000029B9342FFF45CAF41F608625BF8022090
:103AB00093423FF655AF02A928468DF81C90FFF7B8
:103AC000BFFE4DE7704713F4607FC2D04A00002369
:103AD00007E0DAF800105FFA8BF3C1F3C2118B42F2
:103AE000B7D203F1010B029902EB0B0303F5046358
:103AF00055F823309942ECD102A9284600928DF85E
:103B00001C40FFF79DFE009AE3E7029A21462846F3
:103B1000FFF7C6F800289CD0B1E73B6813F4607F3C
:103B20003FF41EAF41F6146301275B440AE00BF536
:103B3000F05101370968FFB2C1F3C21101318F4260
:103B4000BFF40EAF07EB4801186801F5F06155F8B6
:103B500021E00299D3F800C008400EEA0C01884227
:103B6000E5D102A9284601938DF80E2000928DF828
:103B70001C90FFF765FEDDE90023D8E700001D403B
:103B8000254A38B5136813F0005343D0136805462F
:103B90000C4613F4004302D1926A92063AD41E4AAC
:103BA000136B13F0200335D0D2F88030C3F30341F8
:103BB000A380E172C3F30051D2F88420217203F490
:103BC000001122F06042DB0D002912BF012100210B
:103BD000920CE1711049226005F50052D1F888007D
:103BE00000BAE060D1F88C0000BA206192F8152983
:103BF000A3716323627523750B681B0401D4202312
:103C00000B6321462846FFF77BFE21682846FEF716
:103C1000CFFF38BD184638BD00001D407A4B2DE956
:103C2000F0471F6881468A4617F0005702D0FEF71A
:103C300029FB0746744C09F50056226896F814399A
:103C400002F07F020132934200F2D8800325DFF8B0
:103C5000BC8156E000295CD0B1FA81F2C2F1400289
:103C6000934253DB206810F0005001D0FEF70AFBAE
:103C7000013D86F8140915F0FF0500F0BF802368A8
:103C80009A0005D5874203D9781EC0B286F8140978
:103C9000236803F07F03013398420CD3206810F0AF
:103CA000005001D0FEF7EEFA013D86F8140915F038
:103CB000FF0500F0A380D4F824C0C0F12001A36A5E
:103CC000A0F120020CFA01F1C3402CFA02F20B43DE
:103CD0001343DB070BD400EB08031B011A68110127
:103CE00005D4110E01F00B0CBCF1020F15D0013000
:103CF000C3B286F81439226802F07F02013293427F
:103D00007CD8E16A226B52EA0100A3D196F814092B
:103D1000B5E7B2FA82F22032A0E702F4001001F017
:103D20000F010028C2F300508AF8080014BF0120D8
:103D300000208AF80700586820F0604008BF800C17
:103D40000629CAF8000002D101218AF80910C2F33D
:103D500003418AF80B1096F81419481C86F81409C8
:103D60008AF81410AAF8042096F815299AF8071072
:103D70008AF815209A6800298AF80F2018BF4FF09A
:103D80008C619A6808BF4FF08061120A8AF80E2091
:103D90009A68120C8AF80D209A68120E8AF80C2084
:103DA000DA688AF81320DA68120A8AF81220DA68C8
:103DB000120C8AF81120DA68120E8AF810201960A5
:103DC0009AF81430A2681F2B12D8012202FA03F3CA
:103DD000236351464846FFF793FDDAF800209AF82E
:103DE00014104846FEF75CFF58B996F814097EE7B0
:103DF000203B012202FA03F3E362EAE70020BDE878
:103E0000F0870120FBE700BF00001D4008D001043F
:103E100038B504460D460020022102F0F5F870B9CD
:103E2000094B1A6891000AD59A6A920607D41B6B4F
:103E30009B0604D529462046FFF7A2FE38BD294639
:103E40002046FFF7EBFE38BD00001D402DE9F0478E
:103E50001E4E86B03568336805F2DC55EB1A002B30
:103E60001FDD07468A469146DFF86880184CEC460D
:103E70000FCCACE80F0094E803008CE8030069461F
:103E80004046FFF7C5FF98B1009BBB4210D19DF89B
:103E90000C000309032B0BD110F00F000DD00128EB
:103EA00003D0022006B0BDE8F087356805F2DC5586
:103EB0003368EB1A002BD9DCF3E79DF80D209DF851
:103EC0000E308AF8002089F80030EBE79C6600206D
:103ED000C0020020881000202DE9F04FD1B0DFF89B
:103EE00050C386461E4610AC17464FF00008072EFA
:103EF0002546CDE90110BCE80F000FC59CE8030082
:103F000085E80300C4F800E0CDE9138800F2BF8023
:103F100026732EB1324639460DF14D0002F0F6FB04
:103F20002146BB48FFF7AAFB002800F0CC80B94F20
:103F30003B6803F2DC5A3B68AAEB0303002B40F317
:103F40004281002304ADDFF8C8821E469946DDF8A1
:103F500004B003930AE0012B4CD0022B00F0BD808B
:103F60003B68AAEB0303002B40F38480DFF8C0E238
:103F7000AC46BEE80F00ACE80F009EE803008CE8FA
:103F8000030029464046FFF743FF0028E8D02B688E
:103F90009B45E5D12A7B1309DDD19246002A00F02A
:103FA00023810DF11D012046019202F0AFFB019A21
:103FB000032A40F0198123787F2B02D1A378782B34
:103FC0004FD0032194488A4603F060FD0025934FAB
:103FD00007E0002310223146384602F001F8AA45D6
:103FE00075DD14F8016B01350F2EF2D8302003F087
:103FF00037FDEEE712026E7B02F4706246EA0209B8
:10400000164312D00DF11D01224611F8010F052BA8
:104010009EB203F1010302F8010BCCBF0020012086
:10402000B14598BF00200028EFD10123DFF800E25E
:104030000DF1280C4FF0000A0393BEE80F00ACE826
:104040000F009EE803004FF030038CE80300CDE939
:104050000DAA8DF834300AA9029B40460A93FFF757
:104060000DFB3B6803F2DC5A3B68AAEB0303002B11
:104070003FF77CAF002E00F0A680039B002B00F0E2
:10408000A28003216448B24603F000FD9EE7C6F318
:104090000323667321465E4843F0100323733B6895
:1040A000CDF84E30BB88ADF85230FFF7E7FA50B18B
:1040B00004AD0AAA019829468DF810808DF8288051
:1040C000FFF7C4FE20B32421554803F0DFFC53481A
:1040D00051B0BDE8F04F01F075BF4E4580F0AC80A7
:1040E000FF2EBED807AAA1191346013612F8010FF8
:1040F0000B3BB6B201F8010B5B1B062B6DDC4E458A
:104100006BD2B6F5807FEFD13B6803F2DC5AABE7A8
:104110000623039580464FF00109DFF8F4A01D4601
:10412000DFF810B10022AE42CDE9132249F020029F
:1041300022737FF6F5AE13A9A1F10B037A5D681C1B
:104140001B1B01F8012F85B2062B01DCAE42F3D810
:1041500021465046FFF792FA0028B4D0AE427FF6CF
:10416000E6AE9DF82800D8B1030629D500F10F026C
:10417000D2B2082A23D82B4AA0F1F0012A4BDBF84F
:1041800004001268A3FB02C24FF0640C920C0CFBFB
:1041900001F102FB01F1DBF804301B1A9942FAD855
:1041A000039B08F101081A785FFA88F8013AD2B245
:1041B000904522D809F1010909F00F09B2E7012061
:1041C00002F048FAECE70B21184803F05FFC1348B3
:1041D00051B0BDE8F04F01F0F5BE3B684E4503F22B
:1041E000DC5AFFF4BDAEB24603210B4803F04EFC8F
:1041F000BAF1000F3FF46BAFE8E60AAA194601983E
:10420000FFF724FE00287FF45EAF8046D2E700BFB0
:10421000881000209C660020F80300202007002062
:10422000C40300201C07002083DE1B43EC03002096
:10423000C0020020001000E03B68B246D4E700BF97
:104240002DE9F04F8C468DB00E4607466C4605466C
:1042500000F110084FF00109DFF8A0A0BCE80F0042
:104260000FC49CE8030084E8030055F8044F5CB1D8
:104270009DF91420A36809FA02F1194223D023689A
:10428000D3F800B0D34519D14545EED107F5005319
:1042900093F800373BB3306806AC7168B268F368D6
:1042A0000FC430691822716903C40DEB020107F1D4
:1042B0001400FFF78FFA0DB0BDE8F08F9DF81530B0
:1042C00069462046D847237C002BDDD02368D3F8ED
:1042D00000B09DF81530D345D6D020464FF0FF32C0
:1042E0006946D847D0E7337D324606A938468DF86F
:1042F0001830FEF7B9FF0DB0BDE8F08F690000007F
:1043000000F5005393F80137002B00F0DB80DFF855
:104310006CC22DE9F04F0F4689B005460E4602AC3F
:104320000FCF0FC497E8030084E80300DCF80030E7
:104330009B0052D5DCF8343000244FF06309C3F3FE
:10434000036A22464FEACA0A0AF1080A0CE05B0F28
:10435000022B3B6800F09A805B0F052B00F0DD809C
:104360000134E2B2924538D996F91430632B34D037
:1043700004EB440805EBC80B0BF5F0573B6813F052
:10438000604FEDD03B685B0F012B3B68DFD1C3F37F
:104390000043F2799A42E3D13B6813F4607FDFD0A7
:1043A0004FEA480B002306E03A685FFA88F3C2F34D
:1043B000C2129342D4D203F10108029A0BEB080314
:1043C00003F5F06355F823309A42EDD102A928464F
:1043D0008DF81C90FFF734FFE6E70023674F8DF858
:1043E0000E303C6814F000543FD0FDF76FFF3B687F
:1043F000044603F07F030133834233D942F20417AA
:1044000042F20818DFF8749196F91430A34220D0D4
:1044100004EB440105EBC10202F5045ADAF800305E
:1044200013F0604F15D0DAF80030F079C3F3C063B1
:1044300098420ED1DAF800305B0F012BDAF8003029
:1044400041D05B0F022B12D0DAF800305B0F052B46
:104450005BD0D9F80030013403F07F03E4B20133BC
:104460009C42D1D309B0BDE8F08F3B68C6E7D15973
:10447000029B8B42EDD352F808209342E9D802A95F
:1044800028468DF81C40FFF7DBFEE2E7C3F300434C
:10449000F2799A427FF464AF41F604635BF803203B
:1044A000029B9342FFF45CAF41F608625BF8022086
:1044B00093423FF655AF02A928468DF81C90FFF7AE
:1044C000BFFE4DE7704713F4607FC2D04A0000235F
:1044D00007E0DAF800105FFA8BF3C1F3C2118B42E8
:1044E000B7D203F1010B029902EB0B0303F504634E
:1044F00055F823309942ECD102A9284600928DF854
:104500001C40FFF79DFE009AE3E7029A21462846E9
:10451000FEF7A4FC00289CD0B1E73B6813F4607F51
:104520003FF41EAF41F6146301275B440AE00BF52C
:10453000F05101370968FFB2C1F3C21101318F4256
:10454000BFF40EAF07EB4801186801F5F06155F8AC
:1045500021E00299D3F800C008400EEA0C0188421D
:10456000E5D102A9284601938DF80E2000928DF81E
:104570001C90FFF765FEDDE90023D8E700401D40F1
:10458000254A38B5136813F0005343D01368054625
:104590000C4613F4004302D1926A92063AD41E4AA2
:1045A000136B13F0200335D0D2F88030C3F30341EE
:1045B000A380E172C3F30051D2F88420217203F486
:1045C000001122F06042DB0D002912BF0121002101
:1045D000920CE1711049226005F50052D1F8880073
:1045E00000BAE060D1F88C0000BA206192F8152979
:1045F000A3716323627523750B681B0401D4202308
:104600000B6321462846FFF77BFE21682846FEF70C
:10461000ADFB38BD184638BD00401D407A4B2DE932
:10462000F0471F6881468A4617F0005702D0FDF711
:104630004DFE0746744C09F50056226896F8143969
:1046400002F07F020132934200F2D8800325DFF8A6
:10465000BC8156E000295CD0B1FA81F2C2F140027F
:10466000934253DB206810F0005001D0FDF72EFE7E
:10467000013D86F8140915F0FF0500F0BF8023689E
:104680009A0005D5874203D9781EC0B286F814096E
:10469000236803F07F03013398420CD3206810F0A5
:1046A000005001D0FDF712FE013D86F8140915F007
:1046B000FF0500F0A380D4F824C0C0F12001A36A54
:1046C000A0F120020CFA01F1C3402CFA02F20B43D4
:1046D0001343DB070BD400EB08031B011A6811011D
:1046E00005D4110E01F00B0CBCF1020F15D00130F6
:1046F000C3B286F81439226802F07F020132934275
:104700007CD8E16A226B52EA0100A3D196F8140921
:10471000B5E7B2FA82F22032A0E702F4001001F00D
:104720000F010028C2F300508AF8080014BF0120CE
:1047300000208AF80700586820F0604008BF800C0D
:104740000629CAF8000002D101218AF80910C2F333
:1047500003418AF80B1096F81419481C86F81409BE
:104760008AF81410AAF8042096F815299AF8071068
:104770008AF815209A6800298AF80F2018BF4FF090
:104780008C619A6808BF4FF08061120A8AF80E2087
:104790009A68120C8AF80D209A68120E8AF80C207A
:1047A000DA688AF81320DA68120A8AF81220DA68BE
:1047B000120C8AF81120DA68120E8AF8102019609B
:1047C0009AF81430A2681F2B12D8012202FA03F3C0
:1047D000236351464846FFF793FDDAF800209AF824
:1047E00014104846FEF73AFB58B996F814097EE7CC
:1047F000203B012202FA03F3E362EAE70020BDE86E
:10480000F0870120FBE700BF00401D4008D40104F1
:1048100038B504460D460020022101F0F5FB70B9C1
:10482000094B1A6891000AD59A6A920607D41B6B45
:104830009B0604D529462046FFF7A2FE38BD29462F
:104840002046FFF7EBFE38BD00401D402DE9F04744
:104850001E4E86B03568336805F2DC55EB1A002B26
:104860001FDD07468A469146DFF86880184CEC4603
:104870000FCCACE80F0094E803008CE80300694615
:104880004046FFF7C5FF98B1009BBB4210D19DF891
:104890000C000309032B0BD110F00F000DD00128E1
:1048A00003D0022006B0BDE8F087356805F2DC557C
:1048B0003368EB1A002BD9DCF3E79DF80D209DF847
:1048C0000E308AF8002089F80030EBE79C66002063
:1048D000C0020020A03900202DE9F04F0646ADF5BA
:1048E000097D01F00DFDB368002B7FD015AC0DF1F3
:1048F0009C0B254628460C35002101F0B9FBAB4541
:10490000F8D1B368002BC0F25A8100252F46A84683
:104910000BE001F0B1FC3A2805F1010109D0052FA7
:10492000B3680D461DDC8B421BDB9D422946304699
:10493000EFD12B464246314648A801F0A7FC05F1CD
:10494000010807EB470048A9013704EB800001F09C
:1049500005FC48A801F0C6FB4146052FB3680D468B
:10496000E1DD214606A801F0A1FB06A801F0B8FC94
:10497000A64906A801F06AFC38BBA54906A801F0C3
:1049800065FC0646002840F0F680A24906A801F022
:104990005DFC78B3012F40F30A8118A801F0DCFC1C
:1049A000022F054603D01BA801F0D6FC0646012DB8
:1049B00000F0D381022D00F04D810D21964803F0C7
:1049C00065F8964801F0FEFA06E00421944803F0E9
:1049D0005DF8924801F0F6FA06A801F083FBABF10E
:1049E0000C0B584601F07EFBA345F8D10DF5097D6F
:1049F000BDE8F08F8B4906A801F028FC002800F0E4
:104A0000E080042F40F3158218A801F0A5FCA369EB
:104A10000546002B00F0158218461022002104F0F4
:104A2000A3F80190606A002800F00D821022002196
:104A300004F09AF85946814621A8FDF76BFC061E42
:104A400040F3EF81012D00F00082022DB5D10DF56C
:104A5000907ADFF8FCE1B5B20027D446072DBEE816
:104A60000F00ACE80F009EE80300019B8CE80300F8
:104A7000CAF80030CDE94B7700F248828AF80C6022
:104A80002DB1B2B259460DF22D1001F03FFE514644
:104A90006548FEF747FD002800F0D582634A136899
:104AA000009203F2DC581368A8EB0303002B40F3D9
:104AB000D682002309AE5C4F1D460493CDE90293D4
:104AC000DDF800900CE0012900F0C681022900F019
:104AD000A082D9F80030A8EB0303002B40F3C78273
:104AE000DFF86CE1B446BEE80F00ACE80F009EE8CA
:104AF00003008CE8030031463846FFF789FE0028A2
:104B0000E7D03368029A9A42E3D1327B1109DAD1B5
:104B10009046002A00F0C2820DF131015046059204
:104B200001F0F4FD059A032A40F0B8829AF80030AB
:104B30007F2B04D19AF80230782B00F0C8814FF017
:104B4000030803213A4802F0A1FF0025DFF8CC90CA
:104B500008E0002331461022484601F041FAA845FA
:104B60007FF72FAF1AF8016B01350F2EF1D83020E7
:104B700002F076FFEDE709212E4802F087FF0921B8
:104B80002D4802F083FF06212C4802F07FFF2C49BC
:104B9000224801F00BFA06212A4802F077FF2A4941
:104BA0001E4801F003FA1D4801F00CFA14E7192120
:104BB000264802F06BFF194801F004FA0CE70027C1
:104BC000CFE6032F40F0B7802068002800F08481F2
:104BD0001022002103F0C8FFE3680546002B00F017
:104BE0007D8118461022002103F0BEFF48A9064629
:104BF0001BA8FDF78FFB031E40F313819BB248AA4D
:104C000031462846FFF768F9E6E600BFD8020020E3
:104C1000E80200201803002048030020200700209D
:104C2000E002002058030020A03900209C660020EC
:104C3000F8030020F0020020FC02002008030020FE
:104C400020A1070010030020A086010020030020FF
:104C5000C0020020A24B0022DFF8A892D3F800A0E7
:104C6000DFF88C8200930192002E44D0009B1B68D9
:104C7000AAEB03033344002B48DD9A4F48AD0FCF16
:104C80000FC597E8030085E8030048A94846FFF7E9
:104C9000BFFD0028E8D00321934802F0F7FE009BF7
:104CA0000A22404619680023A1EB0A0101F098F995
:104CB0003A2002F0D5FE002310224899404601F028
:104CC0008FF93A2002F0CCFE9DF82B7167B30DF2FC
:104CD0002B152F4406E000231022404601F080F9F6
:104CE000BD4221D015F8011F0F29F4D8302002F061
:104CF000B7FE2978EFE702F05FFE0028BDD001E0A3
:104D000002F09EFE02F058FE0028F9D105217748F6
:104D100002F0BCFE002301990A22754801F060F9F7
:104D2000734801F04FF957E6019B40460133019368
:104D300001F048F998E72B216E4802F0A7FE6C4875
:104D400001F040F906A801F0CDF9ABF10C0B584683
:104D500001F0C8F9A345F8D148E6614B0022DFF81D
:104D6000A891D3F800A0DFF8888100930192002E6B
:104D700044D0009B1B68AAEB03033344002BC5DD22
:104D8000584F48AD0FCF0FC597E8030085E80300E3
:104D900048A94846FFF73CF80028E8D003215248CC
:104DA00002F074FE009B0A22404619680023A1EB22
:104DB0000A0101F015F93A2002F052FE00231022F8
:104DC0004899404601F00CF93A2002F049FE9DF85E
:104DD0002B71FFB10DF22B152F4406E0002310229A
:104DE000404601F0FDF8AF4214D015F8011F0F291D
:104DF000F4D8302002F034FE2978EFE702F0DCFD31
:104E00000028BDD001E002F01BFE02F0D5FD002815
:104E1000F9D17BE7019B40460133019301F0D2F8C1
:104E2000A5E71821344802F031FE314801F0CAF8F4
:104E3000D2E51E21314802F029FE2D4801F0C2F8CA
:104E4000CAE52F4BE8E52E48F0E5B3B24946019894
:104E50005A46FFF741F8BFE51302727B03F4706313
:104E600042EA03001A43039000F02B810B4652469E
:104E70000DF13101844611F8010F052B9DB203F1AC
:104E8000010302F8010BCCBF00200120654528BFBB
:104E900000200028EFD10123DFF848E00DF13C0CA1
:104EA0004FF000080493BEE80F00ACE80F009EE846
:104EB00003004FF030038CE80300CDE912888DF831
:104EC00048300FA9019B38460F93FEF72BFBD9F80A
:104ED000003003F2DC58FCE5094879E6084B80E62F
:104EE0009C660020C00200203C03002040030020FC
:104EF00020070020980300207C0300205C03002092
:104F0000F4050020A039002088100020C5F30323F9
:104F1000DBF800008AF80D60514643F010038AF870
:104F20000C30BBF80430CDF82E016748ADF83231B3
:104F3000FEF7F8FA002800F0868009AE0FAA48466E
:104F4000377031468DF83C70FFF780FC00287AD12D
:104F500006232F46CDF800904FF0010881461D46EC
:104F60000023AF42CDE94B3348F020038AF80C30E0
:104F70004CD94BA901E0AF420BD90B461BF80520D9
:104F8000681C0B3B01F8012F85B2A3EB0A03062B2B
:104F9000F1DD51464C48FEF7C5FA002853D0AF4228
:104FA00002D8DDF8009079E59DF83C0000B30306D7
:104FB00052D500F10F03DBB2082B4CD8434AA0F1C5
:104FC000F0034349506802F1C642096802F5DE1257
:104FD00002F68362A2FB01C14FF0640C890C0CFB4A
:104FE00003F301FB03F3394A5268121A9342FAD8C9
:104FF000337809F10102013B5FFA82F9DBB299458E
:1050000040D808F1010808F00F08A9E7DDF8009082
:105010003DE50398A8423ED9FF2D3FF658AF0CAAB4
:105020000AEB0501A2F10B03013512F801CF9B1B1E
:10503000ADB201F801CB062B39DCA84237D9B5F562
:10504000807FEFD143E72421224802F01FFD224850
:1050500000F0B8FFC0E4012001F0FCFAC8E70B2122
:105060001E4802F013FD1C4800F0ACFFB4E4002D14
:10507000F5D0049B002BF2D003211948A84602F07A
:1050800005FD62E50FAA31460098FFF7DFFB002817
:10509000D9D18146B5E7009BA8461B68032110487B
:1050A00002F0F4FCB8F1000F3FF48BAC4DE5D9F8F9
:1050B000003003F2DC58039BAB423FF60AADA84632
:1050C000ECE71546E7E600BFA0390020001000E03D
:1050D0001C070020C403002020070020EC03002050
:1050E000F803002030B5154C85B0154D02F064FC76
:1050F00088B102F0A5FCA368C1B20A290DD00D2920
:105100000BD0B3F5967FF1D2204601F08FF802F074
:1051100053FC0028EDD105B030BD002BE6D0214670
:1051200001A800F0C3FF01A8FFF7D6FB01A800F01B
:10513000D9FF2946204601F027F8D7E72866002046
:10514000E803002083889BB20F2B03D883880133A8
:105150009BB283804288B0F802C0038802F00F023D
:105160001FFA8CFC9BB2023283F0100340F822102D
:105170009C4504D10388013303F01F030380438857
:10518000013303F01F034380704700BF83889BB245
:105190000F2B03D8838801339BB283804288B0F8F9
:1051A00002C0038802F00F021FFA8CFC9BB200EBD6
:1051B000420283F01003D1809C4504D1038801335F
:1051C00003F01F0303804388013303F01F03438070
:1051D000704700BF2DE9F04F934D9BB0934F08AC43
:1051E00005900FCD0FC495E8030084E803007E6AA4
:1051F000B96AD7F82C90386B3B68039113F40043DD
:10520000049003D13A68950000F11881049B43F0A3
:105210000103B9F1000F00F00281B9FA89F3834D5F
:10522000C3F140032C68DFB214F00054029700F081
:105230009E82FDF74BF82B68044603F07F03013391
:10524000834240F2C280874240F2BF80059B671CC8
:10525000DFF8D8B103F50053FDB2019706931AE0C9
:10526000042A00F05881082A00F0E281DBF80030BF
:105270009DF8044003F07F03029A0133A24288BFE5
:10528000AB4205F1010594BF01230023002B40F040
:105290009C80631C0193C4F12002039BA4F1200AAB
:1052A00006FA02F1E3400B4326FA0AF10B43DF074B
:1052B000DCD5049B09FA02F2E340134329FA0AF20F
:1052C0001343D807D2D5DFF87081A0444FEA0818FD
:1052D000D8F80030190EC3F3036201F00B01022964
:1052E000BED1D8F8041003F4001021F0604100286A
:1052F00012BF4FF0010C4FF0000C890C062A8DF8FC
:1053000027C0089102D101228DF82920ADF8243060
:10531000C3F303438DF8344000288DF82B30069BEF
:1053200093F815398DF83530D8F808308DF82F30CE
:10533000D8F808304FEA13238DF82E30D8F808300B
:105340004FEA13438DF82D30D8F808304FEA136335
:105350008DF82C30D8F80C308DF83330D8F80C306C
:105360004FEA13238DF83230D8F80C304FEA13434C
:105370008DF83130D8F80C304FEA13638DF83030A7
:1053800014BF4FF08C634FF080631F2CC8F80030BF
:10539000DBF808304FF0010331D8A34021460598CF
:1053A000CBF83030089AFDF759FD002832D108A912
:1053B0000598FEF7A5FF08A8AFF3008008A8AFF393
:1053C000008008A8AFF3008050E7184E184D346AEB
:1053D0002A68184B6240134043B1059B03F5805384
:1053E000B3F8D43C9BB20F2B40F2DB810F4A136A17
:1053F00023431362BFF34F8F1BB0BDE8F08F03FA56
:105400000AF321460598CBF82C30089AFDF726FDC3
:105410000028CCD008A90598FEF712FFC7E7B3FA19
:1054200083F32033FBE600BFC002002000401D4094
:10543000F8620020BFFF070008D401048C067FF546
:10544000E5AE81067FF5E2AED7F88020C94C02F4C4
:105450000011C2F30050ADF824200029C2F303412B
:105460004FEAD2528DF82B10D7F884108DF828000F
:1054700018BF012021F0604108BF00208DF82620D0
:105480004FF0000208BF890C8DF827000CA8089186
:10549000D4F88810D1400832202A00F8011DF7D135
:1054A0000DA9B448D0F88C20DA400833202B01F83D
:1054B000012DF7D1059A02F5005292F815298DF8C1
:1054C000352063228DF8342082680363049B5A06DA
:1054D00001D540230363049B1B0602D5A54B802204
:1054E0001A63059C08A92046FEF70AFF08A8AFF337
:1054F000008008A8AFF3008008A8AFF300800899E7
:105500002046FDF733FC00283FF480AE08A905983B
:10551000FEF796FE7AE603F40012002AD8F804207B
:10552000ADF82430C3F303438DF8344022F06042D9
:105530008DF82B3018BF0121069B04BF920C00216F
:1055400093F8153908928DF83530D8F80830059A57
:105550008DF82F30D8F808308DF827101B0A8DF8F9
:105560002E30D8F808301B0C8DF82D30D8F80830C4
:105570001B0E8DF82C30D8F80C308DF83330D8F85D
:105580000C301B0A8DF83230D8F80C301B0C8DF81B
:10559000313004F6022352F82330D8F80C20120ED2
:1055A0008DF830200BB108A89847069BD3F808392E
:1055B0000BB108A89847059901F58052B2F81E3B37
:1055C00017469BB2002B00F0D780B2F81A3B1A2284
:1055D0000DF1500C03F00F03E04602FB031341F6FC
:1055E00032320EA903EB020A98588E460791DAF878
:1055F0000820DAF80410DAF80C30ACE80F00DAF81A
:105600001000DAF81410ACE80300B8E80F00AEE8B8
:105610000F0098E803008EE803009DF94C30591CF8
:1056200000F0D8809C427FF421AE079AE1B2D3E02B
:1056300003F40012002AD8F80420ADF82430C3F394
:1056400003438DF8344022F060428DF82B3018BFB0
:105650000121069B04BF920C002193F81539089292
:105660008DF83530D8F80830059A8DF82F30D8F8F5
:1056700008308DF827101B0A8DF82E30D8F8083026
:105680001B0C8DF82D30D8F808301B0E8DF82C30FF
:10569000D8F80C308DF83330D8F80C301B0A8DF860
:1056A0003230D8F80C301B0C8DF83130D8F80C3073
:1056B0001B0E8DF8303004F6022352F823300BB164
:1056C00008A89847069BD3F808390BB108A8984753
:1056D000059901F58058B8F81E3B9BB2002B58D0B5
:1056E000B8F81A3B1A220DF1500C03F00F0367466D
:1056F00002FB031341F632320EA903EB020A98585B
:105700008E460791DAF80820DAF80410DAF80C303F
:10571000ACE80F00DAF81000DAF81410ACE8030077
:105720000FCFAEE80F0097E803008EE803009DF965
:105730004C305A1C67D09C427FF498AD079AE1B276
:105740000598FDF72DFCB8F81A3B013303F01F0351
:10575000A8F81A3BB8F81E3B9BB2002B3FF486AD6D
:10576000B8F81E3B013B9BB2A8F81E3B7EE52B68B8
:105770006CE500BF00401D401F2C4FF0010320D9F5
:1057800003FA0AF3CBF82C304FF00063C8F800306E
:105790006CE51F2C4FF0010317D8A340CBF8303035
:1057A00064E5059F41F6D04021463844FFF7CAFC26
:1057B000F16941F6985089B23844FFF7E7FC2C6054
:1057C00014E6A340CBF83030DEE703FA0AF3CBF857
:1057D0002C304BE5079A21460598FDF7E1FBB7F819
:1057E0001A3B013303F01F03A7F81A3BB7F81E3B1F
:1057F0009BB2002B3FF43AADB7F81E3B013B9BB286
:10580000A7F81E3B32E5079A214699E72DE9F04FAC
:10581000934D9BB0934F08AC05900FCD0FC495E806
:10582000030084E803007E6AB96AD7F82C90386BCD
:105830003B68039113F40043049003D13A68950048
:1058400000F11881049B43F00103B9F1000F00F04F
:105850000281B9FA89F3834DC3F140032C68DFB2AA
:1058600014F00054029700F09E82FCF70BFD2B68A9
:10587000044603F07F030133834240F2C280874233
:1058800040F2BF80059B671CDFF8D8B103F50053D9
:10589000FDB2019706931AE0042A00F05881082A05
:1058A00000F0E281DBF800309DF8044003F07F0354
:1058B000029A0133A24288BFAB4205F1010594BFB1
:1058C00001230023002B40F09C80631C0193C4F152
:1058D0002002039BA4F1200A06FA02F1E3400B43E5
:1058E00026FA0AF10B43DF07DCD5049B09FA02F222
:1058F000E340134329FA0AF21343D807D2D5DFF85D
:105900007081A0444FEA0818D8F80030190EC3F38C
:10591000036201F00B010229BED1D8F8041003F490
:10592000001021F06041002812BF4FF0010C4FF031
:10593000000C890C062A8DF827C0089102D101229B
:105940008DF82920ADF82430C3F303438DF834409B
:1059500000288DF82B30069B93F815398DF83530DB
:10596000D8F808308DF82F30D8F808304FEA1323D4
:105970008DF82E30D8F808304FEA13438DF82D30CB
:10598000D8F808304FEA13638DF82C30D8F80C3073
:105990008DF83330D8F80C304FEA13238DF83230BD
:1059A000D8F80C304FEA13438DF83130D8F80C306A
:1059B0004FEA13638DF8303014BF4FF08C634FF013
:1059C00080631F2CC8F80030DBF808304FF001036B
:1059D00031D8A34021460598CBF83030089AFDF71E
:1059E0005FF9002832D108A90598FDF789FF08A8BA
:1059F000AFF3008008A8AFF3008008A8AFF30080E1
:105A000050E7184E184D346A2A68184B624013400C
:105A100043B1059B03F58053B3F8D43C9BB20F2BE5
:105A200040F2DB810F4A136A23431362BFF34F8FA7
:105A30001BB0BDE8F08F03FA0AF321460598CBF8B6
:105A40002C30089AFDF72CF90028CCD008A905982D
:105A5000FDF7F6FEC7E7B3FA83F32033FBE600BF9A
:105A6000C002002000001D40F4620020BFFF0700BC
:105A700008D001048C067FF5E5AE81067FF5E2AE25
:105A8000D7F88020C94C02F40011C2F30050ADF8E1
:105A900024200029C2F303414FEAD2528DF82B1083
:105AA000D7F884108DF8280018BF012021F060413C
:105AB00008BF00208DF826204FF0000208BF890C97
:105AC0008DF827000CA80891D4F88810D14008322E
:105AD000202A00F8011DF7D10DA9B448D0F88C2078
:105AE000DA400833202B01F8012DF7D1059A02F591
:105AF000005292F815298DF8352063228DF8342054
:105B000082680363049B5A0601D540230363049B08
:105B10001B0602D5A54B80221A63059C08A92046C6
:105B2000FDF7EEFE08A8AFF3008008A8AFF30080F1
:105B300008A8AFF3008008992046FDF739F800283F
:105B40003FF480AE08A90598FDF77AFE7AE603F4E3
:105B50000012002AD8F80420ADF82430C3F3034320
:105B60008DF8344022F060428DF82B3018BF0121AF
:105B7000069B04BF920C002193F8153908928DF80A
:105B80003530D8F80830059A8DF82F30D8F808301D
:105B90008DF827101B0A8DF82E30D8F808301B0C12
:105BA0008DF82D30D8F808301B0E8DF82C30D8F831
:105BB0000C308DF83330D8F80C301B0A8DF83230A9
:105BC000D8F80C301B0C8DF8313004F6022352F853
:105BD0002330D8F80C20120E8DF830200BB108A815
:105BE0009847069BD3F808390BB108A89847059940
:105BF00001F58052B2F81E3B17469BB2002B00F015
:105C0000D780B2F81A3B1A220DF1500C03F00F03A3
:105C1000E04602FB031341F632320EA903EB020AFF
:105C200098588E460791DAF80820DAF80410DAF866
:105C30000C30ACE80F00DAF81000DAF81410ACE819
:105C40000300B8E80F00AEE80F0098E803008EE804
:105C500003009DF94C30591C00F0D8809C427FF421
:105C600021AE079AE1B2D3E003F40012002AD8F87B
:105C70000420ADF82430C3F303438DF8344022F000
:105C800060428DF82B3018BF0121069B04BF920C97
:105C9000002193F8153908928DF83530D8F808307E
:105CA000059A8DF82F30D8F808308DF827101B0A88
:105CB0008DF82E30D8F808301B0C8DF82D30D8F820
:105CC00008301B0E8DF82C30D8F80C308DF833309E
:105CD000D8F80C301B0A8DF83230D8F80C301B0C79
:105CE0008DF83130D8F80C301B0E8DF8303004F6BA
:105CF000022352F823300BB108A89847069BD3F82B
:105D000008390BB108A89847059901F58058B8F8EB
:105D10001E3B9BB2002B58D0B8F81A3B1A220DF14B
:105D2000500C03F00F03674602FB031341F63232B7
:105D30000EA903EB020A98588E460791DAF808205C
:105D4000DAF80410DAF80C30ACE80F00DAF81000DA
:105D5000DAF81410ACE803000FCFAEE80F0097E8B4
:105D600003008EE803009DF94C305A1C67D09C421A
:105D70007FF498AD079AE1B20598FDF7D5F8B8F829
:105D80001A3B013303F01F03A8F81A3BB8F81E3B77
:105D90009BB2002B3FF486ADB8F81E3B013B9BB293
:105DA000A8F81E3B7EE52B686CE500BF00001D4097
:105DB0001F2C4FF0010320D903FA0AF3CBF82C3043
:105DC0004FF00063C8F800306CE51F2C4FF0010362
:105DD00017D8A340CBF8303064E5059F41F6D0409A
:105DE00021463844FFF7AEF9F16941F6985089B27F
:105DF0003844FFF7CBF92C6014E6A340CBF83030E1
:105E0000DEE703FA0AF3CBF82C304BE5079A21467C
:105E10000598FDF789F8B7F81A3B013303F01F0323
:105E2000A7F81A3BB7F81E3B9BB2002B3FF43AADE4
:105E3000B7F81E3B013B9BB2A7F81E3B32E5079A21
:105E4000214699E72E4800212E4A00F5005C38B51E
:105E50002D4C00F580532D4D04602D4C8182C18264
:105E60000183A3F81A1BA3F81C1BA3F81E1BA3F89D
:105E7000D01CA3F8D21CA3F8D41CA3F8981DA3F837
:105E80009A1DA3F89C1D02F580531460286002F54A
:105E90000050204C8CF80017CCF80C198CF8011726
:105EA000CCF8101991828CF81419D1821183A3F8BF
:105EB0001A1BA3F81C1BA3F81E1BA3F8D01CA3F8E5
:105EC000D21CA3F8D41CA3F8981DA3F89A1DA3F81C
:105ED0009C1D114B80F80017C0F80C1980F80117B1
:105EE000C0F8101980F8141920461A6000F0C0F8A4
:105EF00020460A4A0A49BDE8384002F017B800BFF8
:105F000088100020A039002004040020BC6200207A
:105F10002804002028660020C062002038070020E6
:105F200005420000084601F09BBD00BF012A70B584
:105F300008BF0A228AB091B34FF0210E01E05FFA48
:105F400086FE0EF1FF36B1FBF2F502FB15145FFA87
:105F500084FC092C0CF137040CF1300C98BF5FFA6B
:105F60008CF40EF1280C88BFE4B29142EC4429462F
:105F70000CF8244CE3D24BB10EF1FF3E2D225FFA18
:105F80008EFE0EF128036B4403F8242C036801A94C
:105F9000CEF122025B68714498470AB070BD30228E
:105FA0004FF0210E8DF82520E5E700BF002903DB27
:105FB00000230A22FFF7BABF49422D230A22FFF726
:105FC000B5BF00BF00B5036883B040F60D2C0222B8
:105FD00001A95B68ADF804C0984703B05DF804FB05
:105FE0005AB90368C9B2074A1B68934200B506D183
:105FF00008465DF804EB01F033BDFFF797BF5DF88D
:1060000004EB184745400000884200DB704730B47D
:10601000124C091A2368EBB1114A124D82FB032C72
:10602000DA179C44C2EB2C4244F2A71C05FB123346
:106030000D4D05FB02F20CFB0322002A0CDA6FF077
:10604000004313442360B3FBF1F201FB123330BC75
:1060500018447047054BF5E71346F3E7B862002094
:106060005F0B4E831DF30100ECF4FFFF42CE0C1FCB
:10607000F8B500260446C0E90066866029B10846E6
:106080000D4603F08DF8074608B92046F8BD0130EB
:1060900001F056FF0028F8D0294606702060C4E9B8
:1060A000017703F00BF82046F8BD00BFF8B5884231
:1060B0004FF0000504468560C0E9005502D08E68A7
:1060C0000F680EB92046F8BD701C01F039FF00289A
:1060D000F8D0394605702060C4E9016602F0EEFF91
:1060E0002046F8BD10B50446006801F031FF204697
:1060F00010BD00BFF8B50446154632B9036803B1B8
:106100001A7000232046A360F8BD43680E469A42E9
:106110001CD9511C006802F0DFF9074660B1A36882
:10612000C4E900050BB90370276831463846A560FD
:1061300002F0C4FF2046F8BD206810B101F008FF4E
:10614000276000232046C4E90133F8BD07683146C3
:10615000A560384602F0B2FFECE700BF884238B5D0
:1061600005460ED000680C4608B101F0F1FEA068AB
:106170000023D4E90012A860C5E90012C4E9003385
:10618000A360284638BD00BF38B505460C4649B166
:10619000084603F005F8214602462846FFF7AAFF05
:1061A000284638BD2846A96038BD00BF2DE9F84310
:1061B000044600680D4616468842A36809D8C218EE
:1061C000914206D20F1A4FF0010936B92046BDE8B8
:1061D000F8834FF00009002EF8D003EB0608626840
:1061E00090450CD908F1010102F076F90028EDD0B4
:1061F000A368C4E9000813B903702068A368B9F163
:10620000000F08D12946184402F058FF2046C4F870
:106210000880BDE8F8833246C119184400F076FAC8
:106220002368002203F80820F0E700BF10B582B011
:106230000023044601228DF8041001A98DF80530D1
:10624000FFF7B4FF204602B010BD00BF826808B55A
:106250000B463AB161B1006802F0C6FDB0FA80F0B9
:10626000400908BD31B11878B0FA80F0400908BD86
:106270000368F8E7012008BD83688B4203D90068F2
:1062800010B1405C70470020704700BF9A422DE972
:10629000F04105460E4602D911461A460B4600212A
:1062A000A960B7689742C5E9001114D39F4228BF7F
:1062B0001F46336813F80780D95533689C180DD0F2
:1062C000204602F06DFF214602462846FFF712FFE6
:1062D000336803F807802846BDE8F081AC60F8E732
:1062E00038B50468054644B1207830B102F058FC56
:1062F000207014F8010F0028F8D1284638BD00BFDF
:106300002DE9F04107680646E7B18468D4B1B84684
:10631000454618F8010B02F03BFC0028F8D1013C7F
:106320003C4402E0A54205D8013C207802F030FC54
:106330000028F7D1621CAF42A2EB0502B26004D381
:106340000023BB543046BDE8F0813846294600F0B2
:10635000DDF93768B268F3E7006808B101F0ECBD19
:10636000704700BFA249A34B88422DE9F047A24CD9
:106370005E699A69D4F80C801BD9A04B984240F210
:106380000281C31A9E491B0AA1FB031340F2276135
:10639000DB0903EB830303EB830303F2E2438B424A
:1063A00028BF0B46A3F54877964BA3FB0737FF089A
:1063B00004E0954FB8428CBF0E2706278D4908F0A0
:1063C0001F09D1F88030B94543F0C003C1F88030CF
:1063D0000CD228F01F08A1F5F82148EA0708C1F8F7
:1063E0000C800B68002BFCDA08F01F0916F0007314
:1063F00024D186490C698649A14300F0EA8082F4E1
:10640000805134464FF4805514F0605F04D026F07C
:1064100060561E43774B5E6111F4405F07D022F453
:10642000405274492A438A618B6C1A07FCD446F0A7
:106430000076704A5661936C9B06FCD4754CA04262
:1064400000F2CE804FF0010C0146634603FB0112BF
:1064500003F1010E0CF10105A24218D8BEF1080F9C
:106460004FF0010340F08D80BCF1040F00F29180E9
:106470000A18A24200F2A48005FB00F1AC4603F129
:10648000010E03FB01120CF10105A242E6D90CF149
:10649000FF318C0286EA81215F4810445F4A9042B6
:1064A0007FD9DFF8A4A16C225D48584DB0FBFEF007
:1064B000D5F800E0B0FBFCF0DFF890C10EEA0C0C60
:1064C000D44509D042F400524FF4805CC5F800C0B6
:1064D0002A602A68002AFCDA464A156905F0070591
:1064E0009D4203D01361936CDD03FCD411F4E05F93
:1064F00009D026F4E05604F4E0543E4A264356619F
:10650000936C9907FCD44749474A014491423CD8CF
:10651000464BC909A3FB0131090B4B1E1B0286EA3E
:10652000030212F4407F06D026F4407603F4407351
:10653000304A334353612F4A536923F00073536148
:10654000936C9B06FCD43A4B4F45A3FB00234FF0C2
:10655000FF324FEA9343B0FBF1F1B2FBF3F3354A5C
:106560001060354A1160354A136008D228F01F08C0
:10657000214A48EA0707D7601368002BFCDABDE818
:10658000F087734662E7122718E74FF4407304213F
:10659000C5E70CF1FF31204807238C02104486EA3E
:1065A0008121274ADFF8A8A0A2FB0020020D254880
:1065B000362A38BF362202FB00F042EA0A0A74E7A4
:1065C0004FEA8C24002386EA8C214FF0010EAC4662
:1065D00062E71D4686F0C05411464FF0C05313E7E2
:1065E00000244FF0010C024631462346E64653E7AD
:1065F00000A4781F00C00F40000008400046C323DD
:1066000023B24C001F85EB5100366E0100800D4017
:1066100040300080FFB19F26808D5B00FF7EF64DED
:1066200000643F4D7FD1F0087F17B42C9F10E50028
:1066300083DE1B431C0700201807002094660020FF
:10664000819F5E16001BB7006C2000807F300180A8
:106650000020008000B970472DE9F84F01218146E4
:10666000214C224D224E54E8003F2A68306844E80D
:106670000013002BF7D11F494B684FF47A7BDFF8EA
:1066800078A01B1A01270BFB02F8DAF80020A3FB05
:1066900002325A4594BF9044D84454E8003F2A68D7
:1066A000306844E80073002BF7D14B68DAF800C07B
:1066B0001B1A0BFB02F2A3FB0C3CBCF57A7F94BFC8
:1066C000624402F57A72A2EB0802B2F57A7F06D331
:1066D000B9F1010908F57A78DFD1BDE8F88F01F04A
:1066E00053FA0449D9E700BFA06600209C66002049
:1066F00098660020001000E09466002008B5FCF7C2
:10670000B9F9FEF7EFFC01F03FFAFAE7844641EAF7
:10671000000313F003036DD1403A41D351F8043B19
:1067200040F8043B51F8043B40F8043B51F8043B6B
:1067300040F8043B51F8043B40F8043B51F8043B5B
:1067400040F8043B51F8043B40F8043B51F8043B4B
:1067500040F8043B51F8043B40F8043B51F8043B3B
:1067600040F8043B51F8043B40F8043B51F8043B2B
:1067700040F8043B51F8043B40F8043B51F8043B1B
:1067800040F8043B51F8043B40F8043B51F8043B0B
:1067900040F8043B51F8043B40F8043B403ABDD27A
:1067A000303211D351F8043B40F8043B51F8043B1C
:1067B00040F8043B51F8043B40F8043B51F8043BDB
:1067C00040F8043B103AEDD20C3205D351F8043BAB
:1067D00040F8043B043AF9D2043208D0D2071CBF77
:1067E00011F8013B00F8013B01D30B8803806046A0
:1067F000704700BF082A13D38B078DD010F0030316
:106800008AD0C3F10403D21ADB071CBF11F8013B85
:1068100000F8013B80D331F8023B20F8023B7BE7D4
:10682000043AD9D3013A11F8013B00F8013BF9D2FF
:106830000B7803704B7843708B7883706046704799
:1068400001F1FF3C70B56646002400E00134B0FB66
:10685000F2F502FB1503092B03F1370E03F13003A8
:106860005FFA8EFE98BF5FFA83FE9042284606F8D4
:1068700001EFEBD2631C0022C818CA547CB16246F7
:106880001CF8015F10F8016DA1EB0C0302328CF8CB
:106890000060013B521A057023449A42EFDB084620
:1068A00070BD00BF72B6EFF30583524CC4F884305C
:1068B0001EF0040F0CBFEFF30882EFF309824FF0D4
:1068C000E0234D4E4D4DD3F8280DD3F82C1DC4E9CF
:1068D0002201D3F8341DD3F8383DC4E92413936959
:1068E000C4F89830D369C4F89C3000F0BDF884ED4A
:1068F000280A01F0A1FA0B214FF0FF32C4F8A400DE
:106900000B46C4F880103E49301D5A40202402F046
:106910000103013C01FB03F383EA5202F7D1A842D1
:1069200002D073680646EFE7324BC3F8A820BFF3E6
:106930004F8F4FF0E0233049324AC3F8701FC3F83D
:10694000702FBFF34F8FBFF36F8F2F4A02252F4851
:10695000D36E2F4943F44053D3660560D3692D4865
:1069600023F07F0343F04003D3610B6883423DD89B
:10697000264D00214FF0E0234FF0FF322960012621
:10698000C5F808112449C5F80011C5F80861C3F815
:106990008021C3F88421C3F88821C3F88C21C3F86F
:1069A000902101E000F052F9D5F80C31002BF9D01C
:1069B0000134C5F80C614F2CF4D9184B022018494A
:1069C0004FF00042C1F840015A63D5F80C313BB991
:1069D000144815490D4A0163D2F80C31002BFAD046
:1069E0004FF0E023114AC3F80C2DFEE7FFF7BAFC85
:1069F000BEE700BF00FF272080FF2720A8FF272039
:106A00002083B8EDA0FF272000C00F4000400840C1
:106A10001C070020803DCD0B009F240000900D40FE
:106A200000002E4000800F40F100AD0B0400FA057D
:106A30000A490A6838B108B513180948834204D8CE
:106A400010460B6008BD1046704702F093F90C2306
:106A50004FF0FF320360104608BD00BF340700202E
:106A600000002820FFF71EBF124AD2F880305B07D3
:106A7000FBD5D2F880301048C3F30B230F4990EDBB
:106A8000007A07EE903A91ED006AB8EE477A0C4A28
:106A9000F8EEE77A0B4BD2ED006A77EEC77A93ED0A
:106AA000007AB8EE477A67EE867A87EEA60A37EE66
:106AB000400A704700810D40846600208C660020EB
:106AC0009066002088660020836BF0B41BB1536889
:106AD00043F40043536072B6446B3CB31A4B2260DC
:106AE000D3F8B0410C421DD1184E776804E07468A9
:106AF000E41BB4F5166F0BD2D3F8404144F4804444
:106B0000C3F84041D3F8B851D3F840416404EED5FE
:106B10000D4007D10C4CC0E90225D4F8B0310B432D
:106B2000C4F8B031426362B6F0BC7047064DC0E9AC
:106B30000224D5F8B0310B43C5F8B031026342638B
:106B400062B6F0BC704700BF00002E40001000E0AD
:106B500070B5056B9DB106462A46002403E0126815
:106B60000134012A0CD0536813F08003F7D032634C
:106B70002CB12846B36B2D689847013CF9D170BD04
:106B8000C6E90C33F4E700BF30B4D9B91F4C204B31
:106B90000021204A01254FF0011099601D60C4E9D1
:106BA000023180245C60C2F8BC01D2F8B0311A48CE
:106BB0002B43C2F8B0310160D2F8B031002BFBD1C9
:106BC00030BC70470904154B104C012541F0800181
:106BD0009860104A596000F580511D60D96000F539
:106BE0000051A364196100F5405100F580405961DE
:106BF00000219861E164D2F8B03143F48033C2F8E7
:106C0000B031D2F8B031002BFBD1C0E7000000203A
:106C1000C00E002000002E400C660020E00E002078
:106C2000084901220B7802FA00F023EA00000870FC
:106C300030B9054AD2F8483123F08003C2F8483110
:106C4000704700BFC566002000002E402DE9F04FC0
:106C5000974C83B0D4F84471FB07C4F8447153D502
:106C6000D4F8AC21002A4AD0924EDFF860A2DFF8B7
:106C70007492DFF874B2DFF87482C4F8AC21D6E9FC
:106C80000A20D4F8403143F40053C4F84031D4F81A
:106C900040319D04F5D5D4F8403123F40053C4F8B5
:106CA00040314FF00113C4F8B431D4F8B45115F0A9
:106CB0000115FAD193B28446CAF80050B3F5086FB3
:106CC00000F0CF8100F2DB8040F202318B4200F015
:106CD000E78100F29A80822B00F0CB81B3F5817FAF
:106CE00040F08A8010F0780F83B200F003824FF0FA
:106CF0000113C4F8C031D4F8AC21002ABDD16C4ACC
:106D0000D2F8BC31002B42D17E0616D5684BD3F8A1
:106D1000AC21C3F8AC21D3F8BC21C3F8BC21D3F813
:106D2000B041002CFBD14FF0FF32C3F8B421D3F8AF
:106D3000843100F02DFD604B1C60FC0103D55F4BDE
:106D40001B6803B19847B80103D55D4B1B6803B1BD
:106D50009847790708D5564BD3F8843113F400735C
:106D600047D0584B01221A70514BD3F848311A06BC
:106D70000AD53B0608D5544A13782BB1013BDBB248
:106D80001370002B00F0728203B0BDE8F08F4F4902
:106D9000C2F8BC310868034240F0D181464A146809
:106DA0001C40B1D05FEA144810D0424E4FF00109A8
:106DB00098FAA8F5B5FA85F506EBC51009FA05F5B8
:106DC0004030FFF7C5FE38EA0508F1D1A4B2002C27
:106DD0009AD0384E4FF0010894FAA4F5B5FA85F52B
:106DE00006EBC51008FA05F5FFF7B2FEAC43F3D188
:106DF0008AE7344A1370B7E7802B7FF478AF3448C2
:106E000002210580FFF7C0FE75E7B3F5A06F00F023
:106E10000B81A3F5D063012B3FF669AF2D4B5D6865
:106E2000002D3FF464AF1FFA8CFC4FEA124E04E0D1
:106E30001D690C33002D3FF45AAF1A887245F7D103
:106E40005A886245F4D14FEA1E22032A00F0A58138
:106E50001A89000C824228BF0246BEF5007F40F02E
:106E6000A181184B1C4918781C4B0192002818BFAF
:106E700019461B48FFF74AFC194D019AE1E142F21D
:106E800021218B427CD033D942F221318B4200F058
:106E900081804FF6C0018B427FF429AF10F47F4F01
:106EA00083B27FF424AF43F46E4363F30F0CB5E772
:106EB00000002E400000002010660020B066002078
:106EC000B4660020CB660020CC6600200C66002053
:106ED0004C660020700500200C1E0060701E0060D3
:106EE00000002020046600205DCFC6B8C0012E40FF
:106EF000B3F5106F66D042F221018B427FF4F7AEFA
:106F0000030C072B7FF4F3AEB24BB349F560D960A5
:106F1000B249B360C3F80890C1E9002001221A60A9
:106F2000AF4A5A60AF4A1A61D4F8B01141F001017A
:106F3000C4F8B01102F5805102F5005259619A610E
:106F4000D4F8B031002BFBD1A74AF364936001233E
:106F5000B264136048F2800353604FF00113C4F829
:106F6000BC31D4F8B03143F48033C4F8B0314FF4BD
:106F70008033CAF80030D4F8B031002BFBD1BAE628
:106F800080B238B9994BC2F307421968984B19601F
:106F9000984B1A70944B00229A60F2640122B364F9
:106FA0001A6080225A604FF00113C4F8BC31D4F843
:106FB000B03143F48033C4F8B031D4F8B031002B91
:106FC000FBD198E6C2F307428B4B1A708B4BC4F887
:106FD000C8318B4BC4F8CC318A4BC4F8D03100F0A7
:106FE000D9FB80222946884801F060FE874B802229
:106FF000C6F8A0B0C6F8E0307B4BF5645A600122B9
:10700000B3649D601A604FF00113C4F8BC31D4F82A
:10701000B03143F48033C4F8B031CAF80050D4F82A
:10702000B031002BFBD166E66F4B0121F56419608E
:1070300080219D60B36459604FF00113C4F8BC31E6
:10704000D4F8B03143F48033C4F8B031D4F8B0315F
:10705000002BFBD1130C5B0643F08073C4F8543152
:1070600049E6654B01216A481B780370FFF78CFDE8
:1070700041E683B210F078007FF439AE03F07F026E
:1070800058F82210624A1080180600F19E80CB0743
:1070900001D50123137002215D48FFF775FD2AE633
:1070A00010F0780F83B27FF422AE03F07F0213F06A
:1070B000800F58F8223014BF43F4803343F00103AB
:1070C00048F822300022484BF2649A600122B364EF
:1070D0001A6080225A604FF00113C4F8BC31D4F812
:1070E000B03143F48033C4F8B031D4F8B031002B60
:1070F000FBD100E603F07F0213F0800F58F8223036
:1071000014BF23F4803323F0010348F82230002217
:10711000354BF2649A600122B3641A6080225A608F
:107120004FF00113C4F8BC31D4F8B03143F48033CC
:10713000C4F8B031D4F8B031002BFBD1DBE500202E
:10714000086026490C88486842F221018C427FF48D
:1071500025AE80B200287FF421AE2E492E4C03C903
:10716000A18086284FEA11412060A1717FF416AEFC
:1071700072B62A48017841F008010170D2F848112E
:107180000D0605D480200143C2F84401C2F848111D
:1071900062B6234A5021117000E6000C2A78824220
:1071A00028BF0246BEF5E06F44D11E4B1E4D187835
:1071B0001E491F4B0192002818BF19462846FFF7A9
:1071C000A5FA07236B70019A3BE0C9033FF561AF55
:1071D00061E700BFE00E0020047600208010002050
:1071E0008000070004860020C00E00209C6600205E
:1071F000AC660020C9660020CA6600200200CC00F0
:10720000C80002000200C800800000201993D57455
:107210004C66002004660020A4660020C56600209D
:10722000CC660020CB66002000002020701E00608D
:107230000C1E00602946104D01922846FFF766FAA1
:10724000019A25F01F031544BFF34F8F4FF0E02143
:10725000C1F8703F20339D42FAD8BFF34F8FBFF380
:107260006F8F05481146FFF78FFC44E50320FFF7B9
:10727000D7FC02F09DF900BF000020202DE9F04767
:107280001F46831E022B01D9BDE8F087DFF84C9022
:1072900015460C463C2209EBC01806464FEAC01AB8
:1072A000002108F10400240401F000FDB5FA85F284
:1072B0000123520944EA427449F80A40C8F8387078
:1072C000C8F80830002FDFD0034AB34011680B43E1
:1072D0001360BDE8F08700BF1066002000000020AA
:1072E0002DE9F0470D46811E022901D9BDE8F0873E
:1072F000C701DFF84C909246044640373C220021FB
:107300001E4609EB07082D0408F1040001F0CEFC2D
:10731000BAFA8AF2520945EA427249F80720012274
:10732000C8F83860C8F80820002EDFD0034B1034AE
:107330001968A2400A431A60BDE8F0871066002071
:107340000000002012048160C36101F5405342F047
:10735000800210B40124426001F50052046001F57E
:10736000805401F58041C46081615DF8044BC0E93F
:1073700004237047831E0A46022B00D97047064B30
:1073800000F110014FF0010C03EBC0100CFA01F1F9
:107390004030FFF799BB00BF00000020831E0A4663
:1073A000022B00D970470121024B814003EBC01032
:1073B000FFF78ABB0000002040687047124A134B59
:1073C000D2F8200220F07F40984210B584B002D25B
:1073D00000EB800040000E4C01A90A22FFF730FAB2
:1073E00001A90023204611F8012B01333AB10A2BE1
:1073F00020F8022FF7D11623237004B010BD5B00D4
:10740000DBB2237004B010BD00441F40809698008A
:10741000A00B002000F0DCBA00F0ACBA00F010BB0A
:1074200000F0CABA00F066BB00F03CBB084611464B
:1074300000F02CBBF8B5144C4FF0E025134E4FF480
:10744000003204EB4024124F06EB40160346C5F809
:107450008C2121463A883046FFF774FF3B8823444D
:10746000BFF34F8FC5F85C4F2034A342FAD8BFF367
:107470004F8FBFF36F8F03203146FFF78FFF4FF41D
:107480000033C5F80C31F8BD80002020000F00202B
:10749000B8660020244B2DE9F0411C884368C5697B
:1074A000C3F30E43E41A002C24DD204920480A7857
:1074B0000078D3B21F4E82421F4807D010F80380D5
:1074C00036F81870C7F50072944218D901330022BB
:1074D00026F81540082B194E88BF134626F81520AC
:1074E00098BFDAB2C554164B0A701A6814441C606F
:1074F000BDE8F0812846BDE8F041FFF79BBF07EBF0
:107500004820104922462744084401EB4521FFF753
:10751000FDF80B4A284626F8187013682344BDE886
:10752000F0411360FFF786BFB8660020C3660020F5
:10753000C466002058660020786600206866002037
:1075400054660020800020201D4B1A78002A36D176
:1075500002F0FF031B4A12788AB32DE9F0411A4D5D
:107560002A8852B3194EC2F50068194F3278194C67
:1075700007EB421704EBC224424638462146FFF788
:10758000E1FE04EB0802BFF34F8F4FF0E023C3F896
:10759000704F2034A242FAD8BFF34F8FBFF36F8FE2
:1075A00004203946FFF7E6FE33780133DBB2032BC4
:1075B00088BF0023337000232B80BDE8F081704723
:1075C000C8660020CA660020BA660020C766002090
:1075D00000100020801020202DE9F04F85B0CDE96B
:1075E0000110002900F0BF800023604CDFF8988173
:1075F000DFF898A15E4F009301235E4A23705E4B33
:107600001978B8F8003002EB4119002B40F0A78040
:107610001E461D469B464846FFF7CEFE10F08000F2
:1076200000F08C80BFF34F8F9AF8003084F800B0E0
:1076300005B93E68002B7DD13B689B1B782B00F27F
:1076400087804E4B1B78002B74D000F09DFA0122EE
:10765000B8F8003015462270002BDCD0464AC3F53E
:10766000006011781A4600EBC120454DC90228443C
:10767000019D954217D20393DDE901512A46FFF798
:1076800045F8039B4FF040425B1BA8F800303D4B90
:10769000C3F88420BFF34F8F009800232844237041
:1076A00005B0BDE8F08F364BCD180299FFF72EF8E4
:1076B00000234FF4006229464846FFF743FEBFF31C
:1076C0004F8F05F1200205F50063934234BF01237B
:1076D00040234FF0E02205EB4313C2F8705F2035E2
:1076E000AB42FAD1BFF34F8FBFF36F8F04204946EF
:1076F000FFF740FE204A13780133DBB2032B84BF2F
:1077000000231D4A1370B8F80030019AD11A009A6C
:107710001A4401910092029A1A4400230292194AD3
:10772000A8F80030C2F88430BFF34F8F23700029CF
:107730007FF462AF009805B0BDE8F08F4FF40062AF
:107740000D4B8AF8000019781346A8F800208AE744
:10775000012300988AF8003005B0BDE8F08F1A4682
:10776000C3F500607FE70198E5E700BFC866002029
:107770009C66002000100020C7660020CA6600201A
:107780008010202000002E40BA660020C66600202F
:10779000704700BF2D4B002180222D4870B51B780B
:1077A00000242C4D8B422C4E0CBF40234FF4007311
:1077B0002B80338001F07AFA284A2146284B147036
:1077C0004FF4807227481C8001F070FA264A10217D
:1077D000264B0220C2E90044C2E90244244AC3E91C
:1077E00000441470234AC3E90244234B1C7023460F
:1077F00014602246FFF774FD2246318803201F4B98
:10780000FFF73CFD2346012229880420FFF768FD8D
:1078100020460134FFF70EFE082CF9D1184B002149
:107820004A221848184C0460C3F88410C3F880201A
:10783000D3F84821154942F08072C3F8482121B19C
:10784000134A137843F00103137070BDCB66002018
:1078500000100020BC660020B8660020C76600202B
:10786000BA660020000F00205866002068660020DD
:10787000C366002054660020C4660020B555000091
:1078800000002E40B0660020695600000000000095
:10789000CD6600202DE9F04F4FF0E0234FF4003289
:1078A000DFF8C8A083B0C3F88C218B469AF800405B
:1078B00000294FD08046E4B20027DFF8B490264B71
:1078C000ABEB070225491B78A34204F101043FD02A
:1078D000092C234B404628BF00241E5D39F816C0F2
:1078E0000CEB462319441F4B33F81650A5EB0C053F
:1078F000AA421CD20CEB462C18491B4C6144019245
:10790000FEF704FF216839F816505846019AA1EB9A
:107910000B012A44394429F8162021604FF0E02356
:107920004FF40032C3F80C2103B0BDE8F08F2A46B3
:107930002F44FEF7EBFE0C49E3B230460A68A84438
:10794000521B0A608AF80030FFF774FDBB45B6D8B9
:107950003846E3E70846E1E7C366002080002020C0
:10796000786600205866002054660020C466002017
:10797000686600200B4B0C4A12781978D3B28A4201
:107980000DD0013309480A4A092B0A4928BF0023B0
:10799000C35C31F8131002EB4323585C70474FF07F
:1079A000FF307047C3660020C46600207866002060
:1079B0008000202068660020044B10B51C680CB1C4
:1079C000204610BD00F0E0F8204610BD54660020AF
:1079D0002DE9F84F144E154D33782A78934221D073
:1079E000DCB2DFF85090DFF850B0DFF85080104F75
:1079F0000134082C5FFA84FA01D90024A24619F850
:107A00000400DBF8003038F8102037F81010521A54
:107A10009B1ACBF80030FFF70DFD86F800A02B78FD
:107A2000A342E5D1BDE8F88FC4660020C3660020FC
:107A300068660020786600205466002058660020A2
:107A400000B583B001210DF10700FFF723FF20B13E
:107A50009DF8070003B05DF804FB4FF0FF30F9E735
:107A6000094B00B583B01B788DF807003BB10121AD
:107A70000DF10700FFF7B0FD03B05DF804FB03F064
:107A8000FF0003B05DF804FBCA660020044B1B78BE
:107A900003F0FF020BB1FFF79FBD1046704700BF18
:107AA000CA6600202DE9F0410024DFF8448001235C
:107AB0000D4D27460D4E88F8003033782846203586
:107AC000A34204F1010405D0FFF776FC030658BF7A
:107AD00007F50067042CF0D1BFF34F8F0023384621
:107AE00088F80030BDE8F08100100020C766002053
:107AF000C86600202DE9F8431D4B1B7813B11D4DBE
:107B00002A880AB9BDE8F8831B4EC2F500691B49F3
:107B100033784A461A4C01EB43181A4F04EBC3243E
:107B2000012340463B7021460023FFF70BFC04EB8A
:107B30000902BFF34F8F4FF0E023C3F8704F20349A
:107B4000A242FAD8BFF34F8FBFF36F8F0420414694
:107B5000FFF710FC33780133DBB2032B88BF00231F
:107B6000337000232B80BFF34F8F3B70BDE8F88349
:107B7000CA660020BA660020C766002000100020F8
:107B800080102020C86600202DE9F8432D4B1E7878
:107B900066B12D4F3B784BB90123F1073B7043D4BD
:107BA000B20726D400233B70730701D4BDE8F883E5
:107BB000264B1A68002AF9D0EFF30582002AF5D186
:107BC000EFF3108572B61868002834D0204C217865
:107BD000002930D10122227042691A60002A2ED079
:107BE000916105B962B6002583684577984725708D
:107BF000DCE7DFF8648098F80030002BD2D0002555
:107C0000DFF858902B4659F8234001352368204669
:107C10001B69984710B163699B68984798F80020E2
:107C2000EBB29A42EFD8BDE7FFF7C6FE0028B7D007
:107C3000AFF30080B4E7002DB8D162B6B6E7054BCC
:107C40001A60CEE7CD660020C0660020C462002026
:107C5000BE660020D0620020BF660020D4620020F3
:107C600070B5EFF3108272B60C4C206880B10C4EE8
:107C700000254369236073B19D6102B962B68368D0
:107C800045779847EFF3108272B620680028F0D14C
:107C900002B962B670BD3360EFE700BFCC6200206E
:107CA000C8620020FFF7DCBF0449054A4968054B5C
:107CB0001960136801331360704700BF001000E0C3
:107CC0009C6600209866002000230F2248F2B82C02
:107CD000194610B54FF470444FF4806EA0F88C41F3
:107CE0004FF46044A0F88E210A46A0F89031B0F815
:107CF00088319BB243F0F003A0F8883101EB4103D7
:107D0000013100EB431304299C80A3F806E05A8458
:107D10001A865A805A81A3F80EC05A82DA825A8390
:107D2000DA83EBD1B0F888319BB243F00F03A0F8AF
:107D30008831B0F888319BB243F47063A0F8883181
:107D400010BD00BF374B384A996F384841F47F0166
:107D500070B5996741F20106D3F8801045F6C05519
:107D600043F226040A43C3F88020FFF7ADFF00F575
:107D70008040FFF7A9FF00F58040FFF7A5FF00F561
:107D80008040FFF7A1FF0022A0F503104FF00F0E77
:107D9000114600EB42134FEA421C01329981042A3A
:107DA0005981A3F80EE09E82DD8020F80C10198224
:107DB0009C81EED100221E484FF00F0E41F20106C9
:107DC000114645F6C05543F2260400EB42134FEA34
:107DD000421C01329981042A5981A3F80EE09E8247
:107DE000DD8020F80C1019829C81EED10022114810
:107DF0000F2641F20105114645F6C05443F2260E06
:107E000000EB42134FEA421C01329981042A598146
:107E1000DE819D82DC8020F80C101982A3F80CE032
:107E2000EED170BD00C00F40000003FC00C03D401B
:107E300000001E4000401E40074A506A936A1946DF
:107E40008446506A936A9942F9D18445F7D1DB0B95
:107E500043EA4040704700BF00400D4008B5D0E9FC
:107E600000325BB1BAB10F4BA3FB0213DB0803EB8B
:107E70004303B2EB83030AD1012008BD094BA3FBE6
:107E80000213DB0803EB4303B2EB830301D0D21AE6
:107E90004260F02AF0D800F06DFF1C22034600205B
:107EA0001A6008BDABAAAAAA70B5044638B319B1C6
:107EB000B2FA82F67609A2B9206800B36268F2B11C
:107EC000184B194902FB03F3B1EBB30F17D3A368A7
:107ED000E3B90022012322606260A260E2601846DA
:107EE00070BD1D46049BC0E90012C360FFF7B6FFDA
:107EF00003460028F3D06DB90123184670BD00F089
:107F000039FF162200230260184670BD002100F0E0
:107F1000CDFEDEE7626831462068A56000F0C6FE4F
:107F20000123DCE7ABAAAAAA555555150346084616
:107F3000194600F027BE00BF0A22002100F066BDEE
:107F4000024B0146186800F00BB800BF4C0B002034
:107F5000024B0146186801F025BA00BF4C0B002007
:107F60002DE9F04F01F10B06162E83B0044624D8FC
:107F7000102900F2BA8000F0A3FA1026182202207D
:107F8000B54F3A44A2F1080153688B4200F0BA8021
:107F90005A68D96822F003021A449D68E9608D602E
:107FA000516841F001012046516003F1080500F0DD
:107FB0008DFA284603B0BDE8F08F36F0070600F1D1
:107FC0009480B14200F2918000F07AFAB6F5FC7F1D
:107FD000C0F09A81730A00F08F80042B00F26F8149
:107FE000B30903F1390003F1380CC3009A4F3B4445
:107FF000A3F108055B689D4206D10CE0002980F2E0
:108000002781DB689D4206D05A6822F00302911B4B
:108010000F29F3DD60463D69DFF850C265457CD02D
:108020006A6822F00302931B0F2B00F37B81002B65
:10803000C7E904CC80F26C81B2F5007F80F01A8130
:10804000D308796801334FEA521E012202FA0EF278
:108050000A4357F833E0C5F808E007EBC3010839D5
:10806000E9607A6047F83350CEF80C508310012154
:108070009940914257D8114206D120F0030049009F
:10808000114200F10400FAD007EBC0094D468646C4
:10809000D5F80C80454508D11DE1002B80F22481E4
:1080A000D8F80C80454500F01681D8F8042022F05D
:1080B0000302931B0F2BF0DD2046D8E9025408EB96
:1080C000060146F00106C8F80460EC60A56043F0C4
:1080D0000104C7E90411C1E902CC4C6048F8023040
:1080E00000F0F4F908F1080502E00C2323600025F4
:1080F000284603B0BDE8F08F4FF4007340204FF0E6
:108100003F0C73E7D3689A4208BF02307FF440AF58
:108110003D69DFF858C1654582D17A688310012135
:1081200099409142A7D9BD686B6823F003094E4579
:1081300003D8A9EB06030F2B7ADCDFF834B1474BE9
:10814000DBF800201B680132334405EB090A00F01C
:10815000338103F580530F3323F47F6828F00F0831
:108160004146204600F0F4FD411C024600F0F38039
:10817000824500F2EE803A4B196841441960084686
:1081800000F04E81DBF80010019301311BBFA2EB20
:108190000A010918CBF80020196012F0070B00F053
:1081A0001781CBF108010A44CBF580519044083186
:1081B000A1EB0801C1F30B0A51462046009200F0E2
:1081C000C7FD421CDDE9002300F04F81801A00EB5F
:1081D0000A081968BA6048F001005144BD42506075
:1081E000196000F02981B9F10F0F40F2278168680A
:1081F000A9F10C0C2CF0070C00F0010040EA0C0077
:1082000068604FF0050E05EB0C00BCF10F0FC0E9E4
:1082100001EE00F2328150681546124B1A688A420C
:1082200038BF1960104B1A688A4238BF196094E051
:10823000AA1943F0010346F001066E602046BA60B9
:10824000536000F043F90835284603B0BDE8F08FCD
:10825000D9681A44A1E600BF3C070020C86400208A
:1082600098640020C0640020C464002044070020FB
:10827000440B0020B2F5206F4FEA522363D3142B36
:1082800000F2B78003F15C01C9005B3307EB010E1C
:108290007958AEF1080E8E4500F091804B6823F0BE
:1082A0000303934202D989688E45F7D1D1F80CE0D7
:1082B0007A68C5E9021ECEF80850CD60D6E6142BC8
:1082C00059D9542B00F29D80330B03F16F0003F159
:1082D0006E0CC3008AE60EF1010E1EF0030F05F1CD
:1082E00008057FF4D5AE51E0424445465368D8F8BE
:1082F0000C1043F00103536055F8083F2046D96045
:108300008B6000F0E3F8F3E6F00806F1080237E6C8
:108310002A442046536843F001035360083500F0B7
:10832000D5F8E5E6A919204646F0010643F0010418
:108330006E60C7E90411C1E902CC4C60AB5000F09B
:10834000C5F80835D4E6930903F13901C90038337B
:108350009CE7BD425FD0BD68686820F003084645D1
:10836000A8EB060302D80F2B3FF762AF204600F0C0
:10837000ADF80025BCE603F15C0003F15B0CC30023
:1083800034E659F808394B4540F0968010F0030F59
:1083900000F1FF30F5D17B6823EA01037B604900DF
:1083A00099423FF6C0AE19B9BDE649000EF1040E80
:1083B0001942FAD0704667E603F11008D0E69A1029
:1083C0004FF001087B6808FA02F21A437A6070E7FE
:1083D00002EB08014942C1F30B0A514620460092C4
:1083E00000F0B6FC431CDDE900237FF4EFAEDA4673
:1083F000EFE6542B25D8130B03F16F01C9006E3340
:1084000044E7B3F5AA7F25D8F30B03F1780003F115
:10841000770CC300EAE5294B186840441860B1E6C0
:10842000CAF30B0CBCF1000F7FF4ACAEBD68C844BE
:1084300048F001006860F0E61546EEE6012353605F
:1084400094E7B3F5AA7F23D8D30B03F17801C900D1
:1084500077331BE740F25452934223D8B30C03F115
:108460007D0003F17C0CC300C0E5ABF1080BD844E0
:10847000A8EB02084FF0000AABE605F10801204620
:10848000009300F08FFFBD68009B68681968C4E620
:1084900040F254518B420BD8930C03F17D01C9007B
:1084A0007C33F3E64FF47E737F204FF07E0C9DE526
:1084B0004FF47E717E23E9E67B6870E798640020C4
:1084C000014800F081BC00BF94640020014800F026
:1084D0007DBC00BF9464002010B4044C03460A46DF
:1084E00020685DF8044B194600F002B84C0B0020E0
:1084F0002DE9F84F1746002900F098800C4607F147
:108500000B058046FFF7DCFF162D54F8041C5BD8E2
:1085100010252A46AF425CD821F003069642A4F10A
:10852000080962DABC4BD3F808C009EB06008445A1
:1085300000F09780D0F804C02CF0010303445B687E
:10854000DB0768D42CF0030C06EB0C03934247DAEC
:10855000CB0710D454F8083CA9EB030ADAF804302E
:1085600023F003018C44B444944580F211817318C4
:10857000934280F2E88039464046FFF7F1FC074617
:10858000E0B154F8043C23F001034B44A0F108028D
:10859000934200F0D280321F242A00F2F580132A81
:1085A00000F2AC8003462246116819605168596098
:1085B00092689A602146404600F0F4FE4046FFF77C
:1085C00085FF3846BDE8F88F25F00705002D2A46BF
:1085D000A0DA0C23C8F8003000273846BDE8F88F31
:1085E0001E46D0E90223D3609A60731B0F2B22D85A
:1085F000D9F8043003F0010333434E44C9F8043082
:10860000736843F00103736040462746FFF75EFF3F
:108610003846BDE8F88FC907ADD454F8083CA9EB3B
:10862000030ADAF8041021F00301A0E7BDE8F84FCF
:108630001146FFF795BCD9F8042009EB050102F0BB
:1086400001024E4443F001032A43C9F804204B6061
:10865000736843F0010308317360404600F0A2FEE6
:10866000D2E7DCF8040020F0030B06EB0B0C05F15D
:10867000100084454DDAC9073FF57DAF54F8081C5A
:10868000A9EB010ADAF8041021F003018B44B3448A
:1086900058453FF76CAF5746DAF80C1057F8080FFB
:1086A000321F242AC160886000F2DB80132A40F266
:1086B000D6802168CAF808106168CAF80C101B2A15
:1086C00000F2DF8008340AF110022168116061684D
:1086D0005160A16891600AEB0501ABEB050242F025
:1086E000010299604A60DAF8043003F001032B4379
:1086F0004046CAF80430FFF7E9FE6EE723680360DE
:10870000636843601B2A68D804F1080200F108037B
:108710004AE709EB05029A60ACEB050343F001035D
:10872000536054F8043C03F001032B43404644F8E3
:10873000043CFFF7CBFE27464FE750F8043C23F0FC
:1087400003031E4451E75746DAF80C1057F8080F98
:10875000321F242AC16088604CD8132A48D9216866
:10876000CAF808106168CAF80C101B2A56D80834D9
:108770000AF110021E462368136063685360A36801
:108780009360D1463C4630E7214600F013FA11E7EA
:10879000D0E902135746CB60996057F8081FDAF802
:1087A0000C30CB60321F242A99602DD8132A29D986
:1087B0002368CAF808306368CAF80C301B2A42D80C
:1087C00008340AF1100322681A6062685A60A268CD
:1087D0009A606646D1463C4607E7A3688360E36833
:1087E000C360242A26D004F1100200F11003DBE656
:1087F0003A46BFE7214638461E46D14600F0DAF930
:108800003C46F2E63B46DEE7214638466646D14620
:1088100000F0D0F93C46E8E63C070020A168CAF821
:108820001010E168CAF81410242A20D010340AF17C
:1088300018029FE7236903616169416104F118022D
:1088400000F11803B0E6A368CAF81030E368CAF86C
:108850001430242A21D010340AF11803B3E73A4621
:1088600033E72146384600F0A5F9164B33E7226975
:10887000CAF818206269CAF81C2018340AF12002CC
:1088800078E7A168CAF81010E168CAF81410242A21
:108890000DD010340AF1180217E72369CAF818300E
:1088A0006369CAF81C3018340AF120038BE7226987
:1088B000CAF818206269CAF81C2018340AF120028C
:1088C00003E700BF3C070020012B2DE9F84F40D003
:1088D000242B98463DD84C4D8E4676461EF801BB5B
:1088E00015F80B4014F00804F7D1BBF12D0F72D02E
:1088F000BBF12B0F08BF9EF800B06FF0004908BF16
:1089000006F1020E002B42D0102B57D0B9FBF8F71E
:1089100000252E4608FB179A05E033D008FB06C653
:1089200001251EF801BBABF1300CBCF1090F06D9D3
:10893000ABF1410CBCF1190F12D8ABF1370C634508
:1089400017DDB5F1FF3FECD0B742E6D24FF0FF356F
:10895000E7E700F00FFA162303600020BDE8F88F68
:10896000ABF1610CBCF1190F03D8ABF1570C6345A7
:10897000E7DC6B1C27D08CB90AB1A5BB116030466F
:10898000BDE8F88FE245C9DA4FF0FF35C9E7BBF122
:10899000300F05D04FF00A084346B7E77642EBE7C1
:1089A0009EF8003003F0DF03582B21D14FF0100860
:1089B0009EF801B043460EF1020EA7E7BBF1300F5F
:1089C0001AD09846A2E72223036072B10EF1FF315C
:1089D0004E461160D3E79EF800B04FF0004906F113
:1089E000020E01248EE7B146F0E74E463046C7E757
:1089F0004FF00808434689E79EF8005005F0DF0570
:108A0000582DD3D0984681E76D04002010B4054C52
:108A10008446134620685DF8044B0A466146FFF71A
:108A200053BF00BF4C0B00202DE9F04707464C48D0
:108A30000E46354616F801EB10F80EC01CF0080C77
:108A4000F7D1BEF12D0F5AD0BEF12B0F03BF96F810
:108A500000E06446AE1C64465BB1102B54D04FF06E
:108A6000FF38B8FBF3F803FB08FA6FEA0A0A9946E5
:108A700008E0BEF1300F5AD00A23DFF8E8804FF04B
:108A8000050A99460025284605E02CD009FB00C0C0
:108A9000012516F801EBAEF1300CBCF1090F06D937
:108AA000AEF1410CBCF1190F0BD8AEF1370C634598
:108AB00010DDB5F1FF3FECD04045E6D94FF0FF3572
:108AC000E7E7AEF1610CBCF1190F03D8AEF1570C1A
:108AD0006345EEDC6B1C0BD004B140420AB165B9B2
:108AE0001160BDE8F087D445D0DD4FF0FF35D0E709
:108AF00022233B602846002AF3D0711EF0E796F847
:108B000000E00124AE1CA7E7BEF1300F21D1307880
:108B100000F0DF00582816D14FF0100996F801E058
:108B20004FF00F0A02366FF070484B46AAE73378D1
:108B300003F0DF03582BEFD008234FF0070A6FF044
:108B4000604899469EE799466FF070484FF00F0ACB
:108B500098E74FF00F0A6FF07048994692E700BF10
:108B60006D0400209999991910B4054C8446134658
:108B700020685DF8044B0A466146FFF755BF00BF09
:108B80004C0B002013460A460146022000F076BB3B
:108B9000024B1844407800F0080070476C04002035
:108BA000034B1B5C03F00303022B08BF2038704704
:108BB0006D04002088420DD98B1883420AD900EB3E
:108BC000020CBAB1624613F801CD02F801CD994208
:108BD000F9D170470F2A0ED8034602F1FF3C4AB183
:108BE0000CF1010C013B8C4411F8012B03F8012F0F
:108BF0006145F9D1704740EA01039B0750D1A2F1CA
:108C0000100370B501F1200C23F00F0501F1100ED7
:108C100000F11004AC441B095EF8105C44F8105CD1
:108C20005EF80C5C44F80C5C5EF8085C44F8085C88
:108C30005EF8045C44F8045C0EF1100EE64504F1A5
:108C40001004E9D1013312F00C0F01EB031102F013
:108C50000F0400EB031327D0043C24F003064FEA73
:108C6000940C1E441C1F8E465EF8045B44F8045F9F
:108C7000B442F9D10CF1010402F0030203EB8403C6
:108C800001EB840102F1FF3C4AB10CF1010C013B04
:108C90008C4411F8012B03F8012F6145F9D170BD07
:108CA00002F1FF3C03469BE72246EBE7830730B522
:108CB00048D0541E002A3FD0CAB2034601E0013C0E
:108CC0003AD303F8012B9D07F9D1032C2DD9CDB24E
:108CD00045EA05250F2C45EA054536D9A4F11002D1
:108CE00022F00F0C03F1200EE6444FEA121C03F1B0
:108CF000100242E9045542E9025510327245F8D19A
:108D00000CF1010214F00C0F03EB021204F00F0C33
:108D100013D0ACF1040323F003030433134442F8EB
:108D2000045B9342FBD10CF003042CB1C9B21C4488
:108D300003F8011B9C42FBD130BD64461346002C56
:108D4000F4D1F9E703461446BFE71A46A446E0E724
:108D500038B5074D0022044608462A60FDF768FE34
:108D6000431C00D038BD2B68002BFBD0236038BDDE
:108D700014660020014B1868704700BF4C0B0020A0
:108D800070B50D4E0D4D761BB61006D0002455F86B
:108D9000043B01349847A642F9D1094E094D761B90
:108DA00000F00AFCB61006D0002455F8043B01344C
:108DB0009847A642F9D170BDD01D0060D01D00605B
:108DC000D81D0060D01D0060704700BF704700BF15
:108DD0000000000000000000000000000000000093
:108DE000A2EB0300704700BF02780B78012A28BF6E
:108DF0009A42F5D16DE9044540EA0104CDE90267E4
:108E00006FF0000C4FEA447212B380EA010414F0D0
:108E1000070F6AD100F0070420F0070004F00305F3
:108E200021F007014FEAC505F0E8042314F0040F10
:108E3000F1E804670CFA05F462EA040266EA040643
:108E40000AD063EA0403624667EA0407664603E061
:108E5000F0E80423F1E8046782FA4CF582EA06049C
:108E6000A4FA8CF46CBB83FA4CF583EA0705A5FAE7
:108E70008CF595B950E9022351E9026782FA4CF565
:108E800082EA0604A4FA8CF483FA4CF583EA070517
:108E9000A5FA8CF52543DBD09CB92DBAB5FA85F43B
:108EA00024F0070427FA04F1DDE9026723FA04F34A
:108EB00003F0FF0001F0FF01FDE80445A0EB010015
:108EC000704724BAB4FA84F424F0070426FA04F1B3
:108ED000DDE9026722FA04F202F0FF0001F0FF016F
:108EE000FDE80445A0EB0100704714F0030F3CD1EE
:108EF00010F0030428D150F8082B51F8083B82FAEF
:108F00004CF582EA0305A5FA8CF55DB950F8042CFE
:108F100051F8043C82FA4CF582EA0305A5FA8CF577
:108F2000002DE8D02DBAB5FA85F424F0070423FA11
:108F300004F122FA04F202F0FF0001F0FF01FDE863
:108F40000445A0EB010070474FEAC40420F0030081
:108F500050F8082B21F0030151F8083B0CFA04F4F7
:108F600062EA040263EA0403C9E710F003041AD0BA
:108F7000A1EB040120F00300E40750F8042B06D015
:108F80000FD28B785FFAA2F4E41A06D12BB1CB781A
:108F90005FFAB2F4E41A00D11BB920465DF8104B19
:108FA000704701F1040150F8042BCC0721F00301B4
:108FB00051F8043B48D824D222F07F4482FA4CF581
:108FC00094EA1325A5FA8CF50AD165B951F8043B4A
:108FD00084EA0204B4EB036F0ED150F8042BEBE7E4
:108FE0004FEA132355E035F07F454DD10878FDE871
:108FF0000445C0F1000070474FEA126203F0FF031E
:1090000047E002EA1C4482FA4CF594EA1345A5FABB
:109010008CF50AD165B951F8043B84EA0204B4EB3B
:10902000034F0CD150F8042BEBE74FEA134330E029
:1090300015EA1C4528D10B884FEA124229E04FEA75
:10904000124203EA1C4324E002F0FF0482FA4CF5CA
:1090500094EA1365A5FA8CF50AD165B951F8043B79
:1090600084EA0204B4EB032F09D150F8042BEBE798
:109070004FEA13630DE015F0FF0F05D10B684FEABF
:10908000122223F07F4304E04FF00000FDE8044586
:10909000704712BA1BBA82FA4CF482EA0304A4FAAB
:1090A0008CF5B5FA85F402FA04F203FA04F34FEAF8
:1090B0001260FDE80445A0EB1360704780EA0102EE
:1090C000844612F0030F4FD111F0030F32D14DF847
:1090D000044D11F0040F51F8043B0BD0A3F1013201
:1090E0009A4312F0803F04BF4CF8043B51F8043B14
:1090F00016D100BF51F8044BA3F101329A4312F08C
:10910000803FA4F101320BD14CF8043BA24312F092
:10911000803F04BF51F8043B4CF8044BEAD023468F
:109120000CF8013B13F0FF0F4FEA3323F8D15DF841
:10913000044B704711F0010F06D011F8012B0CF809
:10914000012B002A08BF704711F0020FBFD031F881
:10915000022B12F0FF0F16BF2CF8022B8CF8002008
:1091600012F47F4FB3D1704711F8012B0CF8012B8B
:10917000002AF9D1704700BF000000000000000085
:1091800000000000000000000000000000000000DF
:1091900000000000000000000000000000000000CF
:1091A00090F800F06DE9024520F007016FF0000C27
:1091B00010F0070491F820F040F049804FF00004CF
:1091C0006FF00700D1E9002391F840F000F10800AA
:1091D00082FA4CF2A4FA8CF283FA4CF3A2FA8CF3E2
:1091E0004BBBD1E9022382FA4CF200F10800A4FA49
:1091F0008CF283FA4CF3A2FA8CF3E3B9D1E904239D
:1092000082FA4CF200F10800A4FA8CF283FA4CF3D3
:10921000A2FA8CF37BB9D1E9062301F1200182FA8D
:109220004CF200F10800A4FA8CF283FA4CF3A2FA93
:109230008CF3002BC6D0002A04BF04301A4612BAA1
:10924000B2FA82F2FDE8024500EBD2007047D1E9A4
:10925000002304F00305C4F100004FEAC50514F033
:10926000040F91F840F00CFA05F562EA05021CBF04
:1092700063EA050362464FF00004A9E72DE9F047D1
:10928000DFF87CA00646DAF8000098460F469146C3
:10929000FFF79AFD184B1C6824B365681F2D24DC6A
:1092A0005EB96B1C0235DAF80000636044F8257083
:1092B000FFF78CFD0020BDE8F08704EB850101235A
:1092C000C1F88890D4F88821AB401A43022EC4F824
:1092D0008821C1F80881E4D1D4F88C211A43C4F85C
:1092E0008C21DEE7054C1C60D7E7DAF80000FFF7B9
:1092F0006DFD4FF0FF30DEE7FC62002000630020D0
:1093000030070020F8B5244F0C460646FFF7D8F882
:10931000BB685D68C4F57E610F3125F003054B190C
:1093200023F47F6323F00F03A3F58054B4F5805F2B
:1093300007DB00213046FFF70BFDBB682B4498424A
:1093400004D03046FFF7C2F80020F8BD6142304635
:10935000FFF7FEFC01300DD0104ABB682D1B45F015
:1093600001055D60136830461B1B1360FFF7AEF804
:109370000120F8BD00213046FFF7EAFCBA68831AE5
:109380000F2BDEDD43F001035360054B03491B68DF
:10939000C01A0860D5E700BF3C0700209864002091
:1093A000440B0020002961D0F8B50C460646FFF7B3
:1093B00087F854F8042C7B4FA4F1080522F0010132
:1093C00005EB010CB868DCF80430604523F00303BA
:1093D00000F08B80D207CCF8043032D454F8082C3B
:1093E000AD1A1144AA6807F1080082426AD00CEB5A
:1093F0000304D4F804E0EC68D4601EF0010FA2600E
:1094000000F0978041F001036B60CCF80010B1F5DB
:10941000007F35D27868CB080122490901338A40A0
:10942000024357F833107A6007EBC302083AC5E9E4
:10943000021247F83350CD603046BDE8F840FFF7E0
:1094400045B80CEB03025268D00710D4194407F159
:109450000800DCF80830834273D0DCF80C20DA60B6
:10946000936041F001036B606950D0E7704741F0B1
:109470000103B1F5007F44F8043CCCF80010C9D3D7
:10948000B1F5206F4FEA512348D28B0903F139001F
:1094900003F13802C300F818FB580838984259D035
:1094A0005A6822F003028A4202D99B689842F7D197
:1094B000D868C5E902308560DD603046BDE8F84017
:1094C000FFF704B80CEB03025268D20763D40B44D5
:1094D000DCE90212CA60916043F001026A60304622
:1094E000EB50BDE8F840FEF7F1BF0B44D10707D4BD
:1094F00054F8082CAD1A1344D5E90212CA609160E1
:1095000043F001026A60284ABD6012689A4293D80B
:10951000264B30461968FFF7F5FE8DE7142B0AD964
:10952000542B1FD80B0B03F16F0003F16E02C30025
:10953000B1E719448DE703F15C0003F15B02C3005E
:10954000A9E741F00103C7E90455C5E902006B60D2
:10955000695071E779689210012404FA02F20A4313
:109560007A60A6E7B3F5AA7F06D8CB0B03F17800A3
:1095700003F17702C3008EE740F25452934206D8BB
:109580008B0C03F17D0003F17C02C30083E74FF4F1
:109590007E737E227FE741F001036B60CCF8001000
:1095A0004AE700BF3C070020480B0020C8640020A9
:1095B0005FF800F0DD1C00605FF800F0851D0060C2
:0495C000F8B500BF3B
:0895C40068E9FF7F01000000CF
:1095CC00000000000000000000000000000000008F
:1095DC00000000000000000000000000000000007F
:1095EC00000000000000000000000000000000006F
:1095FC00000000000000000000000000000000005F
:10960C00000000000000000000000000000000004E
:10961C00000000000000000000000000000000003E
:10962C00000000000000000000000000000000002E
:10963C00000000000000000000000000000000001E
:10964C00000000000000000000000000000000000E
:10965C0000000000000000000000000000000000FE
:10966C0000000000000000000000000000000000EE
:10967C0000000000000000000000000000000000DE
:10968C0000000000000000000000000000000000CE
:10969C0000000000000000000000000000000000BE
:1096AC0000000000000000000000000000000000AE
:1096BC00000000000000000000000000000000009E
:1096CC00000000000000000000000000000000008E
:1096DC00000000000000000000000000000000007E
:1096EC00000000000000000000000000000000006E
:1096FC00000000000000000000000000000000005E
:10970C00000000000000000000000000000000004D
:10971C00000000000000000000000000000000003D
:10972C00000000000000000000000000000000002D
:10973C00000000000000000000000000000000001D
:10974C00000000000000000000000000000000000D
:10975C0000000000000000000000000000000000FD
:10976C0000000000000000000000000000000000ED
:10977C0000000000000000000000000000000000DD
:10978C0000000000000000000000000000000000CD
:10979C0000000000000000000000000000000000BD
:1097AC0000000000000000000000000000000000AD
:1097BC00000000000000000000000000000000009D
:1097CC00000000000000000000000000000000008D
:1097DC00000000000000000000000000000000007D
:1097EC00000000000000000000000000000000006D
:1097FC00000000000000000000000000000000005D
:10980C00000000000000000000000000000000004C
:10981C00000000000000000000000000000000003C
:10982C00000000000000000000000000000000002C
:10983C00000000000000000000000000000000001C
:10984C0000000101000101010102010102020102FB
:10985C0003010203020204020205020205030206CE
:10986C0003020703020704030704030705040705A3
:10987C00040706050706060706060707070707007D
:10988C0000000000000000000000000800000000C4
:10989C00000000000000000050494E47000000008E
:1098AC00504F4E4700000000494E464F000000004C
:1098BC0043455242455255533A000000302E322E49
:1098CC00302D7769700000002043414E313D00007F
:1098DC002043414E323D0000534E494646000000A5
:1098EC004552523A666F726D61742028534E494648
:1098FC00463A6275733A6D732900000052583A006B
:10990C00444F4E453A0000004552523A627573205E
:10991C0028317C3229000000554453004552523AFC
:10992C00666F726D617420285544533A6275733AB0
:10993C0054583A52583A4845582900004552523A20
:10994C006865782028746F6F206C6F6E67202F20ED
:10995C006F646429000000004552523A756E6B6EBC
:10996C006F776E202850494E477C494E464F7C53AA
:10997C004E4946467C5544537C54583A52583A48C2
:10998C00455829004552523A747820286E6F20664B
:10999C006C6F772D636F6E74726F6C202F206275F5
:1099AC007320646F776E3F29000000004552523AD5
:1099BC0074696D656F7574004F4B3A0000000000C0
:1099CC00000000002D3900009500000085110000FA
:1099DC00990300009D1700009D030000A1030000E7
:1099EC000000000000000000F53200001102000031
:1099FC00D51300008D0300004516000091030000F4
:109A0C00950300000000000000000000454000002D
:109A1C004D550000495500004555000041550000CA
:109A2C003D55000039550000355500000020202020
:109A3C0020202020202028282828282020202020F2
:109A4C0020202020202020202020202020881010C2
:109A5C00101010101010101010101010100404041E
:109A6C0004040404040404101010101010104141DC
:109A7C0041414141010101010101010101010101CA
:109A8C0001010101010101011010101010104242DE
:109A9C00424242420202020202020202020202029A
:109AAC00020202020202020210101010200000003A
:109ABC00000000000000000000000000000000009A
:109ACC00000000000000000000000000000000008A
:109ADC00000000000000000000000000000000007A
:109AEC00000000000000000000000000000000006A
:109AFC00000000000000000000000000000000005A
:109B0C000000000000000000000000000000000049
:109B1C000000000000000000000000000000000039
:109B2C000000000000000000000000000000000029
:109B3C0000010000500B0020120000000006000085
:109B4C00D41E00600A00000000020000701E0060BD
:109B5C0062000000000700000C1E006062000000A4
:109B6C00EE0300008C0B002012000000000004EE3D
:109B7C00640B00202800000000030000081E006099
:109B8C000000000001030904F01D0060000000004B
:109B9C0002030904D81D006000000000030309043F
:109BAC00A00B0020000000000000000000000000DE
:109BBC00000000000000000000000000CC64002049
:109BCC00346500209C6500200000000000000000AF
:109BDC000000000000000000000000000000000079
:109BEC000000000000000000000000000000000069
:109BFC000000000000000000000000000000000059
:109C0C000000000000000000000000000000000048
:109C1C000000000000000000000000000000000038
:109C2C000000000000000000000000000000000028
:109C3C000000000000000000000000000000000018
:109C4C000000000000000000000000000000000008
:109C5C0001000000000000000E33CDAB34126DE6A5
:109C6C00ECDE05000B00000000000000000000000E
:109C7C0000000000000000000000000000000000D8
:109C8C0000000000000000000000000000000000C8
:109C9C0000000000000000000000000000000000B8
:109CAC0000000000000000000000000000000000A8
:109CBC000000000000000000000000000000000098
:109CCC000000000000000000000000000000000088
:109CDC0000000000000000000029DE07007B9A173E
:109CEC004C04002000000000E8030000000000000D
:109CFC009064002080302020000000000000000054
:109D0C00000000003C0700203C0700204407002016
:109D1C00440700204C0700204C070020540700206B
:109D2C00540700205C0700205C070020640700201B
:109D3C00640700206C0700206C07002074070020CB
:109D4C00740700207C0700207C070020840700207B
:109D5C00840700208C0700208C070020940700202B
:109D6C00940700209C0700209C070020A4070020DB
:109D7C00A4070020AC070020AC070020B40700208B
:109D8C00B4070020BC070020BC070020C40700203B
:109D9C00C4070020CC070020CC070020D4070020EB
:109DAC00D4070020DC070020DC070020E40700209B
:109DBC00E4070020EC070020EC070020F40700204B
:109DCC00F4070020FC070020FC07002004080020FA
:109DDC00040800200C0800200C08002014080020A7
:109DEC00140800201C0800201C0800202408002057
:109DFC00240800202C0800202C0800203408002007
:109E0C00340800203C0800203C08002044080020B6
:109E1C00440800204C0800204C0800205408002066
:109E2C00540800205C0800205C0800206408002016
:109E3C00640800206C0800206C08002074080020C6
:109E4C00740800207C0800207C0800208408002076
:109E5C00840800208C0800208C0800209408002026
:109E6C00940800209C0800209C080020A4080020D6
:109E7C00A4080020AC080020AC080020B408002086
:109E8C00B4080020BC080020BC080020C408002036
:109E9C00C4080020CC080020CC080020D4080020E6
:109EAC00D4080020DC080020DC080020E408002096
:109EBC00E4080020EC080020EC080020F408002046
:109ECC00F4080020FC080020FC08002004090020F5
:109EDC00040900200C0900200C09002014090020A2
:109EEC00140900201C0900201C0900202409002052
:109EFC00240900202C0900202C0900203409002002
:109F0C00340900203C0900203C09002044090020B1
:109F1C00440900204C0900204C0900205409002061
:109F2C00540900205C0900205C0900206409002011
:109F3C00640900206C0900206C09002074090020C1
:109F4C00740900207C0900207C0900208409002071
:109F5C00840900208C0900208C0900209409002021
:109F6C00940900209C0900209C090020A4090020D1
:109F7C00A4090020AC090020AC090020B409002081
:109F8C00B4090020BC090020BC090020C409002031
:109F9C00C4090020CC090020CC090020D4090020E1
:109FAC00D4090020DC090020DC090020E409002091
:109FBC00E4090020EC090020EC090020F409002041
:109FCC00F4090020FC090020FC090020040A0020F0
:109FDC00040A00200C0A00200C0A0020140A00209D
:109FEC00140A00201C0A00201C0A0020240A00204D
:109FFC00240A00202C0A00202C0A0020340A0020FD
:10A00C00340A00203C0A00203C0A0020440A0020AC
:10A01C00440A00204C0A00204C0A0020540A00205C
:10A02C00540A00205C0A00205C0A0020640A00200C
:10A03C00640A00206C0A00206C0A0020740A0020BC
:10A04C00740A00207C0A00207C0A0020840A00206C
:10A05C00840A00208C0A00208C0A0020940A00201C
:10A06C00940A00209C0A00209C0A0020A40A0020CC
:10A07C00A40A0020AC0A0020AC0A0020B40A00207C
:10A08C00B40A0020BC0A0020BC0A0020C40A00202C
:10A09C00C40A0020CC0A0020CC0A0020D40A0020DC
:10A0AC00D40A0020DC0A0020DC0A0020E40A00208C
:10A0BC00E40A0020EC0A0020EC0A0020F40A00203C
:10A0CC00F40A0020FC0A0020FC0A0020040B0020EB
:10A0DC00040B00200C0B00200C0B0020140B002098
:10A0EC00140B00201C0B00201C0B0020240B002048
:10A0FC00240B00202C0B00202C0B0020340B0020F8
:10A10C00340B0020FFFFFFFF00000200F8050020C9
:10A11C0012010002EF020140C0168304800201020A
:10A12C0003010000280000000001040001000000F1
:10A13C0000000000020157494E5553420000000038
:10A14C0000000000000000000000000012034D00A1
:10A15C00530046005400310030003000F80000007D
:10A16C000C030000000000000000000000000000D4
:10A17C0000000000000000000000000000000000D3
:10A18C0000000000000000000000000000000000C3
:10A19C0000000000000000000000000000000000B3
:10A1AC0000000000000000000000000000000000A3
:10A1BC000000000000000000000000000000000093
:10A1CC000000000000000000000000000000000083
:10A1DC000000000000000000000000000000000073
:10A1EC000000000000000000000000000000000063
:10A1FC000000000000000000000000000000000053
:10A20C000000000000000000000000000000000042
:10A21C000000000000000000000000000000000032
:10A22C000000000000000000000000000000000022
:10A23C000000000000000000000000000000000012
:10A24C000000000000000000000000000000000002
:10A25C0000000000000000000000000000000000F2
:10A26C0000000000000000000000000000000000E2
:10A27C0000000000000000000000000000000000D2
:10A28C0000000000000000000000000000000000C2
:10A29C0000000000000000000000000000000000B2
:10A2AC0000000000000000000000000000000000A2
:10A2BC000000000000000000000000000000000092
:10A2CC000000000000000000000000000000000082
:10A2DC000000000000000000000000000000000072
:10A2EC000000000000000000000000000000000062
:10A2FC000000000000000000000000000000000052
:10A30C000000000000000000000000000000000041
:10A31C000000000000000000000000000000000031
:10A32C000000000000000000000000000000000021
:10A33C000000000000000000000000000000000011
:10A34C000000000000000000000000000000000001
:10A35C0000000000000000000000000000000000F1
:10A36C0000000000000000000000000000000000E1
:10A37C0000000000000000000000000000000000D1
:10A38C0000000000000000000000000000000000C1
:10A39C0000000000000000000000000000000000B1
:10A3AC0000000000000000000000000000000000A1
:10A3BC000000000000000000000000000000000091
:10A3CC000000000000000000000000000000000081
:10A3DC000000000000000000000000000000000071
:10A3EC000000000000000000000000000000000061
:10A3FC000000000000000000000000000000000051
:10A40C000000000000000000000000000000000040
:10A41C000000000000000000000000000000000030
:10A42C000000000000000000000000000000000020
:10A43C000000000000000000000000000000000010
:10A44C000000000000000000000000000000000000
:10A45C0000000000000000000000000000000000F0
:10A46C0000000000000000000000000000000000E0
:10A47C0000000000000000000000000000000000D0
:10A48C00FFFFFFFFFFFFFFFFFFFFFFFFFFFFFFFFD0
:10A49C00FFFFFFFFFFFFFFFFFFFFFFFFFFFFFFFFC0
:10A4AC00FFFFFFFFFFFFFFFFFFFFFFFFFFFFFFFFB0
:10A4BC00FFFFFFFFFFFFFFFFFFFFFFFFFFFFFFFFA0
:10A4CC00FFFFFFFFFFFFFFFFFFFFFFFFFFFFFFFF90
:10A4DC00FFFFFFFFFFFFFFFFFFFFFFFFFFFFFFFF80
:10A4EC00FFFFFFFFFFFFFFFFFFFFFFFFFFFFFFFF70
:10A4FC00FFFFFFFFFFFFFFFFFFFFFFFFFFFFFFFF60
:10A50C00FFFFFFFFFFFFFFFFFFFFFFFFFFFFFFFF4F
:10A51C00FFFFFFFFFFFFFFFFFFFFFFFFFFFFFFFF3F
:10A52C00FFFFFFFFFFFFFFFFFFFFFFFFFFFFFFFF2F
:10A53C00FFFFFFFFFFFFFFFFFFFFFFFFFFFFFFFF1F
:10A54C00FFFFFFFFFFFFFFFFFFFFFFFFFFFFFFFF0F
:10A55C00FFFFFFFFFFFFFFFFFFFFFFFFFFFFFFFFFF
:10A56C00FFFFFFFFFFFFFFFFFFFFFFFFFFFFFFFFEF
:10A57C00FFFFFFFFFFFFFFFFFFFFFFFFFFFFFFFFDF
:10A58C00FFFFFFFFFFFFFFFFFFFFFFFFFFFFFFFFCF
:10A59C00FFFFFFFFFFFFFFFFFFFFFFFFFFFFFFFFBF
:10A5AC00FFFFFFFFFFFFFFFFFFFFFFFFFFFFFFFFAF
:10A5BC00FFFFFFFFFFFFFFFFFFFFFFFFFFFFFFFF9F
:10A5CC00FFFFFFFFFFFFFFFFFFFFFFFFFFFFFFFF8F
:10A5DC00FFFFFFFFFFFFFFFFFFFFFFFFFFFFFFFF7F
:10A5EC00FFFFFFFFFFFFFFFFFFFFFFFFFFFFFFFF6F
:10A5FC00FFFFFFFFFFFFFFFFFFFFFFFFFFFFFFFF5F
:10A60C00FFFFFFFFFFFFFFFFFFFFFFFFFFFFFFFF4E
:10A61C00FFFFFFFFFFFFFFFFFFFFFFFFFFFFFFFF3E
:10A62C00FFFFFFFFFFFFFFFFFFFFFFFFFFFFFFFF2E
:10A63C00FFFFFFFFFFFFFFFFFFFFFFFFFFFFFFFF1E
:10A64C00FFFFFFFFFFFFFFFFFFFFFFFFFFFFFFFF0E
:10A65C00FFFFFFFFFFFFFFFFFFFFFFFFFFFFFFFFFE
:10A66C00FFFFFFFFFFFFFFFFFFFFFFFFFFFFFFFFEE
:10A67C00FFFFFFFFFFFFFFFFFFFFFFFFFFFFFFFFDE
:10A68C00FFFFFFFFFFFFFFFFFFFFFFFFFFFFFFFFCE
:10A69C00FFFFFFFFFFFFFFFFFFFFFFFFFFFFFFFFBE
:10A6AC00FFFFFFFFFFFFFFFFFFFFFFFFFFFFFFFFAE
:10A6BC00FFFFFFFFFFFFFFFFFFFFFFFFFFFFFFFF9E
:10A6CC00FFFFFFFFFFFFFFFFFFFFFFFFFFFFFFFF8E
:10A6DC00FFFFFFFFFFFFFFFFFFFFFFFFFFFFFFFF7E
:10A6EC00FFFFFFFFFFFFFFFFFFFFFFFFFFFFFFFF6E
:10A6FC00FFFFFFFFFFFFFFFFFFFFFFFFFFFFFFFF5E
:10A70C00FFFFFFFFFFFFFFFFFFFFFFFFFFFFFFFF4D
:10A71C00FFFFFFFFFFFFFFFFFFFFFFFFFFFFFFFF3D
:10A72C00FFFFFFFFFFFFFFFFFFFFFFFFFFFFFFFF2D
:10A73C00FFFFFFFFFFFFFFFFFFFFFFFFFFFFFFFF1D
:10A74C00FFFFFFFFFFFFFFFFFFFFFFFFFFFFFFFF0D
:10A75C00FFFFFFFFFFFFFFFFFFFFFFFFFFFFFFFFFD
:10A76C00FFFFFFFFFFFFFFFFFFFFFFFFFFFFFFFFED
:10A77C00FFFFFFFFFFFFFFFFFFFFFFFFFFFFFFFFDD
:10A78C00FFFFFFFFFFFFFFFFFFFFFFFFFFFFFFFFCD
:10A79C00FFFFFFFFFFFFFFFFFFFFFFFFFFFFFFFFBD
:10A7AC00FFFFFFFFFFFFFFFFFFFFFFFFFFFFFFFFAD
:10A7BC00FFFFFFFFFFFFFFFFFFFFFFFFFFFFFFFF9D
:10A7CC00FFFFFFFFFFFFFFFFFFFFFFFFFFFFFFFF8D
:10A7DC00FFFFFFFFFFFFFFFFFFFFFFFFFFFFFFFF7D
:10A7EC00FFFFFFFFFFFFFFFFFFFFFFFFFFFFFFFF6D
:10A7FC00FFFFFFFF00000000000000000000000051
:10A80C00000000000000000000000000000000003C
:10A81C00000000000000000000000000000000002C
:10A82C00000000000000000000000000000000001C
:10A83C00000000000000000000000000000000000C
:10A84C0000000000000000000000000000000000FC
:10A85C0000000000000000000000000000000000EC
:10A86C0000000000000000000000000000000000DC
:10A87C0000000000000000000000000000000000CC
:10A88C0000000000000000000000000000000000BC
:10A89C0000000000000000000000000000000000AC
:10A8AC00000000000000000000000000000000009C
:10A8BC00000000000000000000000000000000008C
:10A8CC00000000000000000000000000000000007C
:10A8DC00000000000000000000000000000000006C
:10A8EC00000000000000000000000000000000005C
:10A8FC00000000000000000000000000000000004C
:10A90C00000000000000000000000000000000003B
:10A91C00000000000000000000000000000000002B
:10A92C00000000000000000000000000000000001B
:10A93C00000000000000000000000000000000000B
:10A94C0000000000000000000000000000000000FB
:10A95C0000000000000000000000000000000000EB
:10A96C0000000000000000000000000000000000DB
:10A97C0000000000000000000000000000000000CB
:10A98C0000000000000000000000000000000000BB
:10A99C0000000000000000000000000000000000AB
:10A9AC00000000000000000000000000000000009B
:10A9BC00000000000000000000000000000000008B
:10A9CC00000000000000000000000000000000007B
:10A9DC00000000000000000000000000000000006B
:10A9EC00000000000000000000000000000000005B
:10A9FC00000000000000000000000000000000004B
:10AA0C00000000000000000000000000000000003A
:10AA1C00000000000000000000000000000000002A
:10AA2C00000000000000000000000000000000001A
:10AA3C00000000000000000000000000000000000A
:10AA4C0000000000000000000000000000000000FA
:10AA5C0000000000000000000000000000000000EA
:10AA6C0000000000000000000000000000000000DA
:10AA7C0000000000000000000000000000000000CA
:10AA8C0000000000000000000000000000000000BA
:10AA9C0000000000000000000000000000000000AA
:10AAAC00000000000000000000000000000000009A
:10AABC00000000000000000000000000000000008A
:10AACC00000000000000000000000000000000007A
:10AADC00000000000000000000000000000000006A
:10AAEC00000000000000000000000000000000005A
:10AAFC00000000000000000000000000000000004A
:10AB0C000000000000000000000000000000000039
:10AB1C000000000000000000000000000000000029
:10AB2C000000000000000000000000000000000019
:10AB3C000000000000000000000000000000000009
:10AB4C0000000000000000000000000000000000F9
:10AB5C0000000000000000000000000000000000E9
:10AB6C0000000000000000000000000000000000D9
:10AB7C0000000000000000000000000000000000C9
:10AB8C0000000000000000000000000000000000B9
:10AB9C0000000000000000000000000000000000A9
:10ABAC000000000000000000000000000000000099
:10ABBC000000000000000000000000000000000089
:10ABCC000000000000000000000000000000000079
:10ABDC000000000000000000000000000000000069
:10ABEC000000000000000000000000000000000059
:10ABFC000000000000000000000000000000000049
:10AC0C000000000000000000000000000000000038
:10AC1C000000000000000000000000000000000028
:10AC2C000000000000000000000000000000000018
:10AC3C000000000000000000000000000000000008
:10AC4C0000000000000000000000000000000000F8
:10AC5C0000000000000000000000000000000000E8
:10AC6C0000000000000000000000000000000000D8
:10AC7C0000000000000000000000000000000000C8
:10AC8C0000000000000000000000000000000000B8
:10AC9C0000000000000000000000000000000000A8
:10ACAC000000000000000000000000000000000098
:10ACBC000000000000000000000000000000000088
:10ACCC000000000000000000000000000000000078
:10ACDC000000000000000000000000000000000068
:10ACEC000000000000000000000000000000000058
:10ACFC000000000000000000000000000000000048
:10AD0C000000000000000000000000000000000037
:10AD1C000000000000000000000000000000000027
:10AD2C000000000000000000000000000000000017
:10AD3C000000000000000000000000000000000007
:10AD4C0000000000000000000000000000000000F7
:10AD5C0000000000000000000000000000000000E7
:10AD6C0000000000000000000000000000000000D7
:10AD7C0000000000000000000000000000000000C7
:10AD8C0000000000000000000000000000000000B7
:10AD9C0000000000000000000000000000000000A7
:10ADAC000000000000000000000000000000000097
:10ADBC000000000000000000000000000000000087
:10ADCC000000000000000000000000000000000077
:10ADDC000000000000000000000000000000000067
:10ADEC000000000000000000000000000000000057
:10ADFC000000000000000000000000000000000047
:10AE0C000000000000000000000000000000000036
:10AE1C000000000000000000000000000000000026
:10AE2C000000000000000000000000000000000016
:10AE3C000000000000000000000000000000000006
:10AE4C0000000000000000000000000000000000F6
:10AE5C0000000000000000000000000000000000E6
:10AE6C0000000000000000000000000000000000D6
:10AE7C0000000000000000000000000000000000C6
:10AE8C0000000000000000000000000000000000B6
:10AE9C0000000000000000000000000000000000A6
:10AEAC000000000000000000000000000000000096
:10AEBC000000000000000000000000000000000086
:10AECC000000000000000000000000000000000076
:10AEDC000000000000000000000000000000000066
:10AEEC000000000000000000000000000000000056
:10AEFC000000000000000000000000000000000046
:10AF0C000000000000000000000000000000000035
:10AF1C000000000000000000000000000000000025
:10AF2C000000000000000000000000000000000015
:10AF3C000000000000000000000000000000000005
:10AF4C0000000000000000000000000000000000F5
:10AF5C0000000000000000000000000000000000E5
:10AF6C0000000000000000000000000000000000D5
:10AF7C0000000000000000000000000000000000C5
:10AF8C0000000000000000000000000000000000B5
:10AF9C0000000000000000000000000000000000A5
:10AFAC000000000000000000000000000000000095
:10AFBC000000000000000000000000000000000085
:10AFCC000000000000000000000000000000000075
:10AFDC000000000000000000000000000000000065
:10AFEC000000000000000000000000000000000055
:10AFFC000000000000000000000000000000000045
:10B00C000000000000000000000000000000000034
:10B01C000000000000000000000000000000000024
:10B02C000000000000000000000000000000000014
:10B03C000000000000000000000000000000000004
:10B04C0000000000000000000000000000000000F4
:10B05C0000000000000000000000000000000000E4
:10B06C0000000000000000000000000000000000D4
:10B07C0000000000000000000000000000000000C4
:10B08C0000000000000000000000000000000000B4
:10B09C0000000000000000000000000000000000A4
:10B0AC000000000000000000000000000000000094
:10B0BC000000000000000000000000000000000084
:10B0CC000000000000000000000000000000000074
:10B0DC000000000000000000000000000000000064
:10B0EC000000000000000000000000000000000054
:10B0FC000000000000000000000000000000000044
:10B10C000000000000000000000000000000000033
:10B11C000000000000000000000000000000000023
:10B12C000000000000000000000000000000000013
:10B13C000000000000000000000000000000000003
:10B14C0000000000000000000000000000000000F3
:10B15C0000000000000000000000000000000000E3
:10B16C0000000000000000000000000000000000D3
:10B17C0000000000000000000000000000000000C3
:10B18C0000000000000000000000000000000000B3
:10B19C0000000000000000000000000000000000A3
:10B1AC000000000000000000000000000000000093
:10B1BC000000000000000000000000000000000083
:10B1CC000000000000000000000000000000000073
:10B1DC000000000000000000000000000000000063
:10B1EC000000000000000000000000000000000053
:10B1FC000000000000000000000000000000000043
:10B20C000000000000000000000000000000000032
:10B21C000000000000000000000000000000000022
:10B22C000000000000000000000000000000000012
:10B23C000000000000000000000000000000000002
:10B24C0000000000000000000000000000000000F2
:10B25C0000000000000000000000000000000000E2
:10B26C0000000000000000000000000000000000D2
:10B27C0000000000000000000000000000000000C2
:10B28C0000000000000000000000000000000000B2
:10B29C0000000000000000000000000000000000A2
:10B2AC000000000000000000000000000000000092
:10B2BC000000000000000000000000000000000082
:10B2CC000000000000000000000000000000000072
:10B2DC000000000000000000000000000000000062
:10B2EC000000000000000000000000000000000052
:10B2FC000000000000000000000000000000000042
:10B30C000000000000000000000000000000000031
:10B31C000000000000000000000000000000000021
:10B32C000000000000000000000000000000000011
:10B33C000000000000000000000000000000000001
:10B34C0000000000000000000000000000000000F1
:10B35C0000000000000000000000000000000000E1
:10B36C0000000000000000000000000000000000D1
:10B37C0000000000000000000000000000000000C1
:10B38C0000000000000000000000000000000000B1
:10B39C0000000000000000000000000000000000A1
:10B3AC000000000000000000000000000000000091
:10B3BC000000000000000000000000000000000081
:10B3CC000000000000000000000000000000000071
:10B3DC000000000000000000000000000000000061
:10B3EC000000000000000000000000000000000051
:04B3FC00000000004D
:040000056000100087
:00000001FF
