:0200000460009A
:100000004643464200000156000000000103030081
:1000100000000000000000000000000000000000E0
:1000200000000000000000000000000000000000D0
:1000300000000000000000000000000000000000C0
:1000400000000000010408000000000000000000A3
:100050000000800000000000000000000000000020
:100060000000000000000000000000000000000090
:100070000000000000000000000000000000000080
:10008000EB04180A063204260000000000000000FD
:10009000050404240000000000000000000000002F
:1000A0000000000000000000000000000000000050
:1000B0000604000000000000000000000000000036
:1000C0000000000000000000000000000000000030
:1000D00020041808000000000000000000000000DC
:1000E0000000000000000000000000000000000010
:1000F0000000000000000000000000000000000000
:10010000D8041808000000000000000000000000F3
:100110000204180804200000000000000000000095
:1001200000000000000000000000000000000000CF
:10013000600400000000000000000000000000005B
:1001400000000000000000000000000000000000AF
:10015000000000000000000000000000000000009F
:10016000000000000000000000000000000000008F
:10017000000000000000000000000000000000007F
:10018000000000000000000000000000000000006F
:10019000000000000000000000000000000000005F
:1001A000000000000000000000000000000000004F
:1001B000000000000000000000000000000000003F
:1001C000000100000010000001000000000000001D
:1001D000000001000000000000000000000000001E
:1001E000000000000000000000000000000000000F
:1001F00000000000000000000000000000000000FF
:10020000FFFFFFFFFFFFFFFFFFFFFFFFFFFFFFFFFE
:10021000FFFFFFFFFFFFFFFFFFFFFFFFFFFFFFFFEE
:10022000FFFFFFFFFFFFFFFFFFFFFFFFFFFFFFFFDE
:10023000FFFFFFFFFFFFFFFFFFFFFFFFFFFFFFFFCE
:10024000FFFFFFFFFFFFFFFFFFFFFFFFFFFFFFFFBE
:10025000FFFFFFFFFFFFFFFFFFFFFFFFFFFFFFFFAE
:10026000FFFFFFFFFFFFFFFFFFFFFFFFFFFFFFFF9E
:10027000FFFFFFFFFFFFFFFFFFFFFFFFFFFFFFFF8E
:10028000FFFFFFFFFFFFFFFFFFFFFFFFFFFFFFFF7E
:10029000FFFFFFFFFFFFFFFFFFFFFFFFFFFFFFFF6E
:1002A000FFFFFFFFFFFFFFFFFFFFFFFFFFFFFFFF5E
:1002B000FFFFFFFFFFFFFFFFFFFFFFFFFFFFFFFF4E
:1002C000FFFFFFFFFFFFFFFFFFFFFFFFFFFFFFFF3E
:1002D000FFFFFFFFFFFFFFFFFFFFFFFFFFFFFFFF2E
:1002E000FFFFFFFFFFFFFFFFFFFFFFFFFFFFFFFF1E
:1002F000FFFFFFFFFFFFFFFFFFFFFFFFFFFFFFFF0E
:10030000FFFFFFFFFFFFFFFFFFFFFFFFFFFFFFFFFD
:10031000FFFFFFFFFFFFFFFFFFFFFFFFFFFFFFFFED
:10032000FFFFFFFFFFFFFFFFFFFFFFFFFFFFFFFFDD
:10033000FFFFFFFFFFFFFFFFFFFFFFFFFFFFFFFFCD
:10034000FFFFFFFFFFFFFFFFFFFFFFFFFFFFFFFFBD
:10035000FFFFFFFFFFFFFFFFFFFFFFFFFFFFFFFFAD
:10036000FFFFFFFFFFFFFFFFFFFFFFFFFFFFFFFF9D
:10037000FFFFFFFFFFFFFFFFFFFFFFFFFFFFFFFF8D
:10038000FFFFFFFFFFFFFFFFFFFFFFFFFFFFFFFF7D
:10039000FFFFFFFFFFFFFFFFFFFFFFFFFFFFFFFF6D
:1003A000FFFFFFFFFFFFFFFFFFFFFFFFFFFFFFFF5D
:1003B000FFFFFFFFFFFFFFFFFFFFFFFFFFFFFFFF4D
:1003C000FFFFFFFFFFFFFFFFFFFFFFFFFFFFFFFF3D
:1003D000FFFFFFFFFFFFFFFFFFFFFFFFFFFFFFFF2D
:1003E000FFFFFFFFFFFFFFFFFFFFFFFFFFFFFFFF1D
:1003F000FFFFFFFFFFFFFFFFFFFFFFFFFFFFFFFF0D
:10040000FFFFFFFFFFFFFFFFFFFFFFFFFFFFFFFFFC
:10041000FFFFFFFFFFFFFFFFFFFFFFFFFFFFFFFFEC
:10042000FFFFFFFFFFFFFFFFFFFFFFFFFFFFFFFFDC
:10043000FFFFFFFFFFFFFFFFFFFFFFFFFFFFFFFFCC
:10044000FFFFFFFFFFFFFFFFFFFFFFFFFFFFFFFFBC
:10045000FFFFFFFFFFFFFFFFFFFFFFFFFFFFFFFFAC
:10046000FFFFFFFFFFFFFFFFFFFFFFFFFFFFFFFF9C
:10047000FFFFFFFFFFFFFFFFFFFFFFFFFFFFFFFF8C
:10048000FFFFFFFFFFFFFFFFFFFFFFFFFFFFFFFF7C
:10049000FFFFFFFFFFFFFFFFFFFFFFFFFFFFFFFF6C
:1004A000FFFFFFFFFFFFFFFFFFFFFFFFFFFFFFFF5C
:1004B000FFFFFFFFFFFFFFFFFFFFFFFFFFFFFFFF4C
:1004C000FFFFFFFFFFFFFFFFFFFFFFFFFFFFFFFF3C
:1004D000FFFFFFFFFFFFFFFFFFFFFFFFFFFFFFFF2C
:1004E000FFFFFFFFFFFFFFFFFFFFFFFFFFFFFFFF1C
:1004F000FFFFFFFFFFFFFFFFFFFFFFFFFFFFFFFF0C
:10050000FFFFFFFFFFFFFFFFFFFFFFFFFFFFFFFFFB
:10051000FFFFFFFFFFFFFFFFFFFFFFFFFFFFFFFFEB
:10052000FFFFFFFFFFFFFFFFFFFFFFFFFFFFFFFFDB
:10053000FFFFFFFFFFFFFFFFFFFFFFFFFFFFFFFFCB
:10054000FFFFFFFFFFFFFFFFFFFFFFFFFFFFFFFFBB
:10055000FFFFFFFFFFFFFFFFFFFFFFFFFFFFFFFFAB
:10056000FFFFFFFFFFFFFFFFFFFFFFFFFFFFFFFF9B
:10057000FFFFFFFFFFFFFFFFFFFFFFFFFFFFFFFF8B
:10058000FFFFFFFFFFFFFFFFFFFFFFFFFFFFFFFF7B
:10059000FFFFFFFFFFFFFFFFFFFFFFFFFFFFFFFF6B
:1005A000FFFFFFFFFFFFFFFFFFFFFFFFFFFFFFFF5B
:1005B000FFFFFFFFFFFFFFFFFFFFFFFFFFFFFFFF4B
:1005C000FFFFFFFFFFFFFFFFFFFFFFFFFFFFFFFF3B
:1005D000FFFFFFFFFFFFFFFFFFFFFFFFFFFFFFFF2B
:1005E000FFFFFFFFFFFFFFFFFFFFFFFFFFFFFFFF1B
:1005F000FFFFFFFFFFFFFFFFFFFFFFFFFFFFFFFF0B
:10060000FFFFFFFFFFFFFFFFFFFFFFFFFFFFFFFFFA
:10061000FFFFFFFFFFFFFFFFFFFFFFFFFFFFFFFFEA
:10062000FFFFFFFFFFFFFFFFFFFFFFFFFFFFFFFFDA
:10063000FFFFFFFFFFFFFFFFFFFFFFFFFFFFFFFFCA
:10064000FFFFFFFFFFFFFFFFFFFFFFFFFFFFFFFFBA
:10065000FFFFFFFFFFFFFFFFFFFFFFFFFFFFFFFFAA
:10066000FFFFFFFFFFFFFFFFFFFFFFFFFFFFFFFF9A
:10067000FFFFFFFFFFFFFFFFFFFFFFFFFFFFFFFF8A
:10068000FFFFFFFFFFFFFFFFFFFFFFFFFFFFFFFF7A
:10069000FFFFFFFFFFFFFFFFFFFFFFFFFFFFFFFF6A
:1006A000FFFFFFFFFFFFFFFFFFFFFFFFFFFFFFFF5A
:1006B000FFFFFFFFFFFFFFFFFFFFFFFFFFFFFFFF4A
:1006C000FFFFFFFFFFFFFFFFFFFFFFFFFFFFFFFF3A
:1006D000FFFFFFFFFFFFFFFFFFFFFFFFFFFFFFFF2A
:1006E000FFFFFFFFFFFFFFFFFFFFFFFFFFFFFFFF1A
:1006F000FFFFFFFFFFFFFFFFFFFFFFFFFFFFFFFF0A
:10070000FFFFFFFFFFFFFFFFFFFFFFFFFFFFFFFFF9
:10071000FFFFFFFFFFFFFFFFFFFFFFFFFFFFFFFFE9
:10072000FFFFFFFFFFFFFFFFFFFFFFFFFFFFFFFFD9
:10073000FFFFFFFFFFFFFFFFFFFFFFFFFFFFFFFFC9
:10074000FFFFFFFFFFFFFFFFFFFFFFFFFFFFFFFFB9
:10075000FFFFFFFFFFFFFFFFFFFFFFFFFFFFFFFFA9
:10076000FFFFFFFFFFFFFFFFFFFFFFFFFFFFFFFF99
:10077000FFFFFFFFFFFFFFFFFFFFFFFFFFFFFFFF89
:10078000FFFFFFFFFFFFFFFFFFFFFFFFFFFFFFFF79
:10079000FFFFFFFFFFFFFFFFFFFFFFFFFFFFFFFF69
:1007A000FFFFFFFFFFFFFFFFFFFFFFFFFFFFFFFF59
:1007B000FFFFFFFFFFFFFFFFFFFFFFFFFFFFFFFF49
:1007C000FFFFFFFFFFFFFFFFFFFFFFFFFFFFFFFF39
:1007D000FFFFFFFFFFFFFFFFFFFFFFFFFFFFFFFF29
:1007E000FFFFFFFFFFFFFFFFFFFFFFFFFFFFFFFF19
:1007F000FFFFFFFFFFFFFFFFFFFFFFFFFFFFFFFF09
:10080000FFFFFFFFFFFFFFFFFFFFFFFFFFFFFFFFF8
:10081000FFFFFFFFFFFFFFFFFFFFFFFFFFFFFFFFE8
:10082000FFFFFFFFFFFFFFFFFFFFFFFFFFFFFFFFD8
:10083000FFFFFFFFFFFFFFFFFFFFFFFFFFFFFFFFC8
:10084000FFFFFFFFFFFFFFFFFFFFFFFFFFFFFFFFB8
:10085000FFFFFFFFFFFFFFFFFFFFFFFFFFFFFFFFA8
:10086000FFFFFFFFFFFFFFFFFFFFFFFFFFFFFFFF98
:10087000FFFFFFFFFFFFFFFFFFFFFFFFFFFFFFFF88
:10088000FFFFFFFFFFFFFFFFFFFFFFFFFFFFFFFF78
:10089000FFFFFFFFFFFFFFFFFFFFFFFFFFFFFFFF68
:1008A000FFFFFFFFFFFFFFFFFFFFFFFFFFFFFFFF58
:1008B000FFFFFFFFFFFFFFFFFFFFFFFFFFFFFFFF48
:1008C000FFFFFFFFFFFFFFFFFFFFFFFFFFFFFFFF38
:1008D000FFFFFFFFFFFFFFFFFFFFFFFFFFFFFFFF28
:1008E000FFFFFFFFFFFFFFFFFFFFFFFFFFFFFFFF18
:1008F000FFFFFFFFFFFFFFFFFFFFFFFFFFFFFFFF08
:10090000FFFFFFFFFFFFFFFFFFFFFFFFFFFFFFFFF7
:10091000FFFFFFFFFFFFFFFFFFFFFFFFFFFFFFFFE7
:10092000FFFFFFFFFFFFFFFFFFFFFFFFFFFFFFFFD7
:10093000FFFFFFFFFFFFFFFFFFFFFFFFFFFFFFFFC7
:10094000FFFFFFFFFFFFFFFFFFFFFFFFFFFFFFFFB7
:10095000FFFFFFFFFFFFFFFFFFFFFFFFFFFFFFFFA7
:10096000FFFFFFFFFFFFFFFFFFFFFFFFFFFFFFFF97
:10097000FFFFFFFFFFFFFFFFFFFFFFFFFFFFFFFF87
:10098000FFFFFFFFFFFFFFFFFFFFFFFFFFFFFFFF77
:10099000FFFFFFFFFFFFFFFFFFFFFFFFFFFFFFFF67
:1009A000FFFFFFFFFFFFFFFFFFFFFFFFFFFFFFFF57
:1009B000FFFFFFFFFFFFFFFFFFFFFFFFFFFFFFFF47
:1009C000FFFFFFFFFFFFFFFFFFFFFFFFFFFFFFFF37
:1009D000FFFFFFFFFFFFFFFFFFFFFFFFFFFFFFFF27
:1009E000FFFFFFFFFFFFFFFFFFFFFFFFFFFFFFFF17
:1009F000FFFFFFFFFFFFFFFFFFFFFFFFFFFFFFFF07
:100A0000FFFFFFFFFFFFFFFFFFFFFFFFFFFFFFFFF6
:100A1000FFFFFFFFFFFFFFFFFFFFFFFFFFFFFFFFE6
:100A2000FFFFFFFFFFFFFFFFFFFFFFFFFFFFFFFFD6
:100A3000FFFFFFFFFFFFFFFFFFFFFFFFFFFFFFFFC6
:100A4000FFFFFFFFFFFFFFFFFFFFFFFFFFFFFFFFB6
:100A5000FFFFFFFFFFFFFFFFFFFFFFFFFFFFFFFFA6
:100A6000FFFFFFFFFFFFFFFFFFFFFFFFFFFFFFFF96
:100A7000FFFFFFFFFFFFFFFFFFFFFFFFFFFFFFFF86
:100A8000FFFFFFFFFFFFFFFFFFFFFFFFFFFFFFFF76
:100A9000FFFFFFFFFFFFFFFFFFFFFFFFFFFFFFFF66
:100AA000FFFFFFFFFFFFFFFFFFFFFFFFFFFFFFFF56
:100AB000FFFFFFFFFFFFFFFFFFFFFFFFFFFFFFFF46
:100AC000FFFFFFFFFFFFFFFFFFFFFFFFFFFFFFFF36
:100AD000FFFFFFFFFFFFFFFFFFFFFFFFFFFFFFFF26
:100AE000FFFFFFFFFFFFFFFFFFFFFFFFFFFFFFFF16
:100AF000FFFFFFFFFFFFFFFFFFFFFFFFFFFFFFFF06
:100B0000FFFFFFFFFFFFFFFFFFFFFFFFFFFFFFFFF5
:100B1000FFFFFFFFFFFFFFFFFFFFFFFFFFFFFFFFE5
:100B2000FFFFFFFFFFFFFFFFFFFFFFFFFFFFFFFFD5
:100B3000FFFFFFFFFFFFFFFFFFFFFFFFFFFFFFFFC5
:100B4000FFFFFFFFFFFFFFFFFFFFFFFFFFFFFFFFB5
:100B5000FFFFFFFFFFFFFFFFFFFFFFFFFFFFFFFFA5
:100B6000FFFFFFFFFFFFFFFFFFFFFFFFFFFFFFFF95
:100B7000FFFFFFFFFFFFFFFFFFFFFFFFFFFFFFFF85
:100B8000FFFFFFFFFFFFFFFFFFFFFFFFFFFFFFFF75
:100B9000FFFFFFFFFFFFFFFFFFFFFFFFFFFFFFFF65
:100BA000FFFFFFFFFFFFFFFFFFFFFFFFFFFFFFFF55
:100BB000FFFFFFFFFFFFFFFFFFFFFFFFFFFFFFFF45
:100BC000FFFFFFFFFFFFFFFFFFFFFFFFFFFFFFFF35
:100BD000FFFFFFFFFFFFFFFFFFFFFFFFFFFFFFFF25
:100BE000FFFFFFFFFFFFFFFFFFFFFFFFFFFFFFFF15
:100BF000FFFFFFFFFFFFFFFFFFFFFFFFFFFFFFFF05
:100C0000FFFFFFFFFFFFFFFFFFFFFFFFFFFFFFFFF4
:100C1000FFFFFFFFFFFFFFFFFFFFFFFFFFFFFFFFE4
:100C2000FFFFFFFFFFFFFFFFFFFFFFFFFFFFFFFFD4
:100C3000FFFFFFFFFFFFFFFFFFFFFFFFFFFFFFFFC4
:100C4000FFFFFFFFFFFFFFFFFFFFFFFFFFFFFFFFB4
:100C5000FFFFFFFFFFFFFFFFFFFFFFFFFFFFFFFFA4
:100C6000FFFFFFFFFFFFFFFFFFFFFFFFFFFFFFFF94
:100C7000FFFFFFFFFFFFFFFFFFFFFFFFFFFFFFFF84
:100C8000FFFFFFFFFFFFFFFFFFFFFFFFFFFFFFFF74
:100C9000FFFFFFFFFFFFFFFFFFFFFFFFFFFFFFFF64
:100CA000FFFFFFFFFFFFFFFFFFFFFFFFFFFFFFFF54
:100CB000FFFFFFFFFFFFFFFFFFFFFFFFFFFFFFFF44
:100CC000FFFFFFFFFFFFFFFFFFFFFFFFFFFFFFFF34
:100CD000FFFFFFFFFFFFFFFFFFFFFFFFFFFFFFFF24
:100CE000FFFFFFFFFFFFFFFFFFFFFFFFFFFFFFFF14
:100CF000FFFFFFFFFFFFFFFFFFFFFFFFFFFFFFFF04
:100D0000FFFFFFFFFFFFFFFFFFFFFFFFFFFFFFFFF3
:100D1000FFFFFFFFFFFFFFFFFFFFFFFFFFFFFFFFE3
:100D2000FFFFFFFFFFFFFFFFFFFFFFFFFFFFFFFFD3
:100D3000FFFFFFFFFFFFFFFFFFFFFFFFFFFFFFFFC3
:100D4000FFFFFFFFFFFFFFFFFFFFFFFFFFFFFFFFB3
:100D5000FFFFFFFFFFFFFFFFFFFFFFFFFFFFFFFFA3
:100D6000FFFFFFFFFFFFFFFFFFFFFFFFFFFFFFFF93
:100D7000FFFFFFFFFFFFFFFFFFFFFFFFFFFFFFFF83
:100D8000FFFFFFFFFFFFFFFFFFFFFFFFFFFFFFFF73
:100D9000FFFFFFFFFFFFFFFFFFFFFFFFFFFFFFFF63
:100DA000FFFFFFFFFFFFFFFFFFFFFFFFFFFFFFFF53
:100DB000FFFFFFFFFFFFFFFFFFFFFFFFFFFFFFFF43
:100DC000FFFFFFFFFFFFFFFFFFFFFFFFFFFFFFFF33
:100DD000FFFFFFFFFFFFFFFFFFFFFFFFFFFFFFFF23
:100DE000FFFFFFFFFFFFFFFFFFFFFFFFFFFFFFFF13
:100DF000FFFFFFFFFFFFFFFFFFFFFFFFFFFFFFFF03
:100E0000FFFFFFFFFFFFFFFFFFFFFFFFFFFFFFFFF2
:100E1000FFFFFFFFFFFFFFFFFFFFFFFFFFFFFFFFE2
:100E2000FFFFFFFFFFFFFFFFFFFFFFFFFFFFFFFFD2
:100E3000FFFFFFFFFFFFFFFFFFFFFFFFFFFFFFFFC2
:100E4000FFFFFFFFFFFFFFFFFFFFFFFFFFFFFFFFB2
:100E5000FFFFFFFFFFFFFFFFFFFFFFFFFFFFFFFFA2
:100E6000FFFFFFFFFFFFFFFFFFFFFFFFFFFFFFFF92
:100E7000FFFFFFFFFFFFFFFFFFFFFFFFFFFFFFFF82
:100E8000FFFFFFFFFFFFFFFFFFFFFFFFFFFFFFFF72
:100E9000FFFFFFFFFFFFFFFFFFFFFFFFFFFFFFFF62
:100EA000FFFFFFFFFFFFFFFFFFFFFFFFFFFFFFFF52
:100EB000FFFFFFFFFFFFFFFFFFFFFFFFFFFFFFFF42
:100EC000FFFFFFFFFFFFFFFFFFFFFFFFFFFFFFFF32
:100ED000FFFFFFFFFFFFFFFFFFFFFFFFFFFFFFFF22
:100EE000FFFFFFFFFFFFFFFFFFFFFFFFFFFFFFFF12
:100EF000FFFFFFFFFFFFFFFFFFFFFFFFFFFFFFFF02
:100F0000FFFFFFFFFFFFFFFFFFFFFFFFFFFFFFFFF1
:100F1000FFFFFFFFFFFFFFFFFFFFFFFFFFFFFFFFE1
:100F2000FFFFFFFFFFFFFFFFFFFFFFFFFFFFFFFFD1
:100F3000FFFFFFFFFFFFFFFFFFFFFFFFFFFFFFFFC1
:100F4000FFFFFFFFFFFFFFFFFFFFFFFFFFFFFFFFB1
:100F5000FFFFFFFFFFFFFFFFFFFFFFFFFFFFFFFFA1
:100F6000FFFFFFFFFFFFFFFFFFFFFFFFFFFFFFFF91
:100F7000FFFFFFFFFFFFFFFFFFFFFFFFFFFFFFFF81
:100F8000FFFFFFFFFFFFFFFFFFFFFFFFFFFFFFFF71
:100F9000FFFFFFFFFFFFFFFFFFFFFFFFFFFFFFFF61
:100FA000FFFFFFFFFFFFFFFFFFFFFFFFFFFFFFFF51
:100FB000FFFFFFFFFFFFFFFFFFFFFFFFFFFFFFFF41
:100FC000FFFFFFFFFFFFFFFFFFFFFFFFFFFFFFFF31
:100FD000FFFFFFFFFFFFFFFFFFFFFFFFFFFFFFFF21
:100FE000FFFFFFFFFFFFFFFFFFFFFFFFFFFFFFFF11
:100FF000FFFFFFFFFFFFFFFFFFFFFFFFFFFFFFFF01
:10100000D1002043F1150060000000000000000046
:10101000201000600010006000F800600000000078
:10102000000000600004010000000000FFFFFFFF5F
:10103000FFFFFFFFFFFFFFFFFFFFFFFFFFFFFFFFC0
:10104000FFFFFFFFFFFFFFFFFFFFFFFFFFFFFFFFB0
:10105000FFFFFFFFFFFFFFFFFFFFFFFFFFFFFFFFA0
:10106000FFFFFFFFFFFFFFFFFFFFFFFFFFFFFFFF90
:10107000FFFFFFFFFFFFFFFFFFFFFFFFFFFFFFFF80
:10108000FFFFFFFFFFFFFFFFFFFFFFFFFFFFFFFF70
:10109000FFFFFFFFFFFFFFFFFFFFFFFFFFFFFFFF60
:1010A000FFFFFFFFFFFFFFFFFFFFFFFFFFFFFFFF50
:1010B000FFFFFFFFFFFFFFFFFFFFFFFFFFFFFFFF40
:1010C000FFFFFFFFFFFFFFFFFFFFFFFFFFFFFFFF30
:1010D000FFFFFFFFFFFFFFFFFFFFFFFFFFFFFFFF20
:1010E000FFFFFFFFFFFFFFFFFFFFFFFFFFFFFFFF10
:1010F000FFFFFFFFFFFFFFFFFFFFFFFFFFFFFFFF00
:10110000FFFFFFFFFFFFFFFFFFFFFFFFFFFFFFFFEF
:10111000FFFFFFFFFFFFFFFFFFFFFFFFFFFFFFFFDF
:10112000FFFFFFFFFFFFFFFFFFFFFFFFFFFFFFFFCF
:10113000FFFFFFFFFFFFFFFFFFFFFFFFFFFFFFFFBF
:10114000FFFFFFFFFFFFFFFFFFFFFFFFFFFFFFFFAF
:10115000FFFFFFFFFFFFFFFFFFFFFFFFFFFFFFFF9F
:10116000FFFFFFFFFFFFFFFFFFFFFFFFFFFFFFFF8F
:10117000FFFFFFFFFFFFFFFFFFFFFFFFFFFFFFFF7F
:10118000FFFFFFFFFFFFFFFFFFFFFFFFFFFFFFFF6F
:10119000FFFFFFFFFFFFFFFFFFFFFFFFFFFFFFFF5F
:1011A000FFFFFFFFFFFFFFFFFFFFFFFFFFFFFFFF4F
:1011B000FFFFFFFFFFFFFFFFFFFFFFFFFFFFFFFF3F
:1011C000FFFFFFFFFFFFFFFFFFFFFFFFFFFFFFFF2F
:1011D000FFFFFFFFFFFFFFFFFFFFFFFFFFFFFFFF1F
:1011E000FFFFFFFFFFFFFFFFFFFFFFFFFFFFFFFF0F
:1011F000FFFFFFFFFFFFFFFFFFFFFFFFFFFFFFFFFF
:10120000FFFFFFFFFFFFFFFFFFFFFFFFFFFFFFFFEE
:10121000FFFFFFFFFFFFFFFFFFFFFFFFFFFFFFFFDE
:10122000FFFFFFFFFFFFFFFFFFFFFFFFFFFFFFFFCE
:10123000FFFFFFFFFFFFFFFFFFFFFFFFFFFFFFFFBE
:10124000FFFFFFFFFFFFFFFFFFFFFFFFFFFFFFFFAE
:10125000FFFFFFFFFFFFFFFFFFFFFFFFFFFFFFFF9E
:10126000FFFFFFFFFFFFFFFFFFFFFFFFFFFFFFFF8E
:10127000FFFFFFFFFFFFFFFFFFFFFFFFFFFFFFFF7E
:10128000FFFFFFFFFFFFFFFFFFFFFFFFFFFFFFFF6E
:10129000FFFFFFFFFFFFFFFFFFFFFFFFFFFFFFFF5E
:1012A000FFFFFFFFFFFFFFFFFFFFFFFFFFFFFFFF4E
:1012B000FFFFFFFFFFFFFFFFFFFFFFFFFFFFFFFF3E
:1012C000FFFFFFFFFFFFFFFFFFFFFFFFFFFFFFFF2E
:1012D000FFFFFFFFFFFFFFFFFFFFFFFFFFFFFFFF1E
:1012E000FFFFFFFFFFFFFFFFFFFFFFFFFFFFFFFF0E
:1012F000FFFFFFFFFFFFFFFFFFFFFFFFFFFFFFFFFE
:10130000FFFFFFFFFFFFFFFFFFFFFFFFFFFFFFFFED
:10131000FFFFFFFFFFFFFFFFFFFFFFFFFFFFFFFFDD
:10132000FFFFFFFFFFFFFFFFFFFFFFFFFFFFFFFFCD
:10133000FFFFFFFFFFFFFFFFFFFFFFFFFFFFFFFFBD
:10134000FFFFFFFFFFFFFFFFFFFFFFFFFFFFFFFFAD
:10135000FFFFFFFFFFFFFFFFFFFFFFFFFFFFFFFF9D
:10136000FFFFFFFFFFFFFFFFFFFFFFFFFFFFFFFF8D
:10137000FFFFFFFFFFFFFFFFFFFFFFFFFFFFFFFF7D
:10138000FFFFFFFFFFFFFFFFFFFFFFFFFFFFFFFF6D
:10139000FFFFFFFFFFFFFFFFFFFFFFFFFFFFFFFF5D
:1013A000FFFFFFFFFFFFFFFFFFFFFFFFFFFFFFFF4D
:1013B000FFFFFFFFFFFFFFFFFFFFFFFFFFFFFFFF3D
:1013C000FFFFFFFFFFFFFFFFFFFFFFFFFFFFFFFF2D
:1013D000FFFFFFFFFFFFFFFFFFFFFFFFFFFFFFFF1D
:1013E000FFFFFFFFFFFFFFFFFFFFFFFFFFFFFFFF0D
:1013F000FFFFFFFFFFFFFFFFFFFFFFFFFFFFFFFFFD
:10140000824205D051F8043B40F8043B8242F9D8AF
:10141000704700BF044A05494FF0000342F8043BFF
:101420009142FBD8704700BFC0220020C0A6002018
:1014300080B5BFF34F8F00F009FA544C544B08208D
:101440005449C3F85401544AC3F800115348C3F82F
:10145000F0405349FFF7D4FF524A53495348FFF72E
:10146000CFFF534CFFF7D6FF4FF470004FF0E02151
:101470000023504AC1F8880D44F823200133B02BD3
:10148000FAD14D4B80214D4A03F8011B9342FBD109
:101490004FF0E0254A4F4B4A4FF0FF31C5F8084D59
:1014A0000026D5F8243D43F4E023C5F8243DFB692C
:1014B00023F07F0343F04003FB617B6A23F07F034B
:1014C00043F040037B629166D1661167516700F07B
:1014D000C5F93D4B63223D49A3633D4BE3630323C1
:1014E0006A613C4AAE612B61C5F8202DD5F8FC2D10
:1014F000394B42F08072C5F8FC2D1A6842F00102A7
:101500001A605B680B6000F06DFB344800F000FD72
:10151000F96E334B334A41F44051F9661E60C3F80B
:101520000861C3F81861C3F82861C3F83861936B88
:10153000DB0708D442F615632B4951651365936B9D
:1015400043F001039363274A284C936843F0011347
:10155000936000F00DFA00F0A9FC00F0DDFC00F053
:101560006FFB00F075F92368132BFCD900F000FC29
:101570002368B3F5967FFBD300F06EF900F06AF9AB
:1015800000F0D2FC00F0DCFC30BFFDE70C0D1113C5
:1015900000800D401B101820B8B2000000000000B1
:1015A00050210060C02200200CD400600000002008
:1015B000002000203D82000000E400E0A0E400E004
:1015C00000C00F4000C00A403D96000058A6002011
:1015D0004196000000002020001000E00046C323D8
:1015E0000040084000400D400000C0565CA60020AE
:1015F000054B4FF42A01054A05485A641864054A08
:1016000099639546FFF714FF00C00A40AFAAAAAA43
:10161000070020000000072043690A4A03EB01107D
:1016200010B4037A084C02EB0313D3E901321460BF
:10163000C2681A6003690BB142691A605DF8044B15
:10164000704700BF0C11002061F801004369027E61
:1016500003EB021292F808C08C451CD01A7AFF2ABC
:1016600019D0914210B5044616D01A7EFF2A06D032
:101670000121D3E9002312681A4201D1217610BD5D
:10168000064B0522204603EB0C135B681A60FFF73C
:10169000C3FF2176F3E770470021EAE70C11002031
:1016A00043690A4A03EB011010B490F82830084C43
:1016B00002EB0313D3E901321460C26A1A60036BB0
:1016C0000BB1426B1A605DF8044B70470C1100209F
:1016D00061F801004369427E03EB021292F828C0D0
:1016E0008C451ED093F82820FF2A1AD0914210B5BD
:1016F000044617D093F83820FF2A06D00121D3E9F9
:10170000002312681A4201D1617610BD064B0522F2
:10171000204603EB0C135B681A60FFF7C1FF61768C
:10172000F3E770470021EAE70C11002016494269EF
:101730008B6B23F47C0343F4802370B58B630446E6
:10174000124DD2E900130A681A4303690A600222A3
:1017500000211A610E4A19619A6401225A629D623F
:101760004FF43035DD624FF001159E6C1E65196235
:101770009D651A61017EFFF74FFF617E2046BDE83F
:101780007040FFF78DBF00BF00C00F40B80B0505CC
:101790003B3728192B4A0021012310B4C2F8A000BE
:1017A000C2F8A410C2F8B0305369DB07FCD501239E
:1017B0004FF4803423495361C2F8A000C2F8A4401A
:1017C000C2F8B0304B69DC07FCD501234FF400347C
:1017D0001C4A4B61C1F8A000C1F8A440C1F8B03068
:1017E0005369D907FCD50123174C16495361C2F838
:1017F000A000C2F8A440C2F8B0304B69DB07FCD5AA
:10180000D1F8003145F60D5021249AB24C61824244
:1018100014D045F69D518A420CD1C3F34253032B99
:101820000CD0A3F104035DF8044BB3FA83F35B0916
:101830001801704700205DF8044B704708205DF8E0
:10184000044B704700402A4004000300704700BF6B
:10185000704700BF704700BF00BF704710B44FF023
:10186000E023002110243248C3F8941DC3F89C4D96
:101870001124C3F8A00D2F48C3F89C4D1224C3F8BF
:10188000A00D2D48C3F89C4D2C4AC3F8A00D2C4C3C
:1018900042F015022B48C3F89C4DC3F8A00D2A4C0A
:1018A0002A48C3F89C4DC3F8A00D294CC3F89C2DC1
:1018B0002848294AC3F8A04DC3F89C0DC3F8A02DB1
:1018C00002F5A022254C0C322548C3F89C4DC3F8E4
:1018D000A02D244AC3F89C0DC3F8A02D02F140624C
:1018E000214C02322148C3F89C4DC3F8A02D0A3286
:1018F000C3F89C0DC3F8A02D00BF00BF00BF00BF00
:1019000000BF0122C3F8942DBFF34F8FBFF36F8F39
:10191000C3F8501FBFF34F8FBFF36F8FD3F8142D51
:101920005DF8044B42F44032C3F8142D704700BFF9
:101930003F0000102500080709001000C0A6002085
:1019400013002000210002071400002025000813C6
:10195000090000101600202027000B13170000407C
:10196000180000602F000B07190000701A0000809B
:10197000F0B5824B1822824D0120824F83B0C3F80C
:101980005C528149C3F86072804CC3F86452A5F57B
:1019900030457F4EC3F8685248F20C75C3F86C426C
:1019A000C3F87042C3F87442C3F878424FF0FF3472
:1019B000DA661A675A679A67DA67C3F88020C3F84D
:1019C0008420C3F88820C1F82C03724AC1F8300380
:1019D000C1F83403C1F83803C1F83C03C1F850031F
:1019E000B1696D4B0A406D486D4913436D4AB3614F
:1019F000D6F8843043F00C03C6F88430036843F013
:101A00000203036003682B4021251A43664B0260E2
:101A100044608A68654C1340654A43F00053836014
:101A2000C36823F07803C360036A1340234303624F
:101A3000036A13405F4A234340F2056443628262B3
:101A4000C2620022D1F8B83023F03F0343F0010313
:101A5000C0F8B830D1F8BC30574923F03F0343F009
:101A60000103C0F8BC3002610567C0F880404567DB
:101A7000C0F884400224036823F0020303608161FC
:101A80004E4B4F49C46143F8042B8B42FBD1434D6D
:101A90002B6843F001032B602C6814F00104FBD188
:101AA0004549022340F2F5622046A96140F299417E
:101AB000EB6140F26643C5F8002242F20142C5F8EC
:101AC0001032404BC5F82012C5F8303240F2354391
:101AD000C5F834223C49C5F840323C4BC5F8501299
:101AE0003B4AC5F8543242F20123C5F86022C5F8DA
:101AF0006432FFF74FFE0646002836D083024FF4CB
:101B000080222B660123C5F8A040244CC5F8A420F0
:101B1000C5F8B0306369DA07FCD501253705656182
:101B20003846FFF737FE32182A4BD2B21A7078B116
:101B300080024FF4802319496066C4F8A070C4F88D
:101B4000A430C4F8B0504B69DB07FCD501234B61CE
:101B500021490024214801230094401A00EB02523D
:101B60001F4800F0DDF903B0F0BD1D4B194A1860A5
:101B70001070D860C3E9010003B0F0BD00801F40C1
:101B8000F9B00100F910010000841F40F970010054
:101B900000C00F40FFFCFF1F0003008000402A40F0
:101BA00000802A401200FFFFFF37F700400000804E
:101BB00000FFF07CFF000F83F05AF05A00422A40E9
:101BC00000432A409F041830EB06180A063201260B
:101BD0003806180A87A60020000000700000007078
:101BE000B4A50020F0B4154A40274FF480314FF4DB
:101BF00080564FF400554FF4404443F242001369BD
:101C000013F0020F0ED113F4005F0FD013F4805FB6
:101C10000ED0002BF3DA13F4803F0BD15B060BD50B
:101C2000F0BC7047946151619061E8E75561E6E767
:101C30005661E4E79161E2E75761E0E700800D401B
:101C40003F4A03203F49F3EE095AD2F880304FF063
:101C5000000C9FED3D6A23F001039FED3C5A30B428
:101C6000C2F88030C2F89000D1F8E010384DCBB205
:101C7000384C39482B6007EE903A0B0DC1F30B211D
:101C8000F8EEE77A06EE903A07EE101A334BB8EE0C
:101C9000C77A2160F8EEE66A314937EEC66A37EE58
:101CA000C55A76EEC76A77EEE57A26EE266AC3ED68
:101CB000006A25EE265AD2F8803067EEA64AC0EDBB
:101CC000007AC6EE275A274885EE276AC4EEA76A2F
:101CD00075EE875AFCEEE55A36EE076A15EE904A25
:101CE000BCEEC66A43EA045376EE877AC2F88030C7
:101CF00016EE103AD2F89041FCEEE77A01EA034181
:101D0000214317EE903AC2F89011C3F30B03D2F8B7
:101D100090110B431449C2F89031D2F8803043F04F
:101D20000203C2F88030114B80F840C0C1F8403146
:101D30004FF0E023012230BCC3F80821704700BFF8
:101D400000810D4000441F400000AA420000B44240
:101D500048A6002044A600204CA6002050A6002043
:101D60000000FF0F00E400E000200020FD830000E1
:101D7000314B40F6617210B5C3F8202140F20444A3
:101D800000F0DAF82D4A2E49D2F880302D4843F081
:101D90000303C2F880302C4BC1F8604102681A423C
:101DA00003D1D1F8A8319A071BD0254A4FF0004142
:101DB000244B5963D2F8403143F00203C2F840315A
:101DC000D2F840319B07FBD44FF400304FF0E021B4
:101DD0001C4B4FF00042C1F88C0219209A6300F0AE
:101DE000B3F8184A4FF08040154C002190630A2048
:101DF000164B11604FF42072C4F8A801184600F089
:101E000097F84FF4800203464FF4810040F24311EB
:101E10001860C4F858311A640D4B0E4AC4F84811C2
:101E2000C3F804224FF0E0224FF400310123C2F83E
:101E30000C11C4F8403110BD00800D4000C00F40AF
:101E400000002E4000900D40001C1E0000000020ED
:101E500000200020E585000008B50E4B1B6E9B0797
:101E600000D4FBBE72B60C4B00200C4AC3F84001F4
:101E700003F160430A49A3F55F2311649D46BFF354
:101E80004F8F4FF400130748074ADB6902609B68D5
:101E9000984700BF00441F4000002E4000C00A4089
:101EA0000300200000802020000012EB104BA02037
:101EB000104AD96E41F4403110B4D96640F237640B
:101EC000D96E41F44071D96654649064936C1B06DA
:101ED000FCD4094A40F23761A02351649364936CA7
:101EE00013F08003FBD1054A13705DF8044B704773
:101EF00000C00F4000400C4000800C4086A600202F
:101F0000F8B500BFF8BC08BC9E4670470000000052
:101F10005FF800F0FD7C00005FF800F0DD96000047
:101F20005FF800F0419800005FF800F08DAA000013
:101F30005FF800F055A900005FF800F0558D000033
:101F40005FF800F0958000005FF800F0ED7F000082
:081F500045000000B16D000026
:101F580080C00F40000000031900000010000000BE
:101F6800E8841F4001000000FF000000FF0000009F
:101F78000000000000000000180000001000000031
:101F8800E4841F4001000000FF000000FF00000083
:101F980000000000000000001F0000006D7200003B
:101FA80070C00F40000C000011000000110000007C
:101FB800E0841F40020000002C0000001200000016
:101FC800E0841F4001000000100000001100000024
:101FD800DC841F40020000002D00000012000000F9
:101FE800DC841F40010000001E0000006172000038
:101FF80070C00F40C0000000120000001300000075
:10200800D0841F4001000000FF000000FF00000016
:102018000000000000000000130000001300000092
:10202800CC841F4001000000FF000000FF000000FA
:1020380000000000000000001C00000055720000B5
:10204800160355005300420020005300650072003B
:10205800690061006C000000180354006500650009
:102068006E00730079006400750069006E006F00EF
:102078000403090409026200030100C032080B00CE
:102088000202020100090400000102020100052405
:10209800001001052401010104240206052406009C
:1020A800010705820310001009040100020A00005C
:1020B80000070503024000000705840240000009EC
:1020C80004020002FF6AFF000705810240000107C1
:1020D800050102400001000009026200030100C07E
:1020E80032080B000202020100090400000102028A
:1020F8000100052400100105240101010424020641
:1021080005240600010705820310000509040100E3
:10211800020A000000070503020002000705840206
:102128000002000904020002FF6AC70007058102D5
:102138000002010705010200020100000A06000270
:08214800EF020140010000005C
:10215000000000000000000000000000000000007F
:10216000000000000000000000000000000000006F
:102170000548064B1B1AD90F01EBA301491002D0E9
:10218000034B03B118477047C0220020C022002033
:102190000000000008B5054B1BB105490548AFF329
:1021A0000080BDE80840FFF7E3BF00BF000000006B
:1021B000D0A500200004016000207047704700BFD8
:1021C00000207047034B186810B103681B6818475C
:1021D000704700BFC4760020034B186810B1036835
:1021E0001B681847704700BFC87600202DE9F041F2
:1021F00000F5005090B0574C9646574B0094C0F8ED
:1022000010191B6A5548C3F301230468403304F0D6
:1022100080746B4413F8406C514B03FB06F6036863
:10222000B6FBF1F2B6FBF2F543F0A0434D1B0360A1
:102230000368DF01FCD5052A4FF0000C2AD960465F
:10224000831C0130B2FBF3F7192F07FB03F3F7D818
:102250004FF00108B6FBF3F3CB1A002BB8BF5B427B
:10226000AB420BDBA7F10C0318BF4FF00008062BA5
:102270000AD8B8F1000F07D08446E1E71D46A7F160
:102280000C038446062BF4D9052FD9D80CF1010391
:10229000B2FBF3F2B5F5967FA2F105024CDC142AED
:1022A0004AD802EB42022F4F6E46DFF8B08002F1AF
:1022B0004003BEF1020F0DEB03050FCF0FC60FCF8A
:1022C0000FC60FCF0FC697E80F0007C626F8023BD0
:1022D0004FEA1343337015F83F3C15F83E2C4FEA94
:1022E000C34315F8401C4FEA024203F4601301F0A7
:1022F000070102F4E02243EA020343EA010343F444
:10230000800343EA0C6343F48043C8F80430D8F8F0
:10231000043014BF23F0080343F00803C8F8043066
:102320003CB90E4A136823F0805313601368DB0135
:10233000FCD410B0BDE8F081002CFAD1074A136834
:1023400023F0805313601368D901FCD410B0BDE8AA
:10235000F08100BF3C18500000C00F4000001D403D
:1023600040420F00800200202DE9F04100F50050AE
:1023700090B0574C9646574B0094C0F810191B6A02
:102380005548C3F301230468403304F080746B4460
:1023900013F8406C514B03FB06F60368B6FBF1F2F1
:1023A000B6FBF2F543F0A0434D1B03600368DF0169
:1023B000FCD5052A4FF0000C2AD96046831C013059
:1023C000B2FBF3F7192F07FB03F3F7D84FF001081F
:1023D000B6FBF3F3CB1A002BB8BF5B42AB420BDB6F
:1023E000A7F10C0318BF4FF00008062B0AD8B8F16C
:1023F000000F07D08446E1E71D46A7F10C03844691
:10240000062BF4D9052FD9D80CF10103B2FBF3F256
:10241000B5F5967FA2F105024CDC142A4AD802EBEE
:1024200042022F4F6E46DFF8B08002F14003BEF14A
:10243000020F0DEB03050FCF0FC60FCF0FC60FCF47
:102440000FC697E80F0007C626F8023B4FEA134372
:10245000337015F83F3C15F83E2C4FEAC34315F88E
:10246000401C4FEA024203F4601301F0070102F43A
:10247000E02243EA020343EA010343F4800343EA10
:102480000C6343F48043C8F80430D8F8043014BF18
:1024900023F0080343F00803C8F804303CB90E4A9F
:1024A000136823F0805313601368DB01FCD410B071
:1024B000BDE8F081002CFAD1074A136823F080535D
:1024C00013601368D901FCD410B0BDE8F08100BFDF
:1024D0003C18500000C00F4000401D4040420F001B
:1024E00080020020002070470020704708207047BD
:1024F00000207047002070470820704770B590F8A2
:10250000213004460E461546102B24D80BBB94F8F8
:102510002020291EE3694FEA420218BF012183F8F7
:10252000A5200122890183F8302183F82F21E06959
:1025300003681B689847E069314603681B68984741
:10254000022D10D194F821300133DBB284F8213010
:1025500070BD002AEFD10121E06906F04DFE002395
:1025600084F82130D3E70121E06906F045FE00231D
:1025700084F8213070BD00BF10490B68486B0A68B1
:10258000496B02F07F02C1F3036101320431B2EB07
:10259000410F10D303F07F03C0F30360053B01300C
:1025A000A3EB4003DBB2054A106800F07F00013066
:1025B000C01AC0B270470023F5E700BF00001D40FD
:1025C00010490B68486B0A68496B02F07F02C1F33F
:1025D000036101320431B2EB410F10D303F07F03EA
:1025E000C0F30360053B0130A3EB4003DBB2054AB7
:1025F000106800F07F000130C01AC0B2704700239D
:10260000F5E700BF00401D40104A136843F0A043A7
:1026100013601368D901FCD5136878B123F4003333
:102620001360536843F480535360084A136823F0DF
:10263000805313601368DB01FCD4704743F400330C
:102640001360536823F480535360EEE700401D404D
:10265000104A136843F0A04313601368D901FCD5F6
:10266000136878B123F400331360536843F4805344
:102670005360084A136823F0805313601368DB012A
:10268000FCD4704743F400331360536823F4805341
:102690005360EEE700001D4010B5044600230A22F7
:1026A00007F0E0F92046BDE8104007F0CDB900BFC3
:1026B00069B170B5054608460C460AF089FC2B68DE
:1026C0000246214628465B68BDE8704018477047BF
:1026D000634A2DE9F0411468136804F0807443F0F4
:1026E000A04313601368DD01FCD511680023DFF8F7
:1026F00078C121F000515B4F594E11601946536269
:102700009362126803EB0C02DD1901331201AD0074
:10271000D160DBB29160516011602960326802F0D3
:102720007F0201329342EDD3B1643161F26A336BBF
:10273000F26233633368002849D1DFF82C81054603
:10274000474E484F19E0336803F07F030133B0EB85
:10275000930F34BF4FF080634FF08C631360736B43
:10276000C3F300439B070B603368013503F07F031D
:10277000EDB2013328469D421ED2336805EB0802B4
:10278000E91903F07F03120189000133B0EB530F05
:10279000D9D34FF00063136033689A0003D5FFF775
:1027A0000FFFA842E0D801231F2D03FA05F34CD8F0
:1027B000B26A1343B362D7E73CB9294A136823F0DE
:1027C000805313601368DB01FCD4BDE8F08143F053
:1027D00000533360356815F000553ED0FFF7F0FE2A
:1027E0003368054603F07F0301338342E4D91E4F6B
:1027F0004FF00066DFF868800DE0D8F8282013431A
:10280000C8F82830D8F80030013503F07F03EDB266
:1028100001339D42D0D2EB191B011E60D8F8003065
:10282000990003D5FFF7CCFE8542EBD301231F2D82
:1028300003FA05F3E1D9A5F120010123D8F82420FA
:102840008B401343C8F82430DCE7A5F120010123B5
:10285000726A8B401343736286E73368C7E700BF31
:1028600000401D402052071008D40104634A2DE99E
:10287000F0411468136804F0807443F0A0431360BF
:102880001368DD01FCD511680023DFF878C121F061
:1028900000515B4F594E11601946536293621268A2
:1028A00003EB0C02DD1901331201AD00D160DBB284
:1028B0009160516011602960326802F07F0201323C
:1028C0009342EDD3B1643161F26A336BF2623363E8
:1028D0003368002849D1DFF82C810546474E484F20
:1028E00019E0336803F07F030133B0EB930F34BF7B
:1028F0004FF080634FF08C631360736BC3F300433E
:102900009B070B603368013503F07F03EDB20133A1
:1029100028469D421ED2336805EB0802E91903F0F0
:102920007F03120189000133B0EB530FD9D34FF06D
:102930000063136033689A0003D5FFF71DFEA842B9
:10294000E0D801231F2D03FA05F34CD8B26A1343D4
:10295000B362D7E73CB9294A136823F08053136068
:102960001368DB01FCD4BDE8F08143F00053336011
:10297000356815F000553ED0FFF7FEFD336805467B
:1029800003F07F0301338342E4D91E4F4FF000660A
:10299000DFF868800DE0D8F828201343C8F8283005
:1029A000D8F80030013503F07F03EDB201339D42CA
:1029B000D0D2EB191B011E60D8F80030990003D566
:1029C000FFF7DAFD8542EBD301231F2D03FA05F350
:1029D000E1D9A5F120010123D8F824208B4013432D
:1029E000C8F82430DCE7A5F120010123726A8B408E
:1029F0001343736286E73368C7E700BF00001D40DA
:102A00002042071008D001042DE9F047876817F02D
:102A100001044AD1002F5DDD054690464E1EA146B9
:102A20002CE0A0F14103DBB2052B46D837385FFA22
:102A300080FA09F10101284607F082F9A0F130037C
:102A4000DBB2092B0BD9A0F16103DBB2052B31D925
:102A5000A0F14103DBB2052B27D83738C3B243EAD4
:102A60000A020F2A21D809F1020943EA0A130134A4
:102A70004F4506F8013F15DDA04513DD49462846C0
:102A800007F05EF9A0F1300A5FFA8AFABAF1090F8D
:102A9000CFD9A0F16103DBB2052BC2D857385FFA5A
:102AA00080FAC6E76300BB4201D04FF0FF342046F6
:102AB000BDE8F0875738C3B2D1E709F101012846D4
:102AC00007F03EF9A0F13003DBB2092BEDD94FF04E
:102AD000FF0AB8E72346E6E738B5044649B1084699
:102AE0000D460AF075FA2368024629465B682046BF
:102AF00098472046BDE8384006F0A6BF70B5154699
:102B00000C460246002125EAE575144806F0AEFCA5
:102B100020460AF05DFA0C2D024621460F484FF080
:102B200000040E4EA8BF0C2506F05AFF02220C49E5
:102B30000A4806F055FFA542CCBF232120210134CD
:102B4000304606F07FFD0C2CF5D15D21034806F0E0
:102B500079FD0248BDE8704006F038BDE8A50020C8
:102B60005C0D002070B5604B82B06049002201937B
:102B70000B6AC3F3012308336B4413F8043CC0E928
:102B80000122C0E90322002B00F0858000F50055EA
:102B900056492420564B0124564A0226C5F80C09F2
:102BA0001220C3F8D0208A6E534B42F470328A66EA
:102BB00041F2B00185F81549504A514CC3F81C0147
:102BC000C3F80C13E664C3F82001C3F810131368AC
:102BD00023F000431360136843F0A04313601368AD
:102BE000DC01FCD55368454943F008035360136882
:102BF00043F0804313600B68D802FCD40B683F4A53
:102C000043F000730B6013689901FCD43B4C2368BC
:102C1000DA01FCD52368002043F4003323602368E5
:102C200043F480332360236843F480532360236894
:102C300043F400532360236843F480032360236834
:102C400043F400232360236823F408432360636B69
:102C500043F4E0236363236843F400132360236891
:102C600043F080632360FFF701FE2368234A23F0CB
:102C7000805323601368DB01FCD4D5F80C290121B3
:102C8000204B03EB521302F01F029B0001FA02F2E9
:102C90001A6002B070BD0B6A1B4A23F47F7343F4C1
:102CA00080730B621368E3B1144A00F500551C6889
:102CB00018465268D5F81019C2F3C0026368520072
:102CC0009847124B186800283FF462AF0B4A03681C
:102CD0005268D5F81019C2F3C0025B6852009847D9
:102CE00056E700F50055ECE73C18500000C00F40D7
:102CF000002000207500000000801F4000001D40E3
:102D000000841F4040380038C4760020C876002078
:102D100070B5604B82B06049002201930B6AC3F327
:102D2000012308336B4413F8043CC0E90122C0E9D5
:102D30000322002B00F0858000F500555649252020
:102D4000564B0224564A0126C5F80C091020C3F838
:102D5000D4208A6E534B42F470128A6641F2B0015D
:102D600085F81549504A514CC3F8C400C3F8B41251
:102D70002665C3F8C800C3F8B812136823F00043EF
:102D80001360136843F0A04313601368DC01FCD5A3
:102D90005368454943F008035360136843F0804388
:102DA00013600B68D802FCD40B683F4A43F00073F1
:102DB0000B6013689901FCD43B4C2368DA01FCD505
:102DC0002368002043F400332360236843F48033F6
:102DD0002360236843F480532360236843F4005343
:102DE0002360236843F480032360236843F40023B3
:102DF0002360236823F408432360636B43F4E023D8
:102E00006363236843F400132360236843F0806303
:102E10002360FFF75DFC2368234A23F0805323607F
:102E20001368DB01FCD4D5F80C290121204B03EBFE
:102E3000521302F01F029B0001FA02F21A6002B064
:102E400070BD0B6A1B4A23F47F7343F480730B62DB
:102E50001368E3B1144A00F500551C68184652681F
:102E6000D5F81019C2F3C002636852009847124B9C
:102E7000186800283FF462AF0B4A03685268D5F81F
:102E80001019C2F3C0025B685200984756E700F57C
:102E90000055ECE73C18500000C00F400020002017
:102EA0008900000000801F4000401D4000841F403A
:102EB00040380038C4760020C87600202DE9F84359
:102EC000624D40F2EE28624C624FDFF8BC912E68F2
:102ED00008F0CEFB2378002B00F092803B78DB07D4
:102EE00040F18E802B68D9F800209B1A0E2B40F2FF
:102EF00087805948594CFFF735FE002258495648FB
:102F0000FFF774F9236843F0A04323602368DD01D1
:102F1000FCD500202568FFF7A9FCE26A236BE2627A
:102F20002363236823F07F032360236843F00F03A8
:102F30002360AC0072D4494A136823F080531360B5
:102F40001368D801FCD40120464CFFF78FFC46489B
:102F5000FFF7DEFE022242494348FFF705FA2368E5
:102F600043F0A04323602368D901FCD500202568E5
:102F7000FFF7AEFBE26A236BE262AA0023632368D9
:102F800023F07F032360236843F00F03236057D4AB
:102F9000344A136823F0805313601368DB01FCD4B8
:102FA000324C0120FFF794FB012520460AF01CFA61
:102FB0002F49204606F008FA78232946204684F84F
:102FC000A53084F8305184F82F5106F015F948BB2C
:102FD0003C23284801242849284A0B7080F82030D7
:102FE0000023274980F82130147006F0CFFA2148D9
:102FF000244906F005FB1F48BDE8F84306F0A8BACF
:103000002B6822789B1B32B1B3F5FA6F3FF671AF94
:1030100008F02EFB5CE74345FAD96AE70120FFF789
:1030200025FC88E77A232946204684F8305184F825
:10303000A53084F82F5106F0DFF828B93D23C8E702
:103040000120FFF745FBA3E7BDE8F8835CA600205D
:1030500090A600208FA600208824002000001D409C
:1030600020A1070000401D40A04D00207816002040
:10307000801A0600E8A5002082A600207FA6002076
:10308000380D00206C0D00206CA600201F2910B404
:1030900022D8012318488B400363184B4FF000647B
:1030A000D0790B441B011C60E8B1117A1068090546
:1030B00020F0604041F4C0015860D0685DF8044BD6
:1030C00000BA9860106900BAD860D27A41EA024228
:1030D00042F040621A607047A1F1200401230648C3
:1030E000A340C362D9E714680548117A00EA844016
:1030F00009055860E1E700BF00001D4008D0010449
:103100000000FC1F1F2910B422D8012318488B404F
:103110000363184B4FF00064D0790B441B011C6013
:10312000E8B1117A1068090520F0604041F4C0014F
:103130005860D0685DF8044B00BA9860106900BA16
:10314000D860D27A41EA024242F040621A60704787
:10315000A1F1200401230648A340C362D9E7146803
:103160000548117A00EA844009055860E1E700BF8C
:1031700000401D4008D401040000FC1F00F58053EE
:10318000D3F8003EDB0069D5374B2DE9F04F5E6B7D
:103190004FF0000E41F6146941F60467C6F303666A
:1031A00041F60868F600083609E013685B0F052B46
:1031B00034D00EF1010E5FFA8EF39E4250D90EEB21
:1031C0004E0500EBC50C0CF5F05213685B0F012B9C
:1031D00013680DD05B0F022BE7D15CF807308B42F0
:1031E000E7D85CF808308B42E3D30120BDE8F08FCC
:1031F00013F4607FDDD06D00002304E01468C4F395
:10320000C21C6345D5D2013305EB030CDBB20CF5D0
:10321000F06C50F82C408C42F0D1E6E7136813F4C0
:10322000607FC6D0CC446D00012405E01368C3F371
:10323000C21301339C42BCD22B19DCF800A001342C
:1032400003F5F0630AEA010AE4B250F82330DCF82F
:1032500000B003EA0B039A45E8D1C6E701207047A6
:103260000020BDE8F08F00BF00401D4001EB410190
:1032700070B500EBC10404F5045EDEF80030DB003D
:1032800028D5DEF800305B0F012B0BD0DEF80030C4
:103290005B0F022B42D0DEF800305B0F052B1BD0FA
:1032A000002070BDDEF8004014F4607FF8D00023E9
:1032B0004D0005E0DEF80010C1F3C21C6345EFD2FB
:1032C000013305EB030CDBB20CF5046C50F82C4019
:1032D0009442EFD1012070BDDEF8005015F4607FFC
:1032E000DED042F2141549000123254407E0DEF840
:1032F0000040C4F3C21C0CF1010C6345D0D22C6811
:1033000004EA020CCC18013304F50464DBB250F873
:1033100024402E683440A445E9D1DBE742F204138F
:10332000E3589342BCD842F20813E058904234BFAD
:103330000020012070BD00BF00F58053D3F8003E8F
:10334000DB0069D5374B2DE9F04F5E6B4FF0000E77
:1033500041F6146941F60467C6F3036641F608684E
:10336000F600083609E013685B0F052B34D00EF128
:10337000010E5FFA8EF39E4250D90EEB4E0500EB24
:10338000C50C0CF5F05213685B0F012B13680DD0C0
:103390005B0F022BE7D15CF807308B42E7D85CF873
:1033A00008308B42E3D30120BDE8F08F13F4607F37
:1033B000DDD06D00002304E01468C4F3C21C634533
:1033C000D5D2013305EB030CDBB20CF5F06C50F8F1
:1033D0002C408C42F0D1E6E7136813F4607FC6D02E
:1033E000CC446D00012405E01368C3F3C21301331C
:1033F0009C42BCD22B19DCF800A0013403F5F06329
:103400000AEA010AE4B250F82330DCF800B003EA1B
:103410000B039A45E8D1C6E7012070470020BDE8BC
:10342000F08F00BF00001D4001EB410170B500EBC3
:10343000C10404F5045EDEF80030DB0028D5DEF8B8
:1034400000305B0F012B0BD0DEF800305B0F022B3E
:1034500042D0DEF800305B0F052B1BD0002070BD82
:10346000DEF8004014F4607FF8D000234D0005E042
:10347000DEF80010C1F3C21C6345EFD2013305EB47
:10348000030CDBB20CF5046C50F82C409442EFD1E5
:10349000012070BDDEF8005015F4607FDED042F2EE
:1034A000141549000123254407E0DEF80040C4F369
:1034B000C21C0CF1010C6345D0D22C6804EA020C4A
:1034C000CC18013304F50464DBB250F824402E68B4
:1034D0003440A445E9D1DBE742F20413E3589342B8
:1034E000BCD842F20813E058904234BF00200120BB
:1034F00070BD00BF43884FF01A0C03F00F0310B5E6
:103500000CFB03034FEA122E044683F816E04388AF
:1035100003F00F030CFB0303DA75408800F00F0083
:103520000CFB0040183009F041FA6288238892B2FF
:103530009BB283F010039A4204D12388013303F035
:103540001F0323806388013303F01F036380A38874
:103550009BB20F2B03D8A38801339BB2A38010BD6D
:103560008B7DF0B50D468DB00446504E002B45D1F5
:10357000336813F0005C25D0FEF7FEFF3368844605
:1035800003F07F03013383421ED94949474807E0CE
:1035900003685FFA82FC03F07F0301339C4513D27A
:1035A0000CEB01030CF101021B011B68C3F3036365
:1035B000082BEDD120462A466146FFF767FD012022
:1035C0000DB0F0BD3368E0E7EE46384E0FCDF4465F
:1035D000ACE80F0095E803008CE80300306A10F0B7
:1035E000200045D104F58053B3F81E3B9BB2102B4D
:1035F000E6D0FF2306AD8DF814302AE0306810F0D5
:10360000005038D0FEF7B8FF336803F07F03013372
:10361000984231D3274B4FF0FF3C1B68C3F3036341
:10362000082B3BD0EE46214F0FCD76460FC695E8CE
:10363000030086E80300386A10F0200018D104F572
:103640008053B3F81E3B9BB2102BB9D006AD8DF85A
:1036500014C0BEE80F000FC59EE80300182285E8DD
:10366000030041F61A300DEB02012044FFF742FF40
:1036700001200DB0F0BD33680D490C4E05E03368F4
:1036800003F07F0301339842C4D24318421C84469E
:103690001B01D0B21A681201BFD4F0E720462A46B7
:1036A0005FFA8CF1FFF7F2FC012089E700001D4072
:1036B00008D0010470001D402DE9F04F924C87B0F6
:1036C0000021204606F03CFB53283CD043383728E5
:1036D0003CD8DFE810F09D003B003B00A2003B001F
:1036E0003B003B003B003B00A500410058005F0051
:1036F0003B003B0041003B0071003B009A003B0057
:103700003B003B0041003B003B003B003B003B00DB
:103710003B003B003B003B003B003B003B003B00D1
:103720003B003B003B003B003B0041003B003B00BB
:103730003B003B0041003B00A8003B0072013B0006
:103740003B003B004100A368012B0BD8072007B0CA
:10375000BDE8F04F07F0F8BE0D2007B0BDE8F04F10
:1037600007F0F2BE0121204606F0EAFA3038C0B276
:103770000828EBD8654B53F82030002BE6D0644A7C
:103780000D201360E3E70621624807B0BDE8F04F63
:1037900007F0F0BE5E4B002219685F48FEF726FD79
:1037A0000120FFF763F85D4B01220D201A7007B06E
:1037B000BDE8F04F07F0C8BEA368092B40F2F780C0
:1037C00001270025504E0BE00529A0F137004FF0EE
:1037D000FF0398BFC3B201371D43092F00F0F080EB
:1037E0003946304606F0ACFAA0F13003A0F1610290
:1037F000A0F14101DBB22D01092BD2B2C9B2EAD945
:10380000052AE1D85738C3B2E5E706214448BCE7AA
:10381000424B00220D201A7099E704214148B4E779
:103820003B4B0222B8E7A368042B40F2C080012181
:10383000354806F085FAA0F13003DBB2092B40F2DF
:103840008881A0F16103DBB2052B40F28C81A0F1ED
:103850004103DBB2052B00F28B81A0F13706F6B2F3
:1038600036020221284806F06BFAA0F13003DBB2E1
:10387000092B40F26C81A0F16103DBB2052B40F211
:103880006D81A0F14103DBB2052B00F27481A0F140
:103890003705EDB22D0103211B4806F051FAA0F1C6
:1038A00030033543DBB2092B0DD9A0F16103DBB244
:1038B000052B40F25081A0F14103DBB2052B00F251
:1038C0005D813738C3B204210F481D4306F038FA32
:1038D0003038E946C6B2092E40F21781124F4FF038
:1038E000080C4E46E2460FCF0FC697E8030086E865
:1038F000030000958DF80BC00DF10B084FF0060B7F
:103900000026014F43E000BFC4A50020180300209B
:10391000381A0020180D0020882400207EA60020E0
:10392000080D0020200D0020C0020020A0F161033E
:10393000DBB2052B40F2E080A0F14103DBB2052BA6
:1039400000F2DF803738000100F0F00559463846B4
:1039500006F0F6F9A0F13003DBB2092B40F2B78094
:10396000A0F16103DBB2052B40F2C280A0F141035C
:10397000DBB2052B00F2C78037380543EDB20136C4
:103980000BF1020B08F8015F564580F2D380A36863
:103990005B450CDD0BF1FF31384606F0D1F9A0F1A3
:1039A0003005EDB2092DC1D82D01EDB2CEE70720CB
:1039B00007F0CAFD07B0BDE8F08F06217548E4E6C0
:1039C0003946754806F0BCF93038E946C6B2092ECA
:1039D00059D9724F4FF0080C4E464FF0010EE04699
:1039E0000FCF0FC697E8030086E8030000958DF817
:1039F00007E08DF80BC00DF10B074FF00B0A002507
:103A0000654E2CE0A0F16103DBB2052B61D9A0F17A
:103A10004103DBB2052B66D83738000100F0F00B0C
:103A20005146304606F08CF9A0F13003DBB2092B89
:103A30004AD9A0F16103DBB2052B4FD9A0F14103B4
:103A4000DBB2052B52D837384BEA000B5FFA8BF309
:103A500001350AF1020A07F8013F45452BDAA36850
:103A60005345A4DD0AF1FF31304606F069F9A0F1B3
:103A7000300B5FFA8BFBBBF1090FC3D84FEA0B1B6E
:103A80005FFA8BFBCCE7DFF814C1082E4F46B04637
:103A90004FF0010EA8BF4FF00808BCE80F000FC799
:103AA0009CE8030087E8030000958DF807E08DF897
:103AB0000B80002E9FD13A4B1B78002B60D1012147
:103AC000384807F057FD75E743EA0B03C0E71D438D
:103AD00055E75738000100F0F00BA1E757384BEAE3
:103AE0000003DBB2B4E74FF0F00B99E7FF23AFE739
:103AF00057382843C5B242E75738000100F0F005B7
:103B000024E7F02522E7FF2539E7DFF890C0082EEB
:103B10004F46B246A8BF4FF0080ABCE80F000FC7D7
:103B20009CE8030087E8030000958DF80BA0002EA9
:103B30007FF4E2AE1A4B1B78002BC0D049461A48DE
:103B4000FFF70EFD0028BAD002211848B9E71D0181
:103B5000A1E61E0285E65738C3B2B4E6A0F15705C8
:103B6000EDB22D0197E6A0F15706F6B2360278E6DF
:103B70004FF47F4675E64FF47F658CE6FF23A2E69F
:103B800049460948FFF7ECFC002898D00221084874
:103B900097E700BF100D0020C4A50020C002002040
:103BA0007EA60020FC0C002088240020000D0020B0
:103BB000040D00208B7DF0B50D468DB00446504EAF
:103BC000002B45D1336813F0005C25D0FEF7F8FCDC
:103BD0003368844603F07F03013383421ED9494989
:103BE000474807E003685FFA82FC03F07F03013374
:103BF0009C4513D20CEB01030CF101021B011B6865
:103C0000C3F30363082BEDD120462A466146FFF734
:103C100079FA01200DB0F0BD3368E0E7EE46384E8A
:103C20000FCDF446ACE80F0095E803008CE80300E4
:103C3000306A10F0200045D104F58053B3F81E3BE4
:103C40009BB2102BE6D0FF2306AD8DF814302AE08E
:103C5000306810F0005038D0FEF7B2FC336803F043
:103C60007F030133984231D3274B4FF0FF3C1B6851
:103C7000C3F30363082B3BD0EE46214F0FCD7646AE
:103C80000FC695E8030086E80300386A10F02000AC
:103C900018D104F58053B3F81E3B9BB2102BB9D05A
:103CA00006AD8DF814C0BEE80F000FC59EE80300F6
:103CB000182285E8030041F61A300DEB020120447A
:103CC000FFF718FC01200DB0F0BD33680D490C4E14
:103CD00005E0336803F07F0301339842C4D24318F0
:103CE000421C84461B01D0B21A681201BFD4F0E70F
:103CF00020462A465FFA8CF1FFF704FA012089E793
:103D000000401D4008D4010470401D400B78632B17
:103D100010B5044682B0104613D003F51C6304EBC3
:103D200083035B6813B101929847019804F500542E
:103D3000D4F804381BB102B0BDE81040184702B0F7
:103D400010BD04F50054D4F80437002BF0D00192D4
:103D500098470198ECE700BF2DE9F04300F50057C4
:103D60008FB0044697F8003713B9012387F800375E
:103D7000238B9BB2002B57D1D7F80C2904F5805622
:103D8000724B02F01F0103EB521301229B008A4089
:103D90001A60B6F81E3B9BB283B3B6F81A3B1A22E0
:103DA00008AD0DF1080C03F00F03AE4602FB034310
:103DB00041F6323203EB02089858D8F80410D8F8CC
:103DC0000820D8F80C300FC5D8F81000D8F8141017
:103DD00003C5BEE80F00ACE80F009EE803008CE8C6
:103DE00003009DF91C104B1C54D0594B0B441B0174
:103DF0001B68C3F30363082B00F08B80D7F80C29F2
:103E0000544B02F01F0103EB521301229B008A4026
:103E100000211A60238BB6F81E0B9BB280B240EAD9
:103E200003300FB0BDE8F083A68A1A23B4F814C09B
:103E300008ADF6B20CF1010C03FB0646CCF3080CFE
:103E4000D6F81C01D6F82011D6F82831D6F824214E
:103E50000FC5D6F82C01D6F83011A4F814C0238B66
:103E60009BB203C51BB1238B013B9BB2238308ADDF
:103E700002AE0FCD0FC695E8030002AA86E8030044
:103E80009DF81C300DF1070120468DF80730FFF733
:103E90003DFF71E7DFF8C080D8F8005015F00055FD
:103EA00050D0FEF78DFBD8F80030054603F07F03B5
:103EB00001338342A2D9DFF89890DFF89C8008E0B4
:103EC000D8F80030013503F07F03EDB201339D4295
:103ED00094D205EB09031B011B68C3F30363082B92
:103EE000EED102AA29462046FFF70CF9B6F81A3B94
:103EF000013303F01F03A6F81A3BB6F81E3B9BB232
:103F0000002BDDD0B6F81E3B013B9BB2A6F81E3B52
:103F1000D6E702AAC9B22046FFF7F4F8B6F81A3B72
:103F2000013303F01F03A6F81A3BB6F81E3B9BB201
:103F3000002B3FF463AFB6F81E3B013B9BB2A6F8E3
:103F40001E3B5BE7D8F80030B5E700BF60380038AB
:103F500008D401044038003800401D400B78632B22
:103F600010B5044682B0104613D003F51C6304EB71
:103F700083035B6813B101929847019804F50054DC
:103F8000D4F804381BB102B0BDE81040184702B0A5
:103F900010BD04F50054D4F80437002BF0D0019282
:103FA00098470198ECE700BF2DE9F04300F5005772
:103FB0008FB0044697F8003713B9012387F800370C
:103FC000238B9BB2002B57D1D7F80C2904F58056D0
:103FD000724B02F01F0103EB521301229B008A4037
:103FE0001A60B6F81E3B9BB283B3B6F81A3B1A228E
:103FF00008AD0DF1080C03F00F03AE4602FB0343BE
:1040000041F6323203EB02089858D8F80410D8F879
:104010000820D8F80C300FC5D8F81000D8F81410C4
:1040200003C5BEE80F00ACE80F009EE803008CE873
:1040300003009DF91C104B1C54D0594B0B441B0121
:104040001B68C3F30363082B00F08B80D7F80C299F
:10405000544B02F01F0103EB521301229B008A40D4
:1040600000211A60238BB6F81E0B9BB280B240EA87
:1040700003300FB0BDE8F083A68A1A23B4F814C049
:1040800008ADF6B20CF1010C03FB0646CCF3080CAC
:10409000D6F81C01D6F82011D6F82831D6F82421FC
:1040A0000FC5D6F82C01D6F83011A4F814C0238B14
:1040B0009BB203C51BB1238B013B9BB2238308AD8D
:1040C00002AE0FCD0FC695E8030002AA86E80300F2
:1040D0009DF81C300DF1070120468DF80730FFF7E1
:1040E0003DFF71E7DFF8C080D8F8005015F00055AB
:1040F00050D0FEF741FAD8F80030054603F07F03B0
:1041000001338342A2D9DFF89890DFF89C8008E061
:10411000D8F80030013503F07F03EDB201339D4242
:1041200094D205EB09031B011B68C3F30363082B3F
:10413000EED102AA29462046FEF7A8FFB6F81A3BA0
:10414000013303F01F03A6F81A3BB6F81E3B9BB2DF
:10415000002BDDD0B6F81E3B013B9BB2A6F81E3B00
:10416000D6E702AAC9B22046FEF790FFB6F81A3B7E
:10417000013303F01F03A6F81A3BB6F81E3B9BB2AF
:10418000002B3FF463AFB6F81E3B013B9BB2A6F891
:104190001E3B5BE7D8F80030B5E700BF6038003859
:1041A00008D001044038003800001D4043884FF01B
:1041B0001A0CDBB210B50CFB03034FEA122E0446B7
:1041C00083F806E14388DBB20CFB030383F8072185
:1041D0004088C0B20CFB004000F5847008F0E6FB9C
:1041E0006288238892B29BB283F480739A4204D18E
:1041F00023880133C3F30803238063880133C3F3A7
:1042000008036380A3889BB2FF2B03D8A3880133E4
:104210009BB2A38010BD00BF2DE9F04F8C468DB03E
:104220000E4607466C46054600F110084FF001099E
:10423000DFF8A0A0BCE80F000FC49CE8030084E8EE
:10424000030055F8044F5CB19DF91420A36809FAE6
:1042500002F1194223D02368D3F800B0D34519D115
:104260004545EED107F5005393F800373BB330686E
:1042700006AC7168B268F3680FC4306918227169BE
:1042800003C40DEB020107F11400FFF78FFF0DB01F
:10429000BDE8F08F9DF8153069462046D847237C4D
:1042A000002BDDD02368D3F800B09DF81530D3453E
:1042B000D6D020464FF0FF326946D847D0E7337D4D
:1042C000324606A938468DF81830FFF71FFD0DB0AD
:1042D000BDE8F08F7100000000F5005393F801373E
:1042E000002B00F0DB80DFF86CC22DE9F04F0F46A9
:1042F00089B005460E4602AC0FCF0FC497E8030005
:1043000084E80300DCF800309B0052D5DCF8343040
:1043100000244FF06309C3F3036A22464FEACA0A36
:104320000AF1080A0CE05B0F022B3B6800F09A8050
:104330005B0F052B00F0DD800134E2B2924538D9E5
:1043400096F91430632B34D004EB440805EBC80B0A
:104350000BF5F0573B6813F0604FEDD03B685B0FF7
:10436000012B3B68DFD1C3F30043F2799A42E3D1DA
:104370003B6813F4607FDFD04FEA480B002306E070
:104380003A685FFA88F3C2F3C2129342D4D203F1BF
:104390000108029A0BEB080303F5F06355F823308C
:1043A0009A42EDD102A928468DF81C90FFF734FF00
:1043B000E6E70023674F8DF80E303C6814F0005498
:1043C0003FD0FEF7FDF83B68044603F07F0301335E
:1043D000834233D942F2041742F20818DFF874918D
:1043E00096F91430A34220D004EB440105EBC1023E
:1043F00002F5045ADAF8003013F0604F15D0DAF8FD
:104400000030F079C3F3C06398420ED1DAF800307F
:104410005B0F012BDAF8003041D05B0F022B12D07A
:10442000DAF800305B0F052B5BD0D9F8003001348F
:1044300003F07F03E4B201339C42D1D309B0BDE85D
:10444000F08F3B68C6E7D159029B8B42EDD352F8FF
:1044500008209342E9D802A928468DF81C40FFF7AE
:10446000DBFEE2E7C3F30043F2799A427FF464AFE4
:1044700041F604635BF80320029B9342FFF45CAFB8
:1044800041F608625BF8022093423FF655AF02A95D
:1044900028468DF81C90FFF7BFFE4DE7704713F4D8
:1044A000607FC2D04A00002307E0DAF800105FFA0C
:1044B0008BF3C1F3C2118B42B7D203F1010B029906
:1044C00002EB0B0303F5046355F823309942ECD15A
:1044D00002A9284600928DF81C40FFF79DFE009A25
:1044E000E3E7029A21462846FEF7C0FE00289CD04A
:1044F000B1E73B6813F4607F3FF41EAF41F61463ED
:1045000001275B440AE00BF5F05101370968FFB25F
:10451000C1F3C21101318F42BFF40EAF07EB480166
:10452000186801F5F06155F821E00299D3F800C050
:1045300008400EEA0C018842E5D102A92846019301
:104540008DF80E2000928DF81C90FFF765FEDDE9D6
:104550000023D8E700401D40254A38B5136813F002
:10456000005343D0136805460C4613F4004302D1B0
:10457000926A92063AD41E4A136B13F0200335D088
:10458000D2F88030C3F30341A380E172C3F300513A
:10459000D2F88420217203F4001122F06042DB0D76
:1045A000002912BF01210021920CE1711049226003
:1045B00005F50052D1F8880000BAE060D1F88C000F
:1045C00000BA206192F81529A371632362752375DF
:1045D0000B681B0401D420230B6321462846FFF7F8
:1045E0007BFE21682846FEF7C9FD38BD184638BD58
:1045F00000401D407A4B2DE9F0471F6881468A46EE
:1046000017F0005702D0FDF7DBFF0746744C09F5A1
:104610000056226896F8143902F07F020132934264
:1046200000F2D8800325DFF8BC8156E000295CD079
:10463000B1FA81F2C2F14002934253DB206810F0DC
:10464000005001D0FDF7BCFF013D86F8140915F0BC
:10465000FF0500F0BF8023689A0005D5874203D983
:10466000781EC0B286F81409236803F07F03013373
:1046700098420CD3206810F0005001D0FDF7A0FF45
:10468000013D86F8140915F0FF0500F0A380D4F869
:1046900024C0C0F12001A36AA0F120020CFA01F1AC
:1046A000C3402CFA02F20B431343DB070BD400EB9D
:1046B00008031B011A68110105D4110E01F00B0C3F
:1046C000BCF1020F15D00130C3B286F8143922684C
:1046D00002F07F02013293427CD8E16A226B52EAF7
:1046E0000100A3D196F81409B5E7B2FA82F220329C
:1046F000A0E702F4001001F00F010028C2F30050FF
:104700008AF8080014BF012000208AF807005868C2
:1047100020F0604008BF800C0629CAF8000002D1D2
:1047200001218AF80910C2F303418AF80B1096F8A8
:104730001419481C86F814098AF81410AAF80420E1
:1047400096F815299AF807108AF815209A68002912
:104750008AF80F2018BF4FF08C619A6808BF4FF09D
:104760008061120A8AF80E209A68120C8AF80D20CD
:104770009A68120E8AF80C20DA688AF81320DA6830
:10478000120A8AF81220DA68120C8AF81120DA6804
:10479000120E8AF8102019609AF81430A2681F2BA4
:1047A00012D8012202FA03F3236351464846FFF769
:1047B00093FDDAF800209AF814104846FEF756FDEB
:1047C00058B996F814097EE7203B012202FA03F358
:1047D000E362EAE70020BDE8F0870120FBE700BFC5
:1047E00000401D4008D4010438B504460D460020A1
:1047F000022105F04BF970B9094B1A6891000AD5EE
:104800009A6A920607D41B6B9B0604D5294620465C
:10481000FFF7A2FE38BD29462046FFF7EBFE38BD64
:1048200000401D406B4B1B782DE9F04F87B0002BEB
:1048300000F0C780DFF8CCC16F46DFF8CCB1DFF8FD
:10484000CC91654C654D664EBCE80F000FC79CE8E7
:10485000030087E8030069462046FFF7C5FF0028EC
:1048600041D0009A2B689A42F5D333689A42F2D825
:10487000DBF80010D9F800304F1CC7F30D079F423A
:104880007CD0584BDFF888E11868574B9DF80BC077
:104890001B68C01A0B010EEB01114EF803008A8051
:1048A0009DF8092081F806C0CA71BCF1000F0ED036
:1048B00007330DF10B0103EB0E020023013311F856
:1048C000010F082B02F8010F01D06345F6DB474AC0
:1048D0006946CBF800702046136801331360FFF778
:1048E00083FF0028BDD1DBF80010D9F80020404834
:1048F0008B1A0468C3F30D03A34288BF036091427F
:1049000057D04FF0000ADFF808813A4E06F03EFE1D
:1049100027284ED9D9F80050032137482F0106F037
:1049200029FE00230A2258F8071008EB0515304627
:1049300005F098F83A2006F007FEA9880023102217
:10494000304607F1080405F08DF83A2006F0FCFD2A
:10495000AD794444BDB1254406E000231022304621
:1049600005F080F8A5420ED014F8011B0F29F4D8E9
:10497000302006F0E9FD14F8011CEEE71F4A136829
:104980000133136067E74744FB79ABB930460AF15E
:10499000010A05F059F8D9F80030DBF8002001339E
:1049A000C3F30D039A42C9F8003002D0BAF1200FC8
:1049B000ACD107B0BDE8F08F0421114806F0DAFD54
:1049C000E4E7DFF844B0DFF84490DBF80010D9F8F2
:1049D000002094E781A60020A04D00200C77002045
:1049E000481A00205CA60020D8760020087E00200F
:1049F0001077002068160020600D0020BC76002093
:104A0000640D0020C00200200877002014770020E9
:104A1000000020202DE9F04F0023DFF840918BB0FB
:104A20000746D9F800A09B46DFF83481464E039331
:104A3000CDE90112002F51D0D9F80030AAEB0303C1
:104A40003B44002B57DD414D04AC0FCD0FC495E81E
:104A5000030084E8030004A94046FFF7C5FE0028D0
:104A6000E8D0049B019A9342E4D3029A9342E1D89E
:104A70009DF8193013B1039B01330393032134488C
:104A800006F078FDD9F8001000230A22A1EB0A01F4
:104A9000304604F0E7FF3A2006F056FD00231022CE
:104AA0000499304604F0DEFF3A2006F04DFD9DF8F3
:104AB0001B5095B30DF11B04254406E00023102282
:104AC000304604F0CFFFA54227D014F8011F0F296C
:104AD000F4D8302006F038FD2178EFE706F0E0FC4E
:104AE0000028B0D006F0DCFC28B106F01DFD06F071
:104AF000D7FC0028F9D10521164806F03BFD00231C
:104B00000A225946104804F0ADFF039B5BB90E48DA
:104B10000BB0BDE8F04F04F097BF30460BF1010B2E
:104B200004F092FF86E709210B4806F023FD0023DD
:104B30000A220399044804F095FF03480BB0BDE82E
:104B4000F04F04F081BF00BF68160020C0020020B3
:104B5000E40C0020E80C0020F00C00205CA60020F3
:104B6000A04D00202DE9F04F224D41F2707B87B01F
:104B70002C682B685C44E31A002B27DD06468A4626
:104B80009146DFF878801C4F98F800300BB1FFF7A2
:104B900049FEDFF86CE0EC46BEE80F00ACE80F0021
:104BA0009EE803008CE8030069463846FFF71CFEC8
:104BB00090B1009BB3420FD19DF80C000309032B69
:104BC0000AD110F00F000CD0012803D0022007B04A
:104BD000BDE8F08F2C685C442B68E31A002BD3DC13
:104BE000F4E79DF80D209DF80E308AF8002089F832
:104BF0000030ECE75CA60020A04D002081A600203C
:104C0000C00200202DE9F04F8C468DB00E460746BD
:104C10006C46054600F110084FF00109DFF8A0A02E
:104C2000BCE80F000FC49CE8030084E8030055F8BB
:104C3000044F5CB19DF91420A36809FA02F11942EE
:104C400023D02368D3F800B0D34519D14545EED120
:104C500007F5005393F800373BB3306806AC716832
:104C6000B268F3680FC430691822716903C40DEB90
:104C7000020107F11400FFF799FA0DB0BDE8F08FBB
:104C80009DF8153069462046D847237C002BDDD09F
:104C90002368D3F800B09DF81530D345D6D0204610
:104CA0004FF0FF326946D847D0E7337D324606A938
:104CB00038468DF81830FFF751F90DB0BDE8F08F88
:104CC0007100000000F5005393F80137002B00F04D
:104CD000DB80DFF86CC22DE9F04F0F4689B0054646
:104CE0000E4602AC0FCF0FC497E8030084E8030020
:104CF000DCF800309B0052D5DCF8343000244FF053
:104D00006309C3F3036A22464FEACA0A0AF1080A92
:104D10000CE05B0F022B3B6800F09A805B0F052BC9
:104D200000F0DD800134E2B2924538D996F91430B2
:104D3000632B34D004EB440805EBC80B0BF5F0579C
:104D40003B6813F0604FEDD03B685B0F012B3B6875
:104D5000DFD1C3F30043F2799A42E3D13B6813F405
:104D6000607FDFD04FEA480B002306E03A685FFA25
:104D700088F3C2F3C2129342D4D203F10108029A1B
:104D80000BEB080303F5F06355F823309A42EDD19D
:104D900002A928468DF81C90FFF734FFE6E70023B0
:104DA000674F8DF80E303C6814F000543FD0FDF78B
:104DB000E3FB3B68044603F07F030133834233D9AE
:104DC00042F2041742F20818DFF8749196F9143091
:104DD000A34220D004EB440105EBC10202F5045AC2
:104DE000DAF8003013F0604F15D0DAF80030F079BF
:104DF000C3F3C06398420ED1DAF800305B0F012B89
:104E0000DAF8003041D05B0F022B12D0DAF8003014
:104E10005B0F052B5BD0D9F80030013403F07F0322
:104E2000E4B201339C42D1D309B0BDE8F08F3B68B6
:104E3000C6E7D159029B8B42EDD352F8082093422A
:104E4000E9D802A928468DF81C40FFF7DBFEE2E70F
:104E5000C3F30043F2799A427FF464AF41F60463EE
:104E60005BF80320029B9342FFF45CAF41F60862BB
:104E70005BF8022093423FF655AF02A928468DF811
:104E80001C90FFF7BFFE4DE7704713F4607FC2D060
:104E90004A00002307E0DAF800105FFA8BF3C1F351
:104EA000C2118B42B7D203F1010B029902EB0B0343
:104EB00003F5046355F823309942ECD102A9284642
:104EC00000928DF81C40FFF79DFE009AE3E7029ADE
:104ED00021462846FEF7A8FA00289CD0B1E73B6897
:104EE00013F4607F3FF41EAF41F6146301275B4467
:104EF0000AE00BF5F05101370968FFB2C1F3C211A6
:104F000001318F42BFF40EAF07EB4801186801F57D
:104F1000F06155F821E00299D3F800C008400EEA8C
:104F20000C018842E5D102A9284601938DF80E2094
:104F300000928DF81C90FFF765FEDDE90023D8E7AD
:104F400000001D40254A38B5136813F0005343D0C4
:104F5000136805460C4613F4004302D1926A920688
:104F60003AD41E4A136B13F0200335D0D2F88030A8
:104F7000C3F30341A380E172C3F30051D2F884204C
:104F8000217203F4001122F06042DB0D002912BFF0
:104F900001210021920CE1711049226005F50052B7
:104FA000D1F8880000BAE060D1F88C0000BA206126
:104FB00092F81529A3716323627523750B681B048E
:104FC00001D420230B6321462846FFF77BFE21688E
:104FD0002846FEF7B1F938BD184638BD00001D401F
:104FE0007A4B2DE9F0471F6881468A4617F0005733
:104FF00002D0FDF7C1FA0746744C09F50056226845
:1050000096F8143902F07F020132934200F2D88000
:105010000325DFF8BC8156E000295CD0B1FA81F2AB
:10502000C2F14002934253DB206810F0005001D0DF
:10503000FDF7A2FA013D86F8140915F0FF0500F00E
:10504000BF8023689A0005D5874203D9781EC0B275
:1050500086F81409236803F07F03013398420CD3C8
:10506000206810F0005001D0FDF786FA013D86F867
:10507000140915F0FF0500F0A380D4F824C0C0F196
:105080002001A36AA0F120020CFA01F1C3402CFA1E
:1050900002F20B431343DB070BD400EB08031B01A5
:1050A0001A68110105D4110E01F00B0CBCF1020FAE
:1050B00015D00130C3B286F81439226802F07F029D
:1050C000013293427CD8E16A226B52EA0100A3D1FB
:1050D00096F81409B5E7B2FA82F22032A0E702F49A
:1050E000001001F00F010028C2F300508AF80800F8
:1050F00014BF012000208AF80700586820F06040A3
:1051000008BF800C0629CAF8000002D101218AF8E4
:105110000910C2F303418AF80B1096F81419481CC1
:1051200086F814098AF81410AAF8042096F81529AC
:105130009AF807108AF815209A6800298AF80F2033
:1051400018BF4FF08C619A6808BF4FF08061120A57
:105150008AF80E209A68120C8AF80D209A68120EAE
:105160008AF80C20DA688AF81320DA68120A8AF8BA
:105170001220DA68120C8AF81120DA68120E8AF806
:10518000102019609AF81430A2681F2B12D801223F
:1051900002FA03F3236351464846FFF793FDDAF81A
:1051A00000209AF814104846FEF73EF958B996F8D0
:1051B00014097EE7203B012202FA03F3E362EAE7E7
:1051C0000020BDE8F0870120FBE700BF00001D4084
:1051D00008D0010438B504460D460020022104F031
:1051E00055FC70B9094B1A6891000AD59A6A920663
:1051F00007D41B6B9B0604D529462046FFF7A2FE69
:1052000038BD29462046FFF7EBFE38BD00001D40A3
:105210002DE9F04F0023DFF840918BB00746D9F815
:1052200000A09B46DFF83481464E0393CDE901127E
:10523000002F51D0D9F80030AAEB03033B44002BD8
:1052400057DD414D04AC0FCD0FC495E8030084E851
:10525000030004A94046FFF7BDFF0028E8D0049BE7
:10526000019A9342E4D3029A9342E1D89DF819300F
:1052700013B1039B013303930321344806F07AF9F9
:10528000D9F8001000230A22A1EB0A01304604F0ED
:10529000E9FB3A2006F058F9002310220499304621
:1052A00004F0E0FB3A2006F04FF99DF81B5095B34F
:1052B0000DF11B04254406E000231022304604F0C3
:1052C000D1FBA54227D014F8011F0F29F4D83020B4
:1052D00006F03AF92178EFE706F0E2F80028B0D0BE
:1052E00006F0DEF828B106F01FF906F0D9F800281C
:1052F000F9D10521164806F03DF900230A22594646
:10530000104804F0AFFB039B5BB90E480BB0BDE83F
:10531000F04F04F099BB30460BF1010B04F094FB05
:1053200086E709210B4806F025F900230A22039994
:10533000044804F097FB03480BB0BDE8F04F04F0BD
:1053400083BB00BF68160020C0020020E40C0020D0
:10535000E80C0020F00C00205CA60020882400202F
:105360002DE9F04F224D41F2707B87B02C682B68FD
:105370005C44E31A002B27DD06468A469146DFF897
:1053800078801C4F98F800300BB1FFF74BFADFF82C
:105390006CE0EC46BEE80F00ACE80F009EE80300AE
:1053A0008CE8030069463846FFF714FF90B1009B74
:1053B000B3420FD19DF80C000309032B0AD110F062
:1053C0000F000CD0012803D0022007B0BDE8F08FF9
:1053D0002C685C442B68E31A002BD3DCF4E79DF8BF
:1053E0000D209DF80E308AF8002089F80030ECE797
:1053F0005CA600208824002081A60020C002002096
:105400002DE9F04FDFF8A0C18BB086461C4604AFF3
:10541000164601914FF000083D46072CBCE80F00EE
:105420000FC79CE80300CDF810E087E80300CDE942
:10543000078814D88DF81C402CB1224631460DF156
:105440001D0004F0D7FE29465448FEF789F8B0FA4B
:1054500080F84FEA581840460BB0BDE8F08FC4F30F
:10546000032329464D4843F010038DF81D408DF865
:105470001C303368CDF81E30B388ADF82230FEF70B
:105480006FF828B94FF0010840460BB0BDE8F08F27
:1054900001980DF10F020DF10E018DF80E808DF8BF
:1054A0000F80FFF75DFF78BB0623B0468146264696
:1054B0000127DFF8E8A0DFF8F4B01C4600900022D6
:1054C000A642CDE9072247F020028DF81C204FD9D3
:1054D00007A9A1F10B0318F80420601C5B1B01F85D
:1054E000012F84B2062B01DCA642F2D82946504691
:1054F000FEF736F80028C5D0A64208D8DDF80080AF
:1055000040460BB0BDE8F08F4FF00208A3E79DF8CE
:105510000F00D8B1030628D500F10F02D2B2082A35
:1055200022D81F4AA0F1F0011E4BDBF804001268DC
:10553000A3FB02C24FF0640C920C0CFB01F102FBC6
:1055400001F1DBF804301B1A9942FAD89DF80E20BD
:1055500009F10109013A5FFA89F9D2B24A4511D33A
:10556000013707F00F07AAE7012004F0E7FDEDE798
:1055700029460A48DDF80080FDF7F2FF00287FF495
:105580006AAF7FE70DF10F020DF10E010198FFF7F1
:10559000E7FE0028B8D18146E2E700BF882400205A
:1055A0006416002083DE1B43C0020020001000E0D0
:1055B0002DE9F04F8FB089460090FFF721FF0128B9
:1055C00000F00181022800F0F480894E41F27075EC
:1055D00033681D443368EB1A002B40F3F7804FF01B
:1055E000000ADFF83882834F5446D346CDF804A032
:1055F0000BE0012B00F08380022B00F0B8804FF00D
:10560000010B3368EB1A002B59DD98F800300BB111
:10561000FFF708F9DFF808E20DF1080CBEE80F000B
:10562000ACE80F009EE803008CE8030002A93846AE
:10563000FFF7D0FD0028E4D0029B9945E1D19DF809
:1056400014B05FEA1B13D4D15D46BBF1000F00F02C
:10565000A9805A460DF11501674804F0CBFDBBF156
:10566000030F40F09F80644A13787F2B02D1937818
:10567000782B1AD0032161480D4605F07BFF5E4E62
:1056800000245F4F06E000231022384604F0EAF9B8
:10569000A5422EDD16F8011B01340F29F3D8302066
:1056A00005F052FF16F8011CEDE7336841F2707502
:1056B0004FF0010B1D443368EB1A002BA5DC002CC6
:1056C00000F08C80019B002B00F088800C214D485D
:1056D00005F050FF21464A4804F0AAF92F2005F0B2
:1056E00033FF5146464804F0A3F93321464805F0FC
:1056F00041FF43480FB0BDE8F04F04F0A5B94FEAB1
:105700000B2B9DF815A00DF115023B4B0BF4706BA4
:1057100000244AEA0B0AA24504F1010106D08CB22A
:1057200012F8010F062C03F8010BF4D10123DFF866
:10573000F0E00DF1200C4FF0000B019341F2707579
:10574000BEE80F00ACE80F00009B9EE80300089342
:105750004FF030038CE8030008A93846CDE90BBBB5
:105760008DF82C30FDF7FCFE33681D4447E7E51D3E
:10577000214B05AAADB2E318A24504F1010133D9CA
:10578000B4F5805F25D28CB212F8010FAC4203F859
:10579000010BF1D1336841F2707554451D44FFF49B
:1057A0002EAF25460321154805F0E4FE002DA0D0BC
:1057B00065E73E21154805F0DDFE11480FB0BDE854
:1057C000F04F04F041B945211148F4E74B2111484D
:1057D000F1E7336841F270751D4410E7BBF1000F2B
:1057E000F4D037210C48E6E733682546DAE700BFF6
:1057F0005CA6002088240020508200209C0C002001
:1058000068160020A00C0020B00C00205C0C0020CA
:10581000140C0020900B0020DC0B002081A600203F
:10582000C00200202DE9F04F06462DED028BB3B0EB
:1058300004F0DAFAB368002B00F0B38120AC32AF89
:10584000254628460C35002104F054F9AF42F8D122
:10585000B368002BC0F249820025A8462F460CE011
:105860002946304604F06CFA3A2808D00135B3686E
:105870009D421BDCB8F1050F18DCAB42F0D12B4682
:105880003A46314610A804F065FA6F1C08EB480050
:1058900010A93D4608F1010804EB800004F0A0F9CE
:1058A00010A804F061F9B3689D42E3DD214607A822
:1058B00004F03EF907A804F087FA0799002900F0E0
:1058C00012820A78002A00F03E83C348012300F8C0
:1058D000012F11F8012F1AB101330A2BF7D1092337
:1058E000BE4A0021BE4D07A8D1542A68BD4BBE490F
:1058F0001A6004F0EDF9002800F05881BB4A1368E3
:1059000001331360BA4907A804F0E2F9002840F017
:105910003781B84907A804F0DBF9002841F0278255
:10592000B54907A804F0D4F9002840F0D181B34963
:1059300007A804F0CDF9002840F09481B04907A8E9
:1059400004F0C6F90746002800F0D281B8F1010F33
:1059500000F3E08110AEAB4F35460FCF0FC50FCF30
:105960000FC50FCF0FC597E80F0085E80F00A64AB7
:1059700002F58053B3F8D41C89B2002900F0628389
:1059800002F50057A1490125D7F80C0901EB501188
:1059900000F01F00890005FA00F00860B3F8D41C7D
:1059A00089B229B1B3F8D41C013989B2A3F8D41C47
:1059B000B3F8D01C01F00F0103EB8101D1F8D85CE2
:1059C000B3F8D01C1E95013101F01F01A3F8D01CC3
:1059D000B3F89C1D89B229B1B3F89C1D013989B275
:1059E000A3F89C1DB3F8981D01F00F0102EB4102D2
:1059F00003EB410102F58052B1F89E1DADF87C1019
:105A0000B2F89E8DB3F8982D98FA98F8013202F00A
:105A10001F02A3F8982D7E4B7E4A2B40934200F044
:105A2000C985002B00F04C847B4A934200F06386CA
:105A30007A4A934200F05886C5F3C03315F0300F10
:105A40008DF85E30C5F380338DF85F30C5F3403399
:105A50008DF86030C5F300338DF86130C5F3C02395
:105A60008DF86230C5F380238DF86330C5F3402391
:105A70008DF86430C5F300238DF8653040F0DF8386
:105A8000674B0DF1660507CB1B78CDF86600CDF8A6
:105A90006A10CDF86E202B73D7F80C390127614AB4
:105AA000ADF8748002EB531203F01F03920007FA63
:105AB00003F313600A215C4805F05CFD39465B483E
:105AC00003F0B6FF07215A4805F054FD304607F0B1
:105AD0007FFA0146304605F04DFD0921554805F095
:105AE00049FD284607F074FA0146284605F042FDB4
:105AF0000721514805F03EFD00230A229DF874104D
:105B00004A4803F0AFFF07214C4805F033FD00235E
:105B10000A229DF87510454803F0A4FF0521484866
:105B200005F028FD9DF86010404803F081FF052135
:105B3000444805F01FFD9DF861103C4803F078FFD4
:105B40000521414805F016FD9DF86210374803F025
:105B50006FFF05213D4805F00DFD9DF863103348AA
:105B600003F066FF08213A4805F004FD00231022E7
:105B70001E992E4803F076FF2C4803F065FF06E0DF
:105B80000421344805F0F6FC284803F05DFF32ADEF
:105B900007A803F0E9FF0C3D284603F0E5FFA54206
:105BA000F9D133B0BDEC028BBDE8F08F2A4907A8CC
:105BB00004F08EF800287FF4A1AE284907A804F06D
:105BC00087F800287FF49AAE254907A804F080F8EA
:105BD00000287FF493AE95E6FB760020FC7600204B
:105BE0005CA60020EC76002018050020D47600206A
:105BF000300500204005002060050020A0050020A1
:105C0000FC050020D80200208824002060380038DD
:105C1000C8000400800004004000040008000400E4
:105C200054060020403800386C060020681600201A
:105C300078060020800600208C06002094060020B4
:105C40009C060020A4060020AC060020B40600201C
:105C5000BC060020380500201C050020240500207B
:105C6000280500200921BB4805F084FC0521BA481D
:105C700005F080FC0B21B94805F07CFC0621B848F2
:105C800005F078FCB749B84803F0D2FE0621B748C2
:105C900005F070FCB349B44803F0CAFE0521B448CE
:105CA00005F068FC41F27071AF4803F0C1FE0D21B0
:105CB000B04805F05FFC0921AF4805F05BFC4FF4EC
:105CC0008041A94803F0B4FEA74803F0BDFE5EE79B
:105CD000AA4B01223621AA481A7005F04BFCA248B3
:105CE00003F0B2FE53E7A749EBE54FF00008DDE50E
:105CF000A54907A803F0ECFF8146D0B1B8F1010F28
:105D000000F36C814B21A14805F034FC964803F068
:105D10009BFE3CE723A804F093F8431E8446012B26
:105D20005BD90D219A4805F025FC8F4803F08CFEC5
:105D30002DE7984907A803F0CBFF002800F0658203
:105D4000B8F1010F40F3898210AE23A9304603F069
:105D5000EFFE304604F028F88F49304603F0B8FFD4
:105D6000002840F09B828D49304603F0B1FF0028A7
:105D700040F0F7838A49304603F0AAFF002800F07C
:105D800020840022774987484FF00009FCF72EFA5B
:105D90000120FCF76BFD002272498348FCF7E4FA0E
:105DA0000120FCF795FC814B814D082181482B6037
:105DB000814B83F8009005F0DDFB2D6835B1284656
:105DC00007F006F90146284605F0D4FB664803F0C3
:105DD0003BFE304603F0C8FED9E610AE774FBCF16B
:105DE000010F35460FCF0FC50FCF0FC50FCF0FC512
:105DF00097E80F0085E80F003FF4B9AD6A4B03F553
:105E00008055B5F8D42C92B2002A00F09E8003F59C
:105E100000586B4A0120D8F80C1902EB511201F01E
:105E20001F01920000FA01F11160B5F8D42C92B272
:105E30002AB1B5F8D42C013A92B2A5F8D42CB5F811
:105E4000D02C02F00F0205EB8202D2F8D87CB5F814
:105E5000D02C1E97013202F01F02A5F8D02CB5F805
:105E60009C2D92B22AB1B5F89C2D013A92B2A5F8B8
:105E70009C2DB5F8982D02F00F0203EB420305EBC1
:105E8000420203F58053B2F89E2DADF87C20B3F8A2
:105E90009E9DB5F8983D4B4A99FA99F9013303F064
:105EA0001F03A5F8983D484B3B40934200F0CF813B
:105EB000002B00F0BE81454A934200F00882444A1C
:105EC000934200F08783C7F3C03317F0300F8DF88B
:105ED0005E30C7F380338DF85F30C7F340338DF801
:105EE0006030C7F300338DF86130C7F3C0238DF8FD
:105EF0006230C7F380238DF86330C7F340238DF8F9
:105F00006430C7F300238DF8653040F0E680314BF4
:105F10000DF1660507CB1B78CDF86600CDF86A1049
:105F2000CDF86E202B73D8F80C2901212A4B0227BB
:105F3000ADF8749003EB521302F01F029B0001FABC
:105F400002F21A60B6E51346CAE402270DF16605AF
:105F5000B0E500BFA8050020B4050020BC05002066
:105F6000C805002020A1070068160020D0050020E9
:105F7000D8050020E0050020F00500208AA60020BA
:105F8000680500203C150020C8060020840700207A
:105F900004060020D0070020D8070020DC070020DE
:105FA000E407002088240020A04D002048030020A2
:105FB0003C1A00201008002081A60020D8020020F2
:105FC0006038003880000400C8000400400004006D
:105FD00008000400540600204038003810AE23ADFD
:105FE000BE49304603F086FD3146284603F086FE62
:105FF00081463046B9F1000F0BD003F0B5FDB84B28
:106000000A21B8481F7005F0B5FAB74803F01CFD27
:10601000BDE503F0A9FDB549304603F06BFD3146FF
:10602000284603F06BFE88B1304603F09DFDB04B6F
:106030000C21B048C3F8009005F09CFAAA4803F080
:1060400003FDA4E501270DF1660533E5304603F0B5
:106050008BFDA949304603F04DFD3146284603F03B
:106060004DFE002841D0304603F07EFD0B21A348B1
:1060700005F080FA9A4B9C48197803F0D9FC052169
:106080009F4805F077FA9F49002310220968964837
:1060900003F0E8FC06219C4805F06CFA9B491022AD
:1060A00000230968904803F0DDFC0721984805F0BB
:1060B00061FA8F4B8C48196803F0BAFC06219548A9
:1060C00005F058FA944900230A220968864803F02B
:1060D000C9FC854803F0B8FC59E50DF166050D22B1
:1060E0008E49284606F030FD1DE7304603F03CFDA2
:1060F000B8F1030F7FF706AE8949304603F0FAFC8A
:106100003146284603F0FAFDA0B9304603F02CFDD5
:10611000B8F1040F3FF4F6AD8249304603F0EAFCD3
:106120003146284603F0EAFD002838D1304603F016
:106130001BFDE7E56E4F304603F016FD3D68172D59
:1061400000F3A4804A23DFF81C82082226A803FB60
:1061500005F5A91C4144FCF757FC05F10A01064668
:106160004022414429A8FCF74FFC002E40F38680D2
:10617000002840F3838008EB05030C2108F8056034
:1061800058703B68684801333B6005F0F3F93968A3
:10619000554803F04DFC544803F056FCF7E43046F4
:1061A00003F0E2FC2998002800F0AE8210220021C2
:1061B00006F0CCFB534E2C9B3060002B00F0A282EB
:1061C000102218460021514D06F0C0FB0023524A10
:1061D000012128601360424A544811700E2105F0D5
:1061E000C9F90023316810223F4803F03BFC062127
:1061F000454805F0BFF90023102229683A4803F00A
:1062000031FC394803F020FCC1E4494907A803F0F8
:106210005FFD8146002800F0A780B8F1010F00F370
:10622000DF812521434805F0A5F92F4803F00CFC38
:10623000ADE41D224049304606F086FC43E60DF1F0
:1062400066050D223549284606F07EFC24E41D2211
:106250003A49304606F078FC35E60521384805F025
:1062600089F9384B1D68002D3FF42EAD284606F005
:10627000AFFE0146284605F07DF925E5202132488C
:1062800005F078F9184803F0DFFB80E412212F486D
:1062900005F070F9144803F0D7FB78E44A462C491E
:1062A0002C48FBF7A3FF0120FCF7E0FA0222284963
:1062B0002948FCF759F80120FCF70AFA274B73E547
:1062C0001D221D49304606F03FFCFFF7B5BB1D22DD
:1062D0002349304606F038FCF5E500BF680600208B
:1062E00080A60020CC06002068160020D8060020DA
:1062F000B8760020E0060020F0060020F806002016
:1063000004070020E07600200C070020F87600202B
:10631000140700201C070020F476002064060020EB
:106320002407002070070020600700207407002069
:1063300024080020A00800201C06002014060020CD
:106340001C0800203C1A00203C07002028070020E1
:1063500020A1070088240020A04D00203C0300203D
:106360003806002018770020BE4907A803F0B0FCCB
:10637000002840F0DD81BC4907A803F0A9FC0028F3
:1063800000F0C4810DF1280B1423DFF858C34FF03F
:10639000A53E5F460093DFF8EC824FF0000A10AE96
:1063A000D146BCE80F000FC79CE803004FF4807390
:1063B000022287E80300AD4940460A93CDE90DEE7D
:1063C000FBF714FF0120FCF751FA5246A749A848F1
:1063D000FBF7CAFF0120FCF77BF95B46D3469A46E0
:1063E0005146A348FDF7E6FB08B10BF1010B2F68FE
:1063F0002B68DB1B0E2B17D8DFF8E8E2B446BEE8AB
:106400000F00ACE80F009EE803008CE80300314663
:106410004046FEF7DFFE0028EAD0109BB3F5807FF0
:10642000E6D109F10109E3E7009B013B0093D7D1D5
:10643000904FDA46904D0FCF0FC60FCF0FC60FCF3C
:106440000FC697E80F0086E80F00B5F8D43C9BB262
:10645000002B47D005F58058884B0121D8F80C292E
:1064600003EB521302F01F029B0001FA02F21A60C2
:10647000B5F8D43C9BB22BB1B5F8D43C013B9BB2F0
:10648000A5F8D43CB5F8D03CB5F8D03C013303F0C6
:106490001F03A5F8D03CB5F89C3D9BB22BB1B5F8D5
:1064A0009C3D013B9BB2A5F89C3DB5F8983D012170
:1064B000D8F80C2903F00F0305EB4303B3F89E3D16
:1064C0008DF87530B5F8983D013303F01F03A5F83A
:1064D000983D6B4B03EB521302F01F029B0001FA35
:1064E00002F21A600022614966480025FBF77EFE31
:1064F0000120FCF7BBF902225C495D48FBF734FF41
:106500000120FCF7E5F8604B604961481D70FCF71D
:10651000CFF82B460A2251465D4803F0A3FA5D49A5
:106520005B48FCF7C5F82B460A224946584803F059
:1065300099FA59495648FCF7BBF82B469DF8751057
:106540000A22534803F08EFA514803F07DFA53496A
:10655000534BA94508BF19464D48FCF7BDFAFFF754
:1065600016BB0222414947484FF00109FBF73EFEA6
:106570000120FCF77BF902223C493D48FBF7F4FE81
:106580000120FCF7A5F80023464940F2FF702A6875
:106590000B604549086045490B6045490B6045491A
:1065A0000B6045490B6045490B60454B1A60454BF4
:1065B000FFF7FABB1D224449304606F0C5FAFFF743
:1065C0003BBA2021414804F0D5FF314803F03CFAA2
:1065D000FFF7FFBB1D223E49304606F0B5FA72E4D4
:1065E00010AE23AD3B49304603F084FA31462846CD
:1065F00003F084FB90B1304603F0B6FA0022224B40
:106600001A491B481A70FBF7AFFE0120FCF760F82F
:1066100031491F48FCF760FAFFF7B9BA304603F07A
:10662000A3FA2E49304603F065FA3146284603F0B6
:1066300065FB18B9304603F097FAF2E5304603F0EF
:1066400093FA022209490A48FBF78EFE0120FCF763
:106650003FF82121224804F08DFF0D4803F0F4F9A2
:10666000FFF795BAC80800202009002020A10700E4
:10667000A04D0020D8020020A05D00206038003826
:10668000403800388824002081A6002028090020F6
:1066900068160020400900204C0900205404002006
:1066A000A40400200C770020481A00201477002052
:1066B00008770020BC76002010770020087E00209C
:1066C000D87600204003002014060020EC070020AC
:1066D000480600202C0800203408002078080020FC
:1066E0007C080020C00200201D22B249304606F07E
:1066F0002BFAFFF7A1B91D22AF49304606F024FA64
:10670000FFF79AB9AD4B5BE5AC484FE5AC4907A83C
:1067100003F0DEFA0646002800F0BE81B8F1010F52
:1067200000F39381A749A848FCF7D6F9FFF72FBAE1
:1067300013AB0DF1280BA54F10AE0093DC464FF0C4
:106740005A380FCFACE80F0097E803004A4640F2F2
:1067500011198CE803009E499E48FBF747FD012074
:10676000FCF784F80120FBF773FF052003F0E6FC3B
:10677000A7F1100EB446BEE80F00ACE80F0097E892
:106780000300009B8CE80300CDF840903146CDF823
:106790004C809048C3F80480FCF7E2FE2F682B6819
:1067A000DB1B3B2B10D8DFF82C9240F21118594616
:1067B0004846FEF70FFD18B10A9B434500F0E28200
:1067C0002B68DB1B3B2BF2D90023029300203746BA
:1067D000FBF73EFF7E4902467F48FBF7C5FD0120DF
:1067E000FBF776FF0120FBF70FFF052003F0A6FC67
:1067F000DFF8D8C14FF0A53E40F22228BCE80F00D8
:106800000FC79CE80300009B87E80300CDF8408099
:106810003146CDF84CE07048C3F804E0FDF7CAF902
:106820002F682B68DB1B3B2B0ED8DFF8AC91594649
:106830004846FDF7D9FF18B10A9B434500F0B680E2
:106840002B68DB1B3B2BF2D9002303930020374638
:10685000FBF7DAFE5E4902465E48FBF7C7FC012003
:10686000FCF704F800225A4940F2213A5A484FF006
:106870000009FBF779FD0120FBF72AFF1423DFF85D
:106880004CC14FF0333E0193DFF84C81BCE80F0060
:106890000FC7009B9CE8030087E80300CDF840A0E9
:1068A000CDF84CE0C3F804E033464E4699464946DD
:1068B0004848FCF755FE2F682B68DB1B042B0AD8D1
:1068C00059464046FDF790FF0028F5D00A9B5345F6
:1068D000F2D10136F0E7019B013B0193E7D11A4663
:1068E0003B493C481D46FBF781FC0120FBF7BEFFFE
:1068F00002223749B1463848FBF736FD0120FBF745
:10690000E7FE364B364930481D70FBF7D1FE354E59
:10691000029F354D2C48002F14BF31462946FBF706
:10692000C7FE32492848FBF7C3FE039BFBB1314643
:106930002548FBF7BDFE2E492348FBF7B9FEB9F108
:10694000000F5FD129462048FBF7B2FE29491E48B7
:10695000FBF7AEFE49464B460A221B4803F082F87D
:1069600025491948FBF7A4FEF7B12449F4E5294667
:106970001548FBF79DFE1E491348FBF799FEB9F138
:10698000000F56D031461048FBF792FE19490E48C9
:10699000FBF78EFE039B0A2249460B4803F062F880
:1069A00015490948FBF784FE1549D5E501230393F2
:1069B0004CE700BF48060020380600203C150020A8
:1069C0005C0900206C09002068160020C00200202D
:1069D00020A1070088240020A04D002081A60020CF
:1069E000D40800205003002058030020EC080020A9
:1069F000F80800200809002018090020780300206A
:106A0000600300203146B148FBF752FEB049AF4861
:106A1000FBF74EFE019B49460A22AC4803F022F8E0
:106A2000AC49AA48FBF744FE029B002BBCD0AA4904
:106A300092E52946A548FBF73BFEA549A348FBF78D
:106A400037FE4B4649460A22A7E7A44910A803F09F
:106A500051F810A923A803F051F9064610A8002EFA
:106A600058D003F081F800259D4B9E4997481D7032
:106A7000FBF71EFE9C492B460A229448096802F047
:106A8000F1FF9A499148FBF713FE994B8F4819681B
:106A9000FBF702FEFFF77BB8964907A803F018F949
:106AA000002800F05581B8F1010F40F34B8123A875
:106AB00003F0C6F9B8F1020F054600F0018126A8DF
:106AC00003F0BEF9B8F1030F074600F0F5802998EE
:106AD0001022DFF838A23146002808BF504605F0E2
:106AE00035FFB8F1040F814640F3E7802C9831461A
:106AF0001022002808BF504605F028FF0646012D49
:106B000000F0C380022D22D07B497048FBF7E4FFE0
:106B1000FFF73DB803F028F8784910A802F0EAFF23
:106B200010A923A803F0EAF8074610A8002F62D1A5
:106B300003F01AF8724910A802F0DCFF10A923A88C
:106B400003F0DCF8D0B910A803F00EF8EAE52A4605
:106B50006C496D48FBF708FC0120FBF7B9FD324694
:106B600049463846FDF756FF002266496648FBF75E
:106B7000FBFB0120FBF7ACFDFFF709B810A802F002
:106B8000F3FFB8F1020F7BD0269810225F4E3946F2
:106B9000002808BF304605F0D9FE5D4BB8F1030F61
:106BA00018606AD0299839461022002808BF30465C
:106BB00005F0CCFE574B0222524918605248FBF7B1
:106BC000D3FB0120FBF784FD0023534A296813609F
:106BD000524A3E481360444A1360454A1360504A83
:106BE0001360504A3E4B116001224F491A70FBF767
:106BF00073FFFEF7CCBF02F0B7FF4C493348FBF7F9
:106C000057FD374B3148197802F012FF48492F4899
:106C1000FBF74EFD414A404B11680A221B682B4886
:106C2000C91A3346C1F30D0102F01CFF2F49274852
:106C3000FBF73EFD2E4A3346244811680A2202F033
:106C400011FF3C492148FBF733FD274A33461F48D3
:106C500011680A2202F006FF37491C48FBF728FD9D
:106C60002F4933460A220968184802F0FBFE3349CF
:106C70001648FBF71DFDFFF722B840F2FF7099E7B9
:106C8000234B40F2FF701F6094E702221D492C48FD
:106C9000FBF7ACFA2846FBF7E9FD32464946384691
:106CA000FEF7B6FA002217492548FBF79FFA284657
:106CB000FBF7DCFDFEF76BBFB14640F2FF761EE747
:106CC0003746B14640F2FF7619E700BF681600204C
:106CD0000809002018090020700300206806002021
:106CE00081A60020700B0020BC7600204C0B0020F9
:106CF000107700204003002004060020F00600204A
:106D00007007002020A10700A04D00203C150020A6
:106D10000C770020481A0020147700200877002004
:106D2000087E0020D876002060090020380B002063
:106D3000440B0020540B0020600B0020680B002047
:106D40008824002090499148FBF7C6FEFEF71FBF3C
:106D50008F4907A802F0BCFF814670B3B8F1010F5C
:106D600013DC8C498948FBF7B7FEFEF710BF8A4950
:106D70008648FBF7B1FE04F031FC282003F0DEF971
:106D800006F036FB0123029320E510AE834930461E
:106D900002F0B0FE314623A802F0B0FF002800F058
:106DA0008F80304602F0E0FE7D4B00227D4977481F
:106DB0001A60FBF791FEFEF7EABE7B4907A802F0D6
:106DC00087FF0746002800F0A681B8F1010F00F305
:106DD000058140F2EF734FF0780B4FF4E0660093BB
:106DE0000027DFF8ECA1009BB342C0F0BE80DFF8C3
:106DF000E4E10DF1280C4FF0000843F60269BEE80B
:106E00000F00ACE80F009EE803008CE803000AA91D
:106E100050460A96CDE90D88ADF83490FCF7A0FBFA
:106E20002B680BEB03082B68A8EB0303002B40F344
:106E30009780DFF8A0E10DF1400CBEE80F00ACE850
:106E40000F009EE803008CE8030010A95046FEF7EF
:106E5000C1F90028E7D0109B9E42E4D00621534898
:106E600004F088FB00231022314648480DF14B09FD
:106E700002F0F8FD3A2004F067FB0023102210997D
:106E800042484FF0000802F0EDFD3A2004F05CFBB0
:106E90009DF84B30019308E00023102219F8011FE0
:106EA00008F10108394802F0DDFD019B434553DD3F
:106EB00099F801300F2BEFD8302004F045FBEBE7B9
:106EC0003B4923A802F004FF054600287FF469AF80
:106ED000304602F049FEB8F1030F7FF742AF23A816
:106EE00002F0AEFF421E012A3FF60EAE2C4F29469D
:106EF000304B102238602698DFF8DC80002808BF6D
:106F000018462D4D05F022FDC8F8000029A802F012
:106F100097FF132826D92860284B002628491B48AC
:106F20001E60FBF7C5FB3968184802F081FD254952
:106F30001648FBF7BDFB3346D8F800101022134863
:106F400002F090FD20491148FBF7B2FB29680F4879
:106F5000FBF7A2FBFEF71BBE0C48013702F074FDE5
:106F6000013640E714232B60D6E70521174804F0CB
:106F700001FB00230A223946044802F073FD03484E
:106F800002F062FDFEF703BEA4090020681600208F
:106F9000CC090020DC09002048050020D009002091
:106FA000DC760020840B002028050020200A002029
:106FB000D80900203C150020CC760020F076002077
:106FC000000A0020100A0020180A0020E80C002007
:106FD00088240020C0020020D076002023A802F0E0
:106FE0002FFFB8F1020F074600F02C8326981022DD
:106FF000DFF8A0A34946002808BF504605F0A6FCCC
:10700000B8F1030F064600F017832998494610226D
:10701000002808BF504605F099FCB8F1040F009015
:1070200000F007832CA802F00BFF8346012F3FF4EA
:10703000D7AE022F7FF468AD0027DFF85CA3009B7A
:10704000B34292D3DFF870E30DF1280C4FF0000843
:1070500043F60269BEE80F00ACE80F009EE80300AB
:107060008CE803000AA950460A96CDE90D88ADF8D0
:107070003490FCF79FFD2B680BEB03082B68A8EB03
:107080000303002B40F39780DFF82CE30DF1400C55
:10709000BEE80F00ACE80F009EE803008CE8030098
:1070A00010A95046FDF7A0FB0028E7D0109B9E4298
:1070B000E4D00621B44804F05DFA002310223146E2
:1070C000B2480DF14B0902F0CDFC3A2004F03CFA35
:1070D000002310221099AD484FF0000802F0C2FCC6
:1070E0003A2004F031FA9DF84B30019308E0002378
:1070F000102219F8011F08F10108A44802F0B2FC9F
:10710000019B434553DD99F801300F2BEFD8302018
:1071100004F01AFAEBE79E4907A802F0D9FD0646EB
:10712000002800F08B80B8F1030F40F3818023A882
:1071300002F086FE269B0546964810223946002B13
:1071400018BF184605F002FC082280460AA929A8A3
:10715000FBF75AFCB0F1000964DB012D2DD0022DA4
:107160007FF4D2AC10AEDFF850E20AAD0DF14B0B5C
:10717000B446BA46BEE80F00ACE80F009EE8030034
:107180008CE80300CDF84080CDE9137708E0BAF130
:10719000070F07DC15F8013B0AF1010A0BF8013F64
:1071A000D145F4DC31467C48FCF704FD29E0774802
:1071B000013702F049FC013641E710AEDFF8F8C1B3
:1071C0000DF1280E0DF14B0B3546BA46BCE80F0009
:1071D0000FC59CE8030085E80300CDF84080CDE9A9
:1071E000137708E0BAF1070F07DC1EF8013B0AF13C
:1071F000010A0BF8013FD145F4DC31466748FCF742
:10720000AFF9674D674B002808BF1D46284605F0BB
:10721000DFFE0146284604F0ADF95C4802F014FC9C
:10722000FEF7B5BC60495948FBF756FCFEF7AFBC0A
:107230005E495648FBF750FCFEF7A9BC5C4907A81D
:1072400002F046FD0746002800F0BA80B8F1030FAF
:1072500040F3948023A805AF02F0F2FD4D4B834626
:10726000269810223146002808BF184605F06EFB0C
:1072700008228146394629A8FBF7C6FBB0F1000A6F
:10728000D0DBB8F1040F03D02CA802F0D9FD0646DC
:10729000BBF1010F00F00682BBF1020F7FF434ACAA
:1072A000DFF81481BAF1080F0DF1280EA8BF4FF0D6
:1072B000080AB8E80F00AEE80F0098E8030052464D
:1072C0008EE8030039460DA8CDF828908DF833A03C
:1072D00002F090FF0AA93048FCF76CFC002800F08F
:1072E000B981002E00F04A822B680027DFF8CCB06D
:1072F000DFF8988000932B68009AD31A3344002B50
:107300007FF733AEDFF8B0E00DF1400CBEE80F00C0
:10731000ACE80F009EE803008CE8030010A91E48AB
:10732000FDF762FA0028E6D00321584604F022F95E
:1073300000231022109940460DF14B0902F092FBF8
:107340003A2004F001F99DF84B304FF0000A019308
:1073500008E00023102219F8011F40460AF1010A33
:1073600002F080FB019B534540F3B28299F8013053
:107370000F2BEED8302004F0E7F8EAE70D49034878
:10738000FBF7AAFBFEF703BC200A002068160020CA
:10739000240500203C150020A04D0020882400205A
:1073A0001005002004050020440A0020280A0020BF
:1073B0001C050020600A0020C0020020E40C002010
:1073C000A94907A802F084FC0146002800F03F828A
:1073D000B8F1040F40F3358223A8DFF8C08202F031
:1073E0002FFD0646269839461022DFF880920028A5
:1073F00008BF404605F0AAFA0190299839461022A4
:10740000002808BF404605F0A1FA4FF4027208EECA
:10741000900A49462CA8FBF7F7FA071E40F30381B0
:10742000012E00F0F780022E7FF46EAB13ABDFF875
:1074300070E20DF1400C1FFA87FA00934FF000083C
:107440006646BAF1070FBEE80F00ACE80F009EE8F1
:107450000300019A009B8CE803001092CDF84C8049
:10746000C3F8048000F29C81804952460DF14D0022
:107470008DF84C7002F0BEFE31467D48FCF79AFB59
:10748000002800F084814FF000092B6841F27078E9
:10749000DFF8DCB14F46CA469844CDF808902B6817
:1074A000A8EB0303002B27DD724B1B780BB1FDF714
:1074B000B9F9DFF8ECE10DF1280CBEE80F00ACE8FB
:1074C0000F009EE803008CE803000AA95846FDF768
:1074D0008BF90028E3D00A9B18EE902A9A42DED15D
:1074E0009DF83420130900F0D981012B5CD0022BC8
:1074F0001FD04FF0010AD2E7002F4CD0029B002B87
:1075000049D00C215C4804F035F839465B4802F05C
:107510008FFA2F2004F018F84946584802F088FAEC
:107520003321574804F026F8544802F08DFAFEF74C
:107530002EBBFB1D534A0DA99BB2BA184F4531D241
:10754000013711F8010FBFB202F8010BBB42F5D1B0
:107550002B6841F270784F459844CAD3B84603214E
:107560004948484D0026454F04F004F808E099F8D2
:1075700000100023102238460135013602F072FA5D
:10758000B0453EF4A1AB2B78A9460F2BEFD83020A5
:1075900003F0DAFFEBE73D4D3D4BBAF1000F08BFBA
:1075A0001D4633E62B68D9E713029DF835900DF19F
:1075B0003502002703F4706349EA0309314B4F4554
:1075C00007D0013712F8011FBFB203F8011B062FC5
:1075D000F5D10123DFF8C8E0B4464FF0000A02936A
:1075E00041F27078BEE80F00ACE80F009EE803009F
:1075F000019B8CE8030010933146009B5846C3E979
:1076000000AA4FF030038DF84C30FCF7D3FA2B680A
:1076100098446EE7BBB218EE901A0198134AFDF732
:10762000C7FFFEF7B4BA1B491448FBF755FAFEF73B
:10763000AEBA4FF0780BF9E440F2EF734FF0780BED
:107640000093F3E440F2EF734FF4E0664FF0780BF1
:107650000093EBE40B21104803F08CFF074802F085
:10766000F3F9FEF794BA00BF18050020407E002011
:10767000A04D002081A60020A00C0020681600204C
:10768000B00C0020509200209C0C0020DC0B00204D
:10769000900B0020A80A0020040500203C150020C3
:1076A000C0020020DFF82483BAF1080F0DF1280E84
:1076B000A8BF4FF0080AB8E80F00AEE80F0098E83E
:1076C000030052468EE8030039460DA8CDF82890F5
:1076D0008DF833A002F08EFD0AA9AE48FBF740FFFB
:1076E0000028B7D0002E49D02B680027DFF8E0B281
:1076F000DFF8A88200932B68009AD31A3344002B3A
:107700007FF733ACDFF8C4E20DF1400CBEE80F00A8
:10771000ACE80F009EE803008CE8030010A99D4828
:10772000FDF758FD0028E6D00321584603F022FF5C
:1077300000231022109940460DF14B0902F092F9F6
:107740003A2003F001FF9DF84B304FF0000A0193FF
:1077500008E00023102219F8011F40460AF1010A2F
:1077600002F080F9019B534540F3F18099F8013014
:107770000F2BEED8302003F0E7FEEAE7072186481A
:1077800003F0F8FE854802F05FF9FEF700BA4521E4
:10779000834803F0EFFE814802F056F9FEF7F7B98F
:1077A000CAF30323D9F8000031468DF84D7043F039
:1077B0001003CDF84E007B488DF84C30B9F80430FA
:1077C000ADF85230FCF7F6F90028E0D00DF1280BA7
:1077D00005AF18EE900A8DF814805A4639468DF898
:1077E0002880FDF7BFF9002877D1012308EE106A41
:1077F000062280465646029300990023C1E90033D1
:10780000029941F020018DF84C1013A9009106E077
:1078100056450AD919F80A00013301F8010F02EBA5
:10782000030A062B1FFA8AFAF2DD18EE101A5D48D9
:10783000FCF7C0F90028AAD0564557D818EE106AB0
:1078400021E659495548FBF747F9FEF7A0B9B8F1C9
:10785000030F6AD1554E102220980091002808BFCE
:10786000304605F073F80546239810220099002849
:1078700008BF304605F06AF84FF4027206464C49DC
:1078800026A8FBF7C1F8031E7FF7CDAE9BB23146A9
:107890002846474AFDF78CFEFEF779B990460DF170
:1078A0003501444802F0A6FCB8F1030F7FF457AE4F
:1078B000404A13787F2B7FF452AE9378782B7FF475
:1078C0004EAE2B6841F270784FF0010A9844E6E51D
:1078D0004046013702F0B8F80DE53E21364803F086
:1078E00049FE2E4802F0B0F8FEF751B99DF8280085
:1078F000002834D0020630D500F10F03DBB2082B8C
:107900002AD82E4AA0F1F0032D4851682D4A12685A
:10791000B2FBF0F2642000FB03F302FB03F3274AFF
:107920005268521A9342FAD819E01C480525264994
:107930000C26FBF7D1F807A802F016F906FB054064
:10794000013D02F011F96B1CF8D1FEF72AB940464F
:10795000013702F079F8CEE6012002F0EFFB9DF846
:10796000143008F10108013B5FFA88F8DBB24345A7
:1079700006D3029B5246013303F00F0302933BE709
:107980005A46394618EE900AFDF7ECF80028A4D1C3
:107990008046EEE7882400201005002068160020AD
:1079A000140C0020A04D0020880A00203C15002067
:1079B00048800020509200205C0C0020001000E065
:1079C00040420F0064160020C40A0020C0020020BC
:1079D000E40C00202DE9F04F634E95B0634D644FE9
:1079E000DFF89C8103F05CFD90B103F09DFDC1B216
:1079F0000A2966D00D2964D0AA6840F24B439A4206
:107A0000F0D8284602F054F903F04AFD0028ECD1E2
:107A100033780446002B00F0B780564B1B78002BC0
:107A200000F0EE800EAD544EDFF858812C46534FD7
:107A30000FCE0FC496E8030084E8030029464046B1
:107A4000FDF7C8FB002800F0DB809DF83F40002CCC
:107A500000F0728254201C2403F076FD0E9900235E
:107A600010223846E140043C01F00F0101F0FAFF1A
:107A7000231DF3D19DF8431000231022384601F056
:107A80000F0101F0EFFF9DF84330002B00F0508212
:107A90000DF143060BE00A3C00231022384601F0AA
:107AA000E1FF641B9DF84330A34240F3418234461A
:107AB00016F8011F0F29EED8302003F045FD31786C
:107AC000E9E7AB68002B8DD03178002944D12846F6
:107AD00002F036F97428AB6826D0722824D05428D6
:107AE00000F06382522800F06082012B00F07A825D
:107AF000022B0DD153280BD10121284602F020F989
:107B00002F2805D90121284602F01AF938281FD953
:107B10000EAC2946204602F00BF82046FDF782FE07
:107B2000204602F021F819E0042BF1D90124214666
:107B3000284602F005F920F0200330380134413B9B
:107B4000C0B2DBB2092801D9052BE1D8052CEED152
:107B50000123AA6833700AB1FBF7AEFD3946284607
:107B600002F054F83EE700BF8AA60020C4A500201A
:107B7000240D00207EA60020C002002068160020F0
:107B8000091A080088240020A64F3B78002B40F0FB
:107B9000C781A54B1B78002B40F0D980A34B1E68F2
:107BA00076B3DFF8A082A24FA24AD8F80030396835
:107BB00012685B1A934223D39F4B0EAC9F4D4FF03C
:107BC000000CD3F800A043F602694FF0800E012E9E
:107BD0000FCD0FC495E8030084E80300CDF838A06A
:107BE0008DF84BC0CDF847C0ADF844908DF846E015
:107BF00000F0F381022E00F00982D8F800303B60DB
:107C00008F4B1B78002B00F09F808E4B8E4A1E6896
:107C10001368F31AC72B40F297808C4B8C4F18686F
:107C200016603A688B491A60101A8B4B8B4A14689D
:107C30001A681C60A41A0A68904240F2A4810246A5
:107C40000860874BD3F80080444540F29181A046FC
:107C50001C60012A4FF00C094FF00003814D38BF22
:107C60000122A0FB090103F0DBFE42460346A4FB10
:107C70000901012A98464FF0000338BF012203F0A2
:107C8000CFFE2B78814600223BB1774B1B68F61A5A
:107C900040F2DB539E4240F27E81744B11467448A1
:107CA0001D6801F0E3FB0A227249714801F098FE59
:107CB0003DB1284605F08CF9294602466C4801F092
:107CC0008FFE6B4801F082FC02220021684801F01F
:107CD000CDFB04226849664801F082FE0023396822
:107CE0000A22634801F0BEFE05226449604801F0A3
:107CF00077FE634900230A2209685D4801F0B2FE5D
:107D00005B4801F063FC03220021594801F0AEFBFF
:107D100005225C49564801F063FE5B4900230A22B4
:107D20000968534801F09EFE514801F04FFC4A4655
:107D300056490520FAF7E2FE42465549062015B09D
:107D4000BDE8F04FFAF7DABE15B0BDE8F08F3B4E54
:107D500002AD0FCE0FC596E8030085E8030002A927
:107D60004C48FDF737FA00283FF418AFDFF83091A0
:107D7000029AD9F800309A427FF410AF9DF814604F
:107D8000330900F04881012B7FF408AF36029DF8DB
:107D9000153006F470661E43402EB246A8BF4FF061
:107DA000400A6EB10DF115023B4B002601E0B245D1
:107DB00006DD013612F8011F052E03F8011BF6DD62
:107DC000364B08ADDFF874C04FF0000E00934FF053
:107DD000300B1B68DFF86C800193BCE80F000FC507
:107DE0009CE80300019B85E8030008A92948089343
:107DF000CDE90BEE8DF82CB0FBF7B2FBD8F80030D4
:107E0000B24503F57A7240F3D481D8F80030D31A22
:107E1000002B40F3CE8101940EADDFF878B014460C
:107E200049E000BF81A6002080A60020DC7600206B
:107E3000F0760020CC760020D0760020C002002012
:107E40007FA600205CA600200C7E0020E8760020A3
:107E5000087E0020441A0020E4760020D47600201A
:107E6000401A0020FC760020EC7600203C1A00200E
:107E7000E8A500208C14002098140020A0140020F5
:107E8000BC760020A814002010770020B014002039
:107E9000B41400208824002050A20020F87600208E
:107EA000E0760020B24540F38381D8F80030E31A31
:107EB000002B40F37D813B780BB1FCF7B3FCDFF87E
:107EC00030E3AC46BEE80F00ACE80F009EE80300CC
:107ED0008CE8030029465846FDF77CF90028E1D0DC
:107EE0000E9AD9F800309A42DCD19DF844301B0933
:107EF000022BD7D1B2450EDDB04B11A99A19002340
:107F000001E0B24507DD013311F8010F0136062B00
:107F100002F8010BF5DDD8F8004004F57A74C1E7EA
:107F2000FCF780FCA64B1B78002B3FF437AE0EE726
:107F30000D2003F009FB81E5742003F005FB0E9989
:107F400023461022C1F30321384601F08BFD0E9920
:107F500023461022C1F30311384601F083FD0E9928
:107F60002346102201F00F01384601F07BFD81E528
:107F7000B8F1010F7FF66DAE08F1FF31A1EB1818D3
:107F8000C3F8008065E6012A7FF65BAE531EA3EBC3
:107F900012120A6055E611468A4801F067FA0A2271
:107FA0008949884801F01CFD83E6092B7FF6B0ADB6
:107FB00001242146284601F0C3FEA0F1300320F041
:107FC00020020134DBB2413A092BD2B202D9052A90
:107FD0003FF69EAD0A2CECD1BAE50EA97B48FBF723
:107FE000BFFA0AE656280DD842287FF691ADA0F1D7
:107FF0004303DBB228FA03F3DA077FF589AD0123E7
:108000003370A9E576287FF483ADF8E70EA97048B0
:10801000FBF7D0FDF1E5002E3FF4C0AD32460DF187
:108020001501664802F0E6F86A4B00936A4A062199
:10803000624D002713686948A8460133DFF8A0A104
:10804000136003F097FA06E000231022504601F077
:1080500009FDBE420ADD18F8011B01370F29F3D8CC
:10806000302003F071FA18F8011CEDE75C4801F0CC
:10807000EBFC5C4BD3F800E0BEF1000F40DDDFF815
:1080800078C105F1FF3804E001340CF14A0C744565
:1080900036D01CF8017CB742F6DC57B14744524B4E
:1080A000624613F8010F12F8011F8842ECD19F427B
:1080B000F7D106214D4803F05DFA4A23DFF83CA1D1
:1080C00004FB03F30AEB03020A3356780AEB0307B7
:1080D000002E5ED03E443D46DFF8048106E00023DA
:1080E0001022404601F0BEFCAE4252D015F8011BF2
:1080F0000F29F4D8302003F027FA15F8011CEEE719
:1081000095F8008011237F2408AD0DF12207344E2D
:10811000062136488DF820408DF821808DF82230D8
:1081200003F028FA214600231022304601F09AFC81
:10813000AF4207D015F8014F0F2CF3D8302003F0D1
:1081400003FAEFE726480EAC01F07EFC284D009BB9
:108150004FF0000C112647F60377D3F800E00FCD5F
:108160000FC495E8030084E803000EA917488DF8B2
:108170004760CDF838E0CDF848C0ADF844708DF8D0
:108180004680FBF7EDF91B4B1E68002E7FF409AD0E
:1081900036E5134801F058FC009B3A46D9F8001028
:1081A00018684A2303FB04A35B78FDF729F9F5E47B
:1081B000019C002E7FF43AAFF0E400BF50A20020F3
:1081C00080A60020E8A500208C1400208824002030
:1081D000A04D0020F8760020F47600207C140020CA
:1081E00068160020B87600204FA2002084140020DA
:1081F000C0020020DC7600201977002018770020CC
:1082000083889BB20F2B03D8838801339BB2838072
:108210004288B0F802C0038802F00F021FFA8CFCFB
:108220009BB2023283F0100340F822109C4504D127
:108230000388013303F01F0303804388013303F0F5
:108240001F034380704700BF83889BB20F2B03D866
:10825000838801339BB283804288B0F802C00388D0
:1082600002F00F021FFA8CFC9BB200EB420283F07B
:108270001003D1809C4504D10388013303F01F0310
:1082800003804388013303F01F034380704700BF1E
:108290002DE9F04F934D9BB0934F08AC05900FCD57
:1082A0000FC495E8030084E803007E6AB96AD7F832
:1082B0002C90386B3B68039113F40043049003D176
:1082C0003A68950000F11881049B43F00103B9F16D
:1082D000000F00F00281B9FA89F3834DC3F1400326
:1082E0002C68DFB214F00054029700F09E82FAF777
:1082F00067F92B68044603F07F030133834240F2A1
:10830000C280874240F2BF80059B671CDFF8D8B16E
:1083100003F50053FDB2019706931AE0042A00F01A
:108320005881082A00F0E281DBF800309DF8044013
:1083300003F07F03029A0133A24288BFAB4205F1EA
:10834000010594BF01230023002B40F09C80631C97
:108350000193C4F12002039BA4F1200A06FA02F162
:10836000E3400B4326FA0AF10B43DF07DCD5049BFD
:1083700009FA02F2E340134329FA0AF21343D80739
:10838000D2D5DFF87081A0444FEA0818D8F8003041
:10839000190EC3F3036201F00B010229BED1D8F814
:1083A000041003F4001021F06041002812BF4FF0C8
:1083B000010C4FF0000C890C062A8DF827C008919B
:1083C00002D101228DF82920ADF82430C3F30343F4
:1083D0008DF8344000288DF82B30069B93F8153922
:1083E0008DF83530D8F808308DF82F30D8F80830AF
:1083F0004FEA13238DF82E30D8F808304FEA134394
:108400008DF82D30D8F808304FEA13638DF82C30F2
:10841000D8F80C308DF83330D8F80C304FEA1323ED
:108420008DF83230D8F80C304FEA13438DF83130E4
:10843000D8F80C304FEA13638DF8303014BF4FF08A
:108440008C634FF080631F2CC8F80030DBF80830D5
:108450004FF0010331D8A34021460598CBF83030C6
:10846000089AFAF703FF002832D108A90598FBF70C
:1084700033FF08A8AFF3008008A8AFF3008008A876
:10848000AFF3008050E7184E184D346A2A68184B35
:108490006240134043B1059B03F58053B3F8D43CCD
:1084A0009BB20F2B40F2DB810F4A136A2343136206
:1084B000BFF34F8F1BB0BDE8F08F03FA0AF32146DC
:1084C0000598CBF82C30089AFAF7D0FE0028CCD0CB
:1084D00008A90598FBF7A0FEC7E7B3FA83F320339A
:1084E000FBE600BFC002002000401D4094A2002017
:1084F000BFFF070008D401048C067FF5E5AE8106B6
:108500007FF5E2AED7F88020C94C02F40011C2F327
:108510000050ADF824200029C2F303414FEAD252A3
:108520008DF82B10D7F884108DF8280018BF012083
:1085300021F0604108BF00208DF826204FF0000296
:1085400008BF890C8DF827000CA80891D4F8881072
:10855000D1400832202A00F8011DF7D10DA9B448F6
:10856000D0F88C20DA400833202B01F8012DF7D108
:10857000059A02F5005292F815298DF835206322EC
:108580008DF8342082680363049B5A0601D540238A
:108590000363049B1B0602D5A54B80221A63059C2E
:1085A00008A92046FBF798FE08A8AFF3008008A8AA
:1085B000AFF3008008A8AFF3008008992046FAF7CF
:1085C000DDFD00283FF480AE08A90598FBF724FEE6
:1085D0007AE603F40012002AD8F80420ADF824301B
:1085E000C3F303438DF8344022F060428DF82B3002
:1085F00018BF0121069B04BF920C002193F8153986
:1086000008928DF83530D8F80830059A8DF82F305B
:10861000D8F808308DF827101B0A8DF82E30D8F8BE
:1086200008301B0C8DF82D30D8F808301B0E8DF853
:108630002C30D8F80C308DF83330D8F80C301B0AB9
:108640008DF83230D8F80C301B0C8DF8313004F630
:10865000022352F82330D8F80C20120E8DF8302067
:108660000BB108A89847069BD3F808390BB108A8A6
:108670009847059901F58052B2F81E3B17469BB208
:10868000002B00F0D780B2F81A3B1A220DF1500CE3
:1086900003F00F03E04602FB031341F632320EA94A
:1086A00003EB020A98588E460791DAF80820DAF8A8
:1086B0000410DAF80C30ACE80F00DAF81000DAF841
:1086C0001410ACE80300B8E80F00AEE80F0098E81B
:1086D00003008EE803009DF94C30591C00F0D8804F
:1086E0009C427FF421AE079AE1B2D3E003F400127A
:1086F000002AD8F80420ADF82430C3F303438DF8E2
:10870000344022F060428DF82B3018BF0121069BC7
:1087100004BF920C002193F8153908928DF835307A
:10872000D8F80830059A8DF82F30D8F808308DF831
:1087300027101B0A8DF82E30D8F808301B0C8DF846
:108740002D30D8F808301B0E8DF82C30D8F80C30AE
:108750008DF83330D8F80C301B0A8DF83230D8F849
:108760000C301B0C8DF83130D8F80C301B0E8DF806
:10877000303004F6022352F823300BB108A8984792
:10878000069BD3F808390BB108A89847059901F55D
:108790008058B8F81E3B9BB2002B58D0B8F81A3B53
:1087A0001A220DF1500C03F00F03674602FB03136E
:1087B00041F632320EA903EB020A98588E46079111
:1087C000DAF80820DAF80410DAF80C30ACE80F0018
:1087D000DAF81000DAF81410ACE803000FCFAEE8B6
:1087E0000F0097E803008EE803009DF94C305A1CF7
:1087F00067D09C427FF498AD079AE1B20598FAF7EA
:1088000081FCB8F81A3B013303F01F03A8F81A3BA8
:10881000B8F81E3B9BB2002B3FF486ADB8F81E3B68
:10882000013B9BB2A8F81E3B7EE52B686CE500BFC0
:1088300000401D401F2C4FF0010320D903FA0AF31A
:10884000CBF82C304FF00063C8F800306CE51F2CDB
:108850004FF0010317D8A340CBF8303064E5059FF3
:1088600041F6D04021463844FFF7CAFCF16941F691
:10887000985089B23844FFF7E7FC2C6014E6A34017
:10888000CBF83030DEE703FA0AF3CBF82C304BE5B7
:10889000079A21460598FAF735FCB7F81A3B0133D9
:1088A00003F01F03A7F81A3BB7F81E3B9BB2002B3F
:1088B0003FF43AADB7F81E3B013B9BB2A7F81E3B15
:1088C00032E5079A214699E72DE9F04F934D9BB089
:1088D000934F08AC05900FCD0FC495E8030084E8D2
:1088E00003007E6AB96AD7F82C90386B3B68039115
:1088F00013F40043049003D13A68950000F1188105
:10890000049B43F00103B9F1000F00F00281B9FAB2
:1089100089F3834DC3F140032C68DFB214F0005497
:10892000029700F09E82F9F727FE2B68044603F0B9
:108930007F030133834240F2C280874240F2BF800E
:10894000059B671CDFF8D8B103F50053FDB2019712
:1089500006931AE0042A00F05881082A00F0E28108
:10896000DBF800309DF8044003F07F03029A0133E6
:10897000A24288BFAB4205F1010594BF0123002349
:10898000002B40F09C80631C0193C4F12002039BE8
:10899000A4F1200A06FA02F1E3400B4326FA0AF199
:1089A0000B43DF07DCD5049B09FA02F2E3401343D3
:1089B00029FA0AF21343D807D2D5DFF87081A04410
:1089C0004FEA0818D8F80030190EC3F3036201F01B
:1089D0000B010229BED1D8F8041003F4001021F0D5
:1089E0006041002812BF4FF0010C4FF0000C890CC1
:1089F000062A8DF827C0089102D101228DF829207E
:108A0000ADF82430C3F303438DF8344000288DF8CB
:108A10002B30069B93F815398DF83530D8F808308F
:108A20008DF82F30D8F808304FEA13238DF82E3008
:108A3000D8F808304FEA13438DF82D30D8F80830B5
:108A40004FEA13638DF82C30D8F80C308DF83330A2
:108A5000D8F80C304FEA13238DF83230D8F80C30A8
:108A60004FEA13438DF83130D8F80C304FEA1363D6
:108A70008DF8303014BF4FF08C634FF080631F2CA3
:108A8000C8F80030DBF808304FF0010331D8A340BC
:108A900021460598CBF83030089AFAF7C5FC002833
:108AA00032D108A90598FCF70DF908A8AFF30080AA
:108AB00008A8AFF3008008A8AFF3008050E7184E75
:108AC000184D346A2A68184B6240134043B1059B25
:108AD00003F58053B3F8D43C9BB20F2B40F2DB81FB
:108AE0000F4A136A23431362BFF34F8F1BB0BDE8D5
:108AF000F08F03FA0AF321460598CBF82C30089A38
:108B0000FAF792FC0028CCD008A90598FCF77AF86F
:108B1000C7E7B3FA83F32033FBE600BFC0020020AF
:108B200000001D4090A20020BFFF070008D00104F4
:108B30008C067FF5E5AE81067FF5E2AED7F88020A2
:108B4000C94C02F40011C2F30050ADF824200029F2
:108B5000C2F303414FEAD2528DF82B10D7F884109C
:108B60008DF8280018BF012021F0604108BF0020C7
:108B70008DF826204FF0000208BF890C8DF82700E1
:108B80000CA80891D4F88810D1400832202A00F8A7
:108B9000011DF7D10DA9B448D0F88C20DA40083374
:108BA000202B01F8012DF7D1059A02F5005292F819
:108BB00015298DF8352063228DF8342082680363EF
:108BC000049B5A0601D540230363049B1B0602D570
:108BD000A54B80221A63059C08A92046FCF772F871
:108BE00008A8AFF3008008A8AFF3008008A8AFF38F
:108BF000008008992046FAF79FFB00283FF480AEDA
:108C000008A90598FBF7FEFF7AE603F40012002A94
:108C1000D8F80420ADF82430C3F303438DF8344072
:108C200022F060428DF82B3018BF0121069B04BF53
:108C3000920C002193F8153908928DF83530D8F848
:108C40000830059A8DF82F30D8F808308DF82710A5
:108C50001B0A8DF82E30D8F808301B0C8DF82D30FB
:108C6000D8F808301B0E8DF82C30D8F80C308DF861
:108C70003330D8F80C301B0A8DF83230D8F80C306D
:108C80001B0C8DF8313004F6022352F82330D8F84B
:108C90000C20120E8DF830200BB108A89847069BC7
:108CA000D3F808390BB108A89847059901F5805207
:108CB000B2F81E3B17469BB2002B00F0D780B2F8EB
:108CC0001A3B1A220DF1500C03F00F03E04602FB91
:108CD000031341F632320EA903EB020A98588E466E
:108CE0000791DAF80820DAF80410DAF80C30ACE86A
:108CF0000F00DAF81000DAF81410ACE80300B8E856
:108D00000F00AEE80F0098E803008EE803009DF91D
:108D10004C30591C00F0D8809C427FF421AE079A59
:108D2000E1B2D3E003F40012002AD8F80420ADF831
:108D30002430C3F303438DF8344022F060428DF8B1
:108D40002B3018BF0121069B04BF920C002193F821
:108D5000153908928DF83530D8F80830059A8DF815
:108D60002F30D8F808308DF827101B0A8DF82E30D8
:108D7000D8F808301B0C8DF82D30D8F808301B0EB1
:108D80008DF82C30D8F80C308DF83330D8F80C3002
:108D90001B0A8DF83230D8F80C301B0C8DF83130AE
:108DA000D8F80C301B0E8DF8303004F6022352F840
:108DB00023300BB108A89847069BD3F808390BB1AC
:108DC00008A89847059901F58058B8F81E3B9BB252
:108DD000002B58D0B8F81A3B1A220DF1500C03F0B2
:108DE0000F03674602FB031341F632320EA903EB71
:108DF000020A98588E460791DAF80820DAF804102B
:108E0000DAF80C30ACE80F00DAF81000DAF81410D9
:108E1000ACE803000FCFAEE80F0097E803008EE840
:108E200003009DF94C305A1C67D09C427FF498ADEA
:108E3000079AE1B20598FAF729F9B8F81A3B013315
:108E400003F01F03A8F81A3BB8F81E3B9BB2002B97
:108E50003FF486ADB8F81E3B013B9BB2A8F81E3B21
:108E60007EE52B686CE500BF00001D401F2C4FF015
:108E7000010320D903FA0AF3CBF82C304FF000633A
:108E8000C8F800306CE51F2C4FF0010317D8A34041
:108E9000CBF8303064E5059F41F6D0402146384498
:108EA000FFF7AEF9F16941F6985089B23844FFF7FF
:108EB000CBF92C6014E6A340CBF83030DEE703FAA0
:108EC0000AF3CBF82C304BE5079A21460598FAF7C0
:108ED000DDF8B7F81A3B013303F01F03A7F81A3B7C
:108EE000B7F81E3B9BB2002B3FF43AADB7F81E3BE0
:108EF000013B9BB2A7F81E3B32E5079A214699E752
:108F000033480021334A00F5005C38B500F5805342
:108F1000314C324D81822860C1820460018302F5A8
:108F20000050A3F81A1B2E4CA3F81C1B2D4DA3F8C0
:108F30001E1BA3F8D01CA3F8D21CA3F8D41CA3F8C2
:108F4000981DA3F89A1DA3F89C1D02F580538CF878
:108F5000001714608CF80117CCF80C199182CCF82A
:108F60001019D1828CF814191183A3F81A1BA3F8D5
:108F70001C1BA3F81E1BA3F8D01CA3F8D21CA3F83B
:108F8000D41CA3F8981DA3F89A1DA3F89C1D164B9A
:108F90002A604FF48072154C80F800179A6180F8AF
:108FA0000117134AC0F80C19C0F8101980F81419E9
:108FB0001048DA61186020465960C3E9041100F0D6
:108FC00099FD20460C4A0D49BDE8384002F022BD0B
:108FD00088240020A04D0020600F0020C4760020CF
:108FE000840F0020C8760020E8A50020C4A500203A
:108FF00078160020A80F0020541A0020197A0000CB
:1090000090F8A32090F8A200101A704790F8A230B0
:1090100090F8A3209A4205D95A1C034480F8A22054
:10902000987E70474FF0FF30704700BF90F8A23035
:1090300090F8A3209A4202D91844807E70474FF0DE
:10904000FF307047704700BF0346B0F8300178B179
:1090500093F82F21882A03D9012200205A607047F3
:1090600002F1010C01201A4483F82FC182F8A510E7
:10907000704700BF38B5B0F830410CB9204638BD54
:1090800090F82F310546C3F18904A2420DD8144649
:1090900005F1A5002246184401F0ACF895F82F31EF
:1090A0002046234485F82F3138BD01224260EFE786
:1090B0002DE9F04FD0F814A01524017E8146437E9F
:1090C00083B00AEB0111384A0AEB0313374F097AD0
:1090D00093F8283002EB01150901E86852F8018085
:1090E00002EB0311D5F804B01B01CE68D558CBF8BC
:1090F0000040C8F88400D8F804304A6803432C497B
:109100000192C8F804301460C5F884606B6833437A
:109110006B60284B4C683A68A3FB0232920C02EB5E
:10912000820252004B681B1B9A42FBD84FF0090C7D
:109130001F4ADFF880E0D8F80830034202D0AB685D
:1091400033422FD1C5F8886054683968AEFB0131CD
:10915000890C01EB810153681B1B9942FBD8C5F8B0
:10916000846054683968AEFB0131890C01EB8101E0
:1091700053681B1B9942FBD8BCF1010CDBD1604644
:1091800099F81830019A0AEB0313DB68CBF800302A
:1091900099F819300AEB031ADAF82C30136003B08F
:1091A000BDE8F08F0120EBE70C11002064160020D1
:1091B000001000E083DE1B430E4A10B511680469FD
:1091C00005E0DB0107D413685B1A102B08D863692C
:1091D00013F0007FF5D14FF4FE430120636110BD11
:1091E000FFF766FF0028FAD04FF4FE4301206361C9
:1091F000F5E700BF5CA600202DE9F04790F82FA10D
:109200000569BAF1000F4FD081468846FFF7D4FFB9
:10921000002849D0374E0024376818E06B691905DB
:1092200051D4DA0455D4580559D4990441D432683C
:10923000D21B322A3DD8544507D9EA6D520704D1D2
:109240009B0555D4B8F1000F52D002F011FA5445E5
:10925000E4D8EA6D500702F00703DFD413E099F871
:10926000A5200133022442F48062042B2A661ED01A
:109270008A4503F1010309EB01020ED992F8A520FA
:10928000042B2A66CAD00121002CE8D021460133E4
:1092900001348A4509EB0102F0D8B8F1000FBDD0C6
:1092A0004FF400732B66B9E70420BDE8F087012472
:1092B000B4E72B694FF40072042043F440732B6130
:1092C0002A66BDE8F0872B69042043F440732B61C4
:1092D000EBE72B69052043F440732B61E5E72B692D
:1092E0004FF40072022043F440732B612A66DCE7DE
:1092F0000020DAE75CA60020F8B506690446D6F837
:10930000145115F4706301D0C6F81431A8070BD5B9
:10931000D6F8702111043ED50023012184F8A23033
:10932000234484F8A3109A76EB0710D594F8307193
:10933000FFB194F82E7194F82F31BB4227D97B1CD2
:10934000274484F82E3197F8A530C6F8603115F41B
:10935000407F0DD094F8A30018B1D4F83C3103B18C
:1093600098470023A4F8A230A4F82E3184F83031B5
:10937000F8BDD4F8383103B19847002384F82E3172
:10938000012384F8303194F82F31BB42D7D8002321
:10939000C6F86031DBE794F8A330872BC4D8591C9A
:1093A000C9B2BDE70148FFF7A7BF00BF781600208C
:1093B0000148FFF7A1BF00BFB81700200148FFF721
:1093C0009BBF00BFF818002010B4144C00220369A2
:1093D000A1421A6114D8124C012012494FF43032C4
:1093E0009C6458629962DA629C6C00204FF0011113
:1093F00001221C6518625DF8044B99651A6170477B
:109400000948814207D9094C09480A499C645A62B3
:109410009862D962E8E7084C0848F6E77F1A060028
:109420003B372819B80B05053F420F000A0907040E
:1094300060090101007F05001C1A120C100E0202C7
:1094400070B5037B04460172002219440368CDB253
:109450001B6901F00F019847236829092046002263
:109460001B6941F01001BDE87040184770B5837A60
:10947000054614468B4201D9FFF7E2FFEB7AB4EBC5
:10948000D30F0DD2E97B28462B68002221446C7251
:109490001B6901F00701BDE8704041F0B0011847B9
:1094A00070BD00BF2DE9F047994600239DF820804C
:1094B000054643740F46C37A9246B8EBD30F03D3E5
:1094C000DA08013A5FFA82F8C8453AD34E46AB7AD9
:1094D000BB4203D939462846FFF7B2FFEB7AB6EB19
:1094E000D30F0BD2E97B00222B68284631446E72E1
:1094F0001B6901F0070141F0B001984757451CD89E
:109500003C4604E06B740134E4B2A24515D3697C97
:109510004B1E0029F6D195F808C00222AB7A2846E6
:109520009C45F0D22B6801341B69E4B298472B7A32
:10953000A24503F101032B72E9D20136F6B2B04520
:10954000C5D24A4639462846BDE8F047FFF78EBFE8
:1095500030B500230568044683B0C3811A46402114
:109560002D69A84794F80BC0A07A00234FEADC0CC1
:10957000421E20460CF1FF3C1946D2B25FFA8CF431
:109580000094FFF78FFF03B030BD00BF002370B51C
:10959000038105464A790B680E7982728A79C27214
:1095A000CA79027366B1013E5C1E53FA86F62B68D7
:1095B000002214F8011F28461B699847B442F6D1CF
:1095C0002846BDE87040FFF7C3BF00BF827A017A2A
:1095D000013A437A10B5446982B0D2B23CB1E47822
:1095E00090F819C00734E41014FB0CF4E4B203F152
:1095F000FF3C6444E4B20094FFF754FF02B010BD96
:10960000416131B10B88B3F5807318BF01234373F7
:109610007047012343737047437C10B5044613B170
:10962000013B437410BD027A837A9A42FAD2037ED8
:109630000222594003681B699847237A0133237239
:1096400010BD00BF4269002A00F02D810D292DE9CF
:10965000F04F2DED028B8DB09378D77804460493AC
:1096600007F1070392F804E055794FEAE3064FEA61
:10967000D30300960A9300F018810A2900F01D8197
:1096800002F1060C7145CDF820C032D30EEB050374
:10969000284699422DDAA1EB0E01B2F800E0667B74
:1096A0009EFA9EFE637EC9B216FB03F61FFA8EFE7B
:1096B000BEF1010FF6B240F2218117F0070740F02A
:1096C000458169B1481E05325CFA80F8002012F825
:1096D00001EF7044904580B2F9D1009A02FB00502E
:1096E0001CF801204FF0000804920CEB00020892D5
:1096F0000AE0202940F09C80637E4FF00108667BE1
:10970000002713FB06F6F6B2227A08EE102A627AD8
:109710000B92627C0792009A002A72D0089A0499F0
:109720000132013952FA81FA002205920122039294
:109730009DF80C200992013AD2B20692002B54D027
:1097400000239B460193079B6374069B53EA0B031C
:1097500040F0A080049B13B3089B059A02965E46D6
:109760009D18A346DDF80C904446002C7CD195F85A
:1097700000801FB1009B4B4500F087809BF819309B
:10978000022B74D09BF81130002B57D0013B8BF883
:10979000113001355545E8D1A046029E5C46DEB148
:1097A000002504E062740135EBB29E4214D9637C5B
:1097B0005A1E002BF6D1217A0222A37A2046994222
:1097C000F1D223680135217E1B699847237A013342
:1097D0002372EBB29E42EAD8019B01331A460193F1
:1097E000637E5FFA82FB5B45ADD80399049A013131
:1097F00092440391059911440591DDE909128A42C9
:1098000096D8E37A0B98B0EBD30F0BD2E17B2368A9
:109810006072014400221B69204601F0070141F0FB
:10982000B001984701200DB0BDEC028BBDE8F08F70
:1098300000200DB0BDEC028BBDE8F08F9BF8082036
:109840009BF80A309A42A4D29BF81830022258465C
:1098500088EA0301DBF800301B6998479BF8083061
:1098600001338BF8083094E74FF0000881E74EB1E0
:109870004FEA1811374B584613F801804146FFF75D
:10988000CBFE7FE708F00F01F4E748FA07F15FFA33
:1098900081F873E7627A18EE101A20460132D2B2CC
:1098A000FFF7E4FD56E710467047837A002BB9D0E6
:1098B0000021FFF7C5FD0120BBE7837A13B100212A
:1098C000FFF7BEFD0A9A607E617A10FB02F0E37A30
:1098D000257CC0B2DA080144A0EBD303C9B20B4423
:1098E000DBB22DB15EB2002ECCBF002601268EB1B8
:1098F0008A4297D9E07B236861728AE700984FF02B
:109900000008049A474600FB02F2089801FB020295
:109910000892F9E6121A20466272E27B134403F0C1
:109920000703E373FFF752FE257C012D7FF47AAF26
:10993000E37B32462068DB0003F03801A17341F07D
:109940004001036920469847284672E7C7F1080797
:10995000FFB2B6E6280D0020084601F0F5BD00BFB5
:10996000012A70B508BF0A228AB091B34FF0210EC8
:1099700001E05FFA86FE0EF1FF36B1FBF2F502FB65
:1099800015145FFA84FC092C0CF137040CF1300C2F
:1099900098BF5FFA8CF40EF1280C88BFE4B29142B4
:1099A000EC4429460CF8244CE3D24BB10EF1FF3EB7
:1099B0002D225FFA8EFE0EF128036B4403F8242C4F
:1099C000036801A9CEF122025B68714498470AB08E
:1099D00070BD30224FF0210E8DF82520E5E700BF45
:1099E0002DE9F0410C46D1B1EAB180468E18002530
:1099F0000E4F04E001F0A8FDB44205440CD0D8F8A5
:109A0000003014F8010B1B68BB42F3D001464046FE
:109A10009847B4420544F2D12846BDE8F0810D468E
:109A20002846BDE8F0811546F6E700BF097800003A
:109A3000002903DB00230A22FFF792BF49422D23AE
:109A40000A22FFF78DBF00BF00B5036883B040F660
:109A50000D2C022201A95B68ADF804C0984703B041
:109A60005DF804FB5AB90368C9B2074A1B68934200
:109A700000B506D108465DF804EB01F065BDFFF7BF
:109A80006FBF5DF804EB184709780000884200DBDF
:109A9000704730B4124C091A2368EBB1114A124DC9
:109AA00082FB032CDA179C44C2EB2C4244F2A71C25
:109AB00005FB12330D4D05FB02F20CFB0322002ABD
:109AC0000CDA6FF0004313442360B3FBF1F201FBA7
:109AD000123330BC18447047054BF5E71346F3E7E3
:109AE000C07600205F0B4E831DF30100ECF4FFFFF6
:109AF00042CE0C1FF8B500260446C0E90066866019
:109B000029B108460D4603F063FA074608B9204616
:109B1000F8BD013002F006F90028F8D02946067099
:109B20002060C4E9017703F0F1F92046F8BD00BFD9
:109B3000F8B588424FF0000504468560C0E900553D
:109B400002D08E680F680EB92046F8BD701C02F076
:109B5000E9F80028F8D0394605702060C4E90166AC
:109B600003F0D4F92046F8BD10B50446006802F0B1
:109B7000E1F8204610BD00BFF8B50446154632B9DD
:109B8000036803B11A7000232046A360F8BD436840
:109B90000E469A421CD9511C006802F08FFB074602
:109BA00060B1A368C4E900050BB9037027683146AA
:109BB0003846A56003F0AAF92046F8BD206810B128
:109BC00002F0B8F8276000232046C4E90133F8BD4D
:109BD00007683146A560384603F098F9ECE700BF06
:109BE000884238B505460ED000680C4608B102F030
:109BF000A1F8A0680023D4E90012A860C5E900120A
:109C0000C4E90033A360284638BD00BF38B5054617
:109C10000C4649B1084603F0DBF9214602462846C6
:109C2000FFF7AAFF284638BD2846A96038BD00BF07
:109C30002DE9F843044600680D4616468842A3689D
:109C400009D8C218914206D20F1A4FF0010936B94D
:109C50002046BDE8F8834FF00009002EF8D003EB52
:109C60000608626890450CD908F1010102F026FB54
:109C70000028EDD0A368C4E9000813B90370206878
:109C8000A368B9F1000F08D12946184403F03EF942
:109C90002046C4F80880BDE8F8833246C11918444C
:109CA00000F0A8FA2368002203F80820F0E700BFBC
:109CB00010B582B00023044601228DF8041001A9DA
:109CC0008DF80530FFF7B4FF204602B010BD00BF8D
:109CD000826808B50B463AB161B1006802F0ACFF8A
:109CE000B0FA80F0400908BD31B11878B0FA80F0C0
:109CF000400908BD0368F8E7012008BD88421AD072
:109D000083688A68934214D1ABB170B505680E6858
:109D1000013D08E002F036FE044616F8010B02F0A1
:109D200031FE844209D115F8010F0028F2D101203B
:109D300070BD0020704701207047002070BD00BF3B
:109D400083688B4203D9006810B1405C70470020E3
:109D5000704700BF9A422DE9F04105460E4602D9F0
:109D600011461A460B460021A960B7689742C5E91B
:109D7000001114D39F4228BF1F46336813F8078091
:109D8000D95533689C180DD0204603F021F921469F
:109D900002462846FFF7F0FE336803F8078028469E
:109DA000BDE8F081AC60F8E738B50468054644B119
:109DB000207830B102F0E6FD207014F8010F002881
:109DC000F8D1284638BD00BF38B50468054644B10F
:109DD000207830B102F0E0FD207014F8010F002867
:109DE000F8D1284638BD00BF2DE9F0410768064686
:109DF000E7B18468D4B1B846454618F8010B02F0C3
:109E0000B9FD0028F8D1013C3C4402E0A54205D848
:109E1000013C207802F0AEFD0028F7D1621CAF4271
:109E2000A2EB0502B26004D30023BB543046BDE868
:109E3000F0813846294600F0DDF93768B268F3E76B
:109E4000006808B101F06ABF704700BFA249A34B88
:109E500088422DE9F047A24C5E699A69D4F80C80DB
:109E60001BD9A04B984240F20281C31A9E491B0A9B
:109E7000A1FB031340F22761DB0903EB830303EB30
:109E8000830303F2E2438B4228BF0B46A3F54877D6
:109E9000964BA3FB0737FF0804E0954FB8428CBFF1
:109EA0000E2706278D4908F01F09D1F88030B945E3
:109EB00043F0C003C1F880300CD228F01F08A1F590
:109EC000F82148EA0708C1F80C800B68002BFCDA7F
:109ED00008F01F0916F0007324D186490C698649E1
:109EE000A14300F0EA8082F4805134464FF480555B
:109EF00014F0605F04D026F060561E43774B5E611D
:109F000011F4405F07D022F4405274492A438A6119
:109F10008B6C1A07FCD446F00076704A5661936C3D
:109F20009B06FCD4754CA04200F2CE804FF0010C91
:109F30000146634603FB011203F1010E0CF101051A
:109F4000A24218D8BEF1080F4FF0010340F08D80F7
:109F5000BCF1040F00F291800A18A24200F2A48022
:109F600005FB00F1AC4603F1010E03FB01120CF1FD
:109F70000105A242E6D90CF1FF318C0286EA81216B
:109F80005F4810445F4A90427FD9DFF8A4A16C2259
:109F90005D48584DB0FBFEF0D5F800E0B0FBFCF09A
:109FA000DFF890C10EEA0C0CD44509D042F40052FF
:109FB0004FF4805CC5F800C02A602A68002AFCDAE9
:109FC000464A156905F007059D4203D01361936C5D
:109FD000DD03FCD411F4E05F09D026F4E05604F46C
:109FE000E0543E4A26435661936C9907FCD4474996
:109FF000474A014491423CD8464BC909A3FB013171
:10A00000090B4B1E1B0286EA030212F4407F06D0A6
:10A0100026F4407603F44073304A334353612F4AA9
:10A02000536923F000735361936C9B06FCD43A4B45
:10A030004F45A3FB00234FF0FF324FEA9343B0FBA1
:10A04000F1F1B2FBF3F3354A1060354A1160354A3D
:10A05000136008D228F01F08214A48EA0707D76092
:10A060001368002BFCDABDE8F087734662E712271D
:10A0700018E74FF440730421C5E70CF1FF31204885
:10A0800007238C02104486EA8121274ADFF8A8A022
:10A09000A2FB0020020D2548362A38BF362202FBDB
:10A0A00000F042EA0A0A74E74FEA8C24002386EAA9
:10A0B0008C214FF0010EAC4662E71D4686F0C0547D
:10A0C00011464FF0C05313E700244FF0010C024635
:10A0D00031462346E64653E700A4781F00C00F40F0
:10A0E000000008400046C32323B24C001F85EB51FB
:10A0F00000366E0100800D4040300080FFB19F2689
:10A10000808D5B00FF7EF64D00643F4D7FD1F008EF
:10A110007F17B42C9F10E50083DE1B4364160020DC
:10A120006016002054A60020819F5E16001BB70019
:10A130006C2000807F3001800020008000B97047D3
:10A140002DE9F84F01218146214C224D224E54E841
:10A15000003F2A68306844E80013002BF7D11F49FC
:10A160004B684FF47A7BDFF878A01B1A01270BFBB2
:10A1700002F8DAF80020A3FB02325A4594BF90445B
:10A18000D84454E8003F2A68306844E80073002B44
:10A19000F7D14B68DAF800C01B1A0BFB02F2A3FBE5
:10A1A0000C3CBCF57A7F94BF624402F57A72A2EB54
:10A1B0000802B2F57A7F06D3B9F1010908F57A7879
:10A1C000DFD1BDE8F88F01F053FA0449D9E700BFA9
:10A1D00060A600205CA6002058A60020001000E029
:10A1E00054A6002008B5F8F769FEFDF7F3FB01F06F
:10A1F0003FFAFAE7844641EA000313F003036DD106
:10A20000403A41D351F8043B40F8043B51F8043B39
:10A2100040F8043B51F8043B40F8043B51F8043B40
:10A2200040F8043B51F8043B40F8043B51F8043B30
:10A2300040F8043B51F8043B40F8043B51F8043B20
:10A2400040F8043B51F8043B40F8043B51F8043B10
:10A2500040F8043B51F8043B40F8043B51F8043B00
:10A2600040F8043B51F8043B40F8043B51F8043BF0
:10A2700040F8043B51F8043B40F8043B51F8043BE0
:10A2800040F8043B403ABDD2303211D351F8043B80
:10A2900040F8043B51F8043B40F8043B51F8043BC0
:10A2A00040F8043B51F8043B40F8043B103AEDD22F
:10A2B0000C3205D351F8043B40F8043B043AF9D280
:10A2C000043208D0D2071CBF11F8013B00F8013B53
:10A2D00001D30B8803806046704700BF082A13D360
:10A2E0008B078DD010F003038AD0C3F10403D21A78
:10A2F000DB071CBF11F8013B00F8013B80D331F8AC
:10A30000023B20F8023B7BE7043AD9D3013A11F82B
:10A31000013B00F8013BF9D20B7803704B78437096
:10A320008B7883706046704701F1FF3C70B56646DC
:10A33000002400E00134B0FBF2F502FB1503092B09
:10A3400003F1370E03F130035FFA8EFE98BF5FFA18
:10A3500083FE9042284606F801EFEBD2631C0022F0
:10A36000C818CA547CB162461CF8015F10F8016D30
:10A37000A1EB0C0302328CF80060013B521A05700D
:10A3800023449A42EFDB084670BD00BF72B6EFF37C
:10A390000583524CC4F884301EF0040F0CBFEFF359
:10A3A0000882EFF309824FF0E0234D4E4D4DD3F874
:10A3B000280DD3F82C1DC4E92201D3F8341DD3F89D
:10A3C000383DC4E924139369C4F89830D369C4F8BC
:10A3D0009C3000F0BDF884ED280A01F0A1FA0B21B1
:10A3E0004FF0FF32C4F8A4000B46C4F880103E4979
:10A3F000301D5A40202402F00103013C01FB03F30D
:10A4000083EA5202F7D1A84202D073680646EFE70A
:10A41000324BC3F8A820BFF34F8F4FF0E0233049F1
:10A42000324AC3F8701FC3F8702FBFF34F8FBFF3CA
:10A430006F8F2F4A02252F48D36E2F4943F4405384
:10A44000D3660560D3692D4823F07F0343F04003B2
:10A45000D3610B6883423DD8264D00214FF0E023A5
:10A460004FF0FF3229600126C5F808112449C5F8CC
:10A470000011C5F80861C3F88021C3F88421C3F82E
:10A480008821C3F88C21C3F8902101E000F052F933
:10A49000D5F80C31002BF9D00134C5F80C614F2CE4
:10A4A000F4D9184B022018494FF00042C1F840017E
:10A4B0005A63D5F80C313BB9144815490D4A01636C
:10A4C000D2F80C31002BFAD04FF0E023114AC3F838
:10A4D0000C2DFEE7FFF7BAFCBEE700BF00FF272008
:10A4E00080FF2720A8FF27202083B8EDA0FF27208A
:10A4F00000C00F400040084064160020803DCD0B96
:10A50000009F240000900D4000002E4000800F406E
:10A51000F100AD0B0400FA050A490A6838B108B524
:10A5200013180948834204D810460B6008BD104632
:10A53000704702F04DFB0C234FF0FF3203601046D2
:10A5400008BD00BF501A002000002820FFF71EBFE2
:10A55000124AD2F880305B07FBD5D2F88030104821
:10A56000C3F30B230F4990ED007A07EE903A91ED7B
:10A57000006AB8EE477A0C4AF8EEE77A0B4BD2ED58
:10A58000006A77EEC77A93ED007AB8EE477A67EE05
:10A59000867A87EEA60A37EE400A704700810D40A2
:10A5A00044A600204CA6002050A6002048A600206B
:10A5B000836BF0B41BB1536843F40043536072B62D
:10A5C000446B3CB31A4B2260D3F8B0410C421DD10E
:10A5D000184E776804E07468E41BB4F5166F0BD26C
:10A5E000D3F8404144F48044C3F84041D3F8B85113
:10A5F000D3F840416404EED50D4007D10C4CC0E9BE
:10A600000225D4F8B0310B43C4F8B031426362B6CE
:10A61000F0BC7047064DC0E90224D5F8B0310B43B9
:10A62000C5F8B0310263426362B6F0BC704700BF48
:10A6300000002E40001000E070B5056B9DB106468D
:10A640002A46002403E012680134012A0CD0536822
:10A6500013F08003F7D032632CB12846B36B2D681A
:10A660009847013CF9D170BDC6E90C33F4E700BF4F
:10A6700030B4D9B91F4C204B0021204A01254FF09E
:10A68000011099601D60C4E9023180245C60C2F849
:10A69000BC01D2F8B0311A482B43C2F8B031016086
:10A6A000D2F8B031002BFBD130BC70470904154BF8
:10A6B000104C012541F080019860104A596000F566
:10A6C00080511D60D96000F50051A364196100F547
:10A6D000405100F58040596100219861E164D2F851
:10A6E000B03143F48033C2F8B031D2F8B031002B2E
:10A6F000FBD1C0E700000020C022002000002E4057
:10A70000A8A50020E0220020084901220B7802FAC7
:10A7100000F023EA0000087030B9054AD2F8483149
:10A7200023F08003C2F84831704700BF8BA6002099
:10A7300000002E402DE9F04F974C83B0D4F84471BF
:10A74000FB07C4F8447153D5D4F8AC21002A4AD091
:10A75000924EDFF860A2DFF87492DFF874B2DFF88F
:10A760007482C4F8AC21D6E90A20D4F8403143F40D
:10A770000053C4F84031D4F840319D04F5D5D4F8E5
:10A78000403123F40053C4F840314FF00113C4F8B2
:10A79000B431D4F8B45115F00115FAD193B284460E
:10A7A000CAF80050B3F5086F00F0CF8100F2DB80EB
:10A7B00040F202318B4200F0E78100F29A80822B56
:10A7C00000F0CB81B3F5817F40F08A8010F0780FE4
:10A7D00083B200F003824FF00113C4F8C031D4F803
:10A7E000AC21002ABDD16C4AD2F8BC31002B42D139
:10A7F0007E0616D5684BD3F8AC21C3F8AC21D3F84C
:10A80000BC21C3F8BC21D3F8B041002CFBD14FF0E0
:10A81000FF32C3F8B421D3F8843100F02DFD604B32
:10A820001C60FC0103D55F4B1B6803B19847B8015E
:10A8300003D55D4B1B6803B19847790708D5564B84
:10A84000D3F8843113F4007347D0584B01221A70A7
:10A85000514BD3F848311A060AD53B0608D5544A5D
:10A8600013782BB1013BDBB21370002B00F0728226
:10A8700003B0BDE8F08F4F49C2F8BC31086803420D
:10A8800040F0D181464A14681C40B1D05FEA1448B8
:10A8900010D0424E4FF0010998FAA8F5B5FA85F5A7
:10A8A00006EBC51009FA05F54030FFF7C5FE38EA9A
:10A8B0000508F1D1A4B2002C9AD0384E4FF001080F
:10A8C00094FAA4F5B5FA85F506EBC51008FA05F576
:10A8D000FFF7B2FEAC43F3D18AE7344A1370B7E70F
:10A8E000802B7FF478AF344802210580FFF7C0FE4B
:10A8F00075E7B3F5A06F00F00B81A3F5D063012BD2
:10A900003FF669AF2D4B5D68002D3FF464AF1FFA31
:10A910008CFC4FEA124E04E01D690C33002D3FF40D
:10A920005AAF1A887245F7D15A886245F4D14FEA76
:10A930001E22032A00F0A5811A89000C824228BF3A
:10A940000246BEF5007F40F0A181184B1C491878E3
:10A950001C4B0192002818BF19461B48FFF74AFC00
:10A96000194D019AE1E142F221218B427CD033D989
:10A9700042F221318B4200F081804FF6C0018B42C0
:10A980007FF429AF10F47F4F83B27FF424AF43F4F8
:10A990006E4363F30F0CB5E700002E40000000206B
:10A9A000ACA5002070A6002074A6002091A600206F
:10A9B00092A60020A8A500200CA60020B814002014
:10A9C0007C200060E020006000002420A0A5002082
:10A9D0005DCFC6B8C0012E40B3F5106F66D042F20D
:10A9E00021018B427FF4F7AE030C072B7FF4F3AE0B
:10A9F000B24BB349F560D960B249B360C3F808906F
:10AA0000C1E9002001221A60AF4A5A60AF4A1A61B8
:10AA1000D4F8B01141F00101C4F8B01102F5805131
:10AA200002F5005259619A61D4F8B031002BFBD184
:10AA3000A74AF36493600123B264136048F2800371
:10AA400053604FF00113C4F8BC31D4F8B03143F473
:10AA50008033C4F8B0314FF48033CAF80030D4F8F2
:10AA6000B031002BFBD1BAE680B238B9994BC2F3B2
:10AA700007421968984B1960984B1A70944B002242
:10AA80009A60F2640122B3641A6080225A604FF027
:10AA90000113C4F8BC31D4F8B03143F48033C4F8A6
:10AAA000B031D4F8B031002BFBD198E6C2F30742A5
:10AAB0008B4B1A708B4BC4F8C8318B4BC4F8CC311C
:10AAC0008A4BC4F8D03100F0D9FB8022294688484F
:10AAD00001F0E8FF874B8022C6F8A0B0C6F8E0304E
:10AAE0007B4BF5645A600122B3649D601A604FF09D
:10AAF0000113C4F8BC31D4F8B03143F48033C4F846
:10AB0000B031CAF80050D4F8B031002BFBD166E662
:10AB10006F4B0121F564196080219D60B364596019
:10AB20004FF00113C4F8BC31D4F8B03143F4803392
:10AB3000C4F8B031D4F8B031002BFBD1130C5B0654
:10AB400043F08073C4F8543149E6654B01216A48EB
:10AB50001B780370FFF78CFD41E683B210F078009C
:10AB60007FF439AE03F07F0258F82210624A108059
:10AB7000180600F19E80CB0701D501231370022136
:10AB80005D48FFF775FD2AE610F0780F83B27FF479
:10AB900022AE03F07F0213F0800F58F8223014BF6A
:10ABA00043F4803343F0010348F822300022484B3D
:10ABB000F2649A600122B3641A6080225A604FF0F6
:10ABC0000113C4F8BC31D4F8B03143F48033C4F875
:10ABD000B031D4F8B031002BFBD100E603F07F0296
:10ABE00013F0800F58F8223014BF23F4803323F081
:10ABF000010348F822300022354BF2649A600122AA
:10AC0000B3641A6080225A604FF00113C4F8BC315B
:10AC1000D4F8B03143F48033C4F8B031D4F8B03153
:10AC2000002BFBD1DBE50020086026490C88486832
:10AC300042F221018C427FF425AE80B200287FF4DD
:10AC400021AE2E492E4C03C9A18086284FEA11411E
:10AC50002060A1717FF416AE72B62A48017841F0E7
:10AC600008010170D2F848110D0605D48020014377
:10AC7000C2F84401C2F8481162B6234A502111704B
:10AC800000E6000C2A78824228BF0246BEF5E06F3B
:10AC900044D11E4B1E4D18781E491F4B01920028AF
:10ACA00018BF19462846FFF7A5FA07236B70019ACB
:10ACB0003BE0C9033FF561AF61E700BFE022002040
:10ACC000A0B500208024002080000700A0C500203F
:10ACD000C02200205CA600206CA600208FA60020C9
:10ACE00090A600200200CC00C80002000200C800AC
:10ACF000800000201993D5740CA60020A0A5002088
:10AD000064A600208BA6002092A6002091A6002019
:10AD100000002420E02000607C2000602946104DC7
:10AD200001922846FFF766FA019A25F01F031544A1
:10AD3000BFF34F8F4FF0E021C1F8703F20339D42A9
:10AD4000FAD8BFF34F8FBFF36F8F05481146FFF757
:10AD50008FFC44E50320FFF7D7FC02F049FB00BF5E
:10AD6000000024202DE9F0471F46831E022B01D945
:10AD7000BDE8F087DFF84C9015460C463C2209EB05
:10AD8000C01806464FEAC01A002108F10400240446
:10AD900001F088FEB5FA85F20123520944EA4274B3
:10ADA00049F80A40C8F83870C8F80830002FDFD0DA
:10ADB000034AB34011680B431360BDE8F08700BF3E
:10ADC000ACA50020000000202DE9F0470D46811EB3
:10ADD000022901D9BDE8F087C701DFF84C909246FF
:10ADE000044640373C2200211E4609EB07082D048B
:10ADF00008F1040001F056FEBAFA8AF2520945EA57
:10AE0000427249F807200122C8F83860C8F80820C3
:10AE1000002EDFD0034B10341968A2400A431A6099
:10AE2000BDE8F087ACA5002000000020120481607E
:10AE3000C36101F5405342F0800210B40124426026
:10AE400001F50052046001F5805401F58041C460B1
:10AE500081615DF8044BC0E904237047831E0A46F4
:10AE6000022B00D97047064B00F110014FF0010C86
:10AE700003EBC0100CFA01F14030FFF799BB00BFA3
:10AE800000000020831E0A46022B00D970470121D2
:10AE9000024B814003EBC010FFF78ABB000000208B
:10AEA00040687047124A134BD2F8200220F07F40CE
:10AEB000984210B584B002D200EB800040000E4CE6
:10AEC00001A90A22FFF730FA01A90023204611F850
:10AED000012B01333AB10A2B20F8022FF7D11623A8
:10AEE000237004B010BD5B00DBB2237004B010BD52
:10AEF00000441F4080969800BC1E002000F0DCBA81
:10AF000000F0ACBA00F010BB00F0CABA00F066BBAB
:10AF100000F03CBB0846114600F02CBBF8B5144CC1
:10AF20004FF0E025134E4FF4003204EB4024124F53
:10AF300006EB40160346C5F88C2121463A88304678
:10AF4000FFF774FF3B882344BFF34F8FC5F85C4F76
:10AF50002034A342FAD8BFF34F8FBFF36F8F032083
:10AF60003146FFF78FFF4FF40033C5F80C31F8BDC1
:10AF7000800024200023002078A60020244B2DE907
:10AF8000F0411C884368C569C3F30E43E41A002CE2
:10AF900024DD204920480A780078D3B21F4E82422F
:10AFA0001F4807D010F8038036F81870C7F50072F4
:10AFB000944218D90133002226F81540082B194E67
:10AFC00088BF134626F8152098BFDAB2C554164B31
:10AFD0000A701A6814441C60BDE8F0812846BDE878
:10AFE000F041FFF79BBF07EB48201049224627445A
:10AFF000084401EB4521FFF7FDF80B4A284626F8E7
:10B00000187013682344BDE8F0411360FFF786BF52
:10B0100078A6002088A6002089A6002018A6002077
:10B0200038A6002028A6002014A600208000242096
:10B030001D4B1A78002A36D102F0FF031B4A127802
:10B040008AB32DE9F0411A4D2A8852B3194EC2F540
:10B050000068194F3278194C07EB421704EBC224F1
:10B06000424638462146FFF7E1FE04EB0802BFF3F3
:10B070004F8F4FF0E023C3F8704F2034A242FAD82C
:10B08000BFF34F8FBFF36F8F04203946FFF7E6FE03
:10B0900033780133DBB2032B88BF002333700023E6
:10B0A0002B80BDE8F08170478EA6002090A600207E
:10B0B0007AA600208DA600200024002080102420E5
:10B0C0002DE9F04F85B0CDE90110002900F0BF80D7
:10B0D0000023604CDFF89881DFF898A15E4F009361
:10B0E00001235E4A23705E4B1978B8F8003002EBFA
:10B0F0004119002B40F0A7801E461D469B4648463E
:10B10000FFF7CEFE10F0800000F08C80BFF34F8F71
:10B110009AF8003084F800B005B93E68002B7DD164
:10B120003B689B1B782B00F287804E4B1B78002BD3
:10B1300074D000F09DFA0122B8F800301546227054
:10B14000002BDCD0464AC3F5006011781A4600EBAC
:10B15000C120454DC9022844019D954217D2039351
:10B16000DDE901512A46FFF745F8039B4FF04042C5
:10B170005B1BA8F800303D4BC3F88420BFF34F8F12
:10B18000009800232844237005B0BDE8F08F364BAB
:10B19000CD180299FFF72EF800234FF400622946DC
:10B1A0004846FFF743FEBFF34F8F05F1200205F538
:10B1B0000063934234BF012340234FF0E02205EBAC
:10B1C0004313C2F8705F2035AB42FAD1BFF34F8F03
:10B1D000BFF36F8F04204946FFF740FE204A1378E3
:10B1E0000133DBB2032B84BF00231D4A1370B8F870
:10B1F0000030019AD11A009A1A4401910092029AE1
:10B200001A4400230292194AA8F80030C2F8843088
:10B21000BFF34F8F237000297FF462AF009805B011
:10B22000BDE8F08F4FF400620D4B8AF800001978EA
:10B230001346A8F800208AE7012300988AF8003016
:10B2400005B0BDE8F08F1A46C3F500607FE70198AE
:10B25000E5E700BF8EA600205CA6002000240020A9
:10B260008DA6002090A600208010242000002E40F3
:10B270007AA600208CA60020704700BF2D4B00212D
:10B2800080222D4870B51B7800242C4D8B422C4E0B
:10B290000CBF40234FF400732B80338001F002FC7D
:10B2A000284A2146284B14704FF4807227481C808E
:10B2B00001F0F8FB264A1021264B0220C2E9004487
:10B2C000C2E90244244AC3E900441470234AC3E992
:10B2D0000244234B1C70234614602246FFF774FD82
:10B2E0002246318803201F4BFFF73CFD23460122F5
:10B2F00029880420FFF768FD20460134FFF70EFE81
:10B30000082CF9D1184B00214A221848184C046027
:10B31000C3F88410C3F88020D3F84821154942F0BF
:10B320008072C3F8482121B1134A137843F0010316
:10B33000137070BD91A60020002400207CA6002080
:10B3400078A600208DA600207AA6002000230020E9
:10B3500018A6002028A6002088A6002014A60020F9
:10B3600089A600202D8E000000002E4070A600202F
:10B37000E18E00000000000093A600202DE9F04FB0
:10B380004FF0E0234FF40032DFF8C8A083B0C3F8D9
:10B390008C218B469AF8004000294FD08046E4B2B9
:10B3A0000027DFF8B490264BABEB070225491B784A
:10B3B000A34204F101043FD0092C234B404628BF8F
:10B3C00000241E5D39F816C00CEB462319441F4BB0
:10B3D00033F81650A5EB0C05AA421CD20CEB462CF8
:10B3E00018491B4C61440192FEF704FF216839F8AB
:10B3F00016505846019AA1EB0B012A44394429F80A
:10B40000162021604FF0E0234FF40032C3F80C21E6
:10B4100003B0BDE8F08F2A462F44FEF7EBFE0C493F
:10B42000E3B230460A68A844521B0A608AF800302A
:10B43000FFF774FDBB45B6D83846E3E70846E1E7B9
:10B4400088A600208000242038A6002018A600200E
:10B4500014A6002089A6002028A600200B4B0C4A29
:10B4600012781978D3B28A420DD0013309480A4ABA
:10B47000092B0A4928BF0023C35C31F8131002EBE3
:10B480004323585C70474FF0FF30704788A6002078
:10B4900089A6002038A600208000242028A60020AD
:10B4A000044B10B51C680CB1204610BD00F0E0F84C
:10B4B000204610BD14A600202DE9F84F144E154D5E
:10B4C00033782A78934221D0DCB2DFF85090DFF84D
:10B4D00050B0DFF85080104F0134082C5FFA84FA26
:10B4E00001D90024A24619F80400DBF8003038F82E
:10B4F000102037F81010521A9B1ACBF80030FFF7C3
:10B500000DFD86F800A02B78A342E5D1BDE8F88FA9
:10B5100089A6002088A6002028A6002038A60020A2
:10B5200014A6002018A6002000B583B001210DF15B
:10B530000700FFF723FF20B19DF8070003B05DF877
:10B5400004FB4FF0FF30F9E7094B00B583B01B78DF
:10B550008DF807003BB101210DF10700FFF7B0FDA9
:10B5600003B05DF804FB03F0FF0003B05DF804FBDB
:10B5700090A60020044B1B7803F0FF020BB1FFF7ED
:10B580009FBD1046704700BF90A600202DE9F041F6
:10B590000024DFF8448001230D4D27460D4E88F826
:10B5A0000030337828462035A34204F1010405D049
:10B5B000FFF776FC030658BF07F50067042CF0D1AF
:10B5C000BFF34F8F0023384688F80030BDE8F08184
:10B5D000002400208DA600208EA600202DE9F8432F
:10B5E0001D4B1B7813B11D4D2A880AB9BDE8F8839D
:10B5F0001B4EC2F500691B4933784A461A4C01EBD1
:10B6000043181A4F04EBC324012340463B702146E4
:10B610000023FFF70BFC04EB0902BFF34F8F4FF041
:10B62000E023C3F8704F2034A242FAD8BFF34F8F03
:10B63000BFF36F8F04204146FFF710FC33780133CE
:10B64000DBB2032B88BF0023337000232B80BFF3B2
:10B650004F8F3B70BDE8F88390A600207AA60020AB
:10B660008DA6002000240020801024208EA600201B
:10B670002DE9F8432D4B1E7866B12D4F3B784BB921
:10B680000123F1073B7043D4B20726D400233B705B
:10B69000730701D4BDE8F883264B1A68002AF9D055
:10B6A000EFF30582002AF5D1EFF3108572B6186822
:10B6B000002834D0204C2178002930D1012222707A
:10B6C00042691A60002A2ED0916105B962B6002540
:10B6D0008368457798472570DCE7DFF8648098F841
:10B6E0000030002BD2D00025DFF858902B4659F8B7
:10B6F00023400135236820461B69984710B16369D0
:10B700009B68984798F80020EBB29A42EFD8BDE7C3
:10B71000FFF7C6FE0028B7D0AFF30080B4E7002DD6
:10B72000B8D162B6B6E7054B1A60CEE793A6002003
:10B7300085A60020107E002083A600201C7E00200D
:10B7400084A60020207E002070B5EFF3108272B630
:10B750000C4C206880B10C4E00254369236073B106
:10B760009D6102B962B6836845779847EFF310820E
:10B7700072B620680028F0D102B962B670BD33609D
:10B78000EFE700BF187E0020147E0020FFF7DCBF2B
:10B790000449054A4968054B196013680133136071
:10B7A000704700BF001000E05CA6002058A60020F3
:10B7B00000230F2248F2B82C194610B54FF47044FC
:10B7C0004FF4806EA0F88C414FF46044A0F88E21B5
:10B7D0000A46A0F89031B0F888319BB243F0F003EC
:10B7E000A0F8883101EB4103013100EB4313042938
:10B7F0009C80A3F806E05A841A865A805A81A3F8DE
:10B800000EC05A82DA825A83DA83EBD1B0F88831DB
:10B810009BB243F00F03A0F88831B0F888319BB297
:10B8200043F47063A0F8883110BD00BF374B384A2D
:10B83000996F384841F47F0170B5996741F201066C
:10B84000D3F8801045F6C05543F226040A43C3F8E6
:10B850008020FFF7ADFF00F58040FFF7A9FF00F55E
:10B860008040FFF7A5FF00F58040FFF7A1FF002211
:10B87000A0F503104FF00F0E114600EB42134FEAF4
:10B88000421C01329981042A5981A3F80EE09E825C
:10B89000DD8020F80C1019829C81EED100221E4818
:10B8A0004FF00F0E41F20106114645F6C05543F226
:10B8B000260400EB42134FEA421C01329981042A0C
:10B8C0005981A3F80EE09E82DD8020F80C101982C9
:10B8D0009C81EED1002211480F2641F2010511464C
:10B8E00045F6C05443F2260E00EB42134FEA421CC9
:10B8F00001329981042A5981DE819D82DC8020F801
:10B900000C101982A3F80CE0EED170BD00C00F40FE
:10B91000000003FC00C03D4000001E4000401E40EF
:10B92000074A506A936A19468446506A936A994254
:10B93000F9D18445F7D1DB0B43EA4040704700BFA3
:10B9400000400D4008B5D0E900325BB1BAB10F4BF1
:10B95000A3FB0213DB0803EB4303B2EB83030AD11F
:10B96000012008BD094BA3FB0213DB0803EB4303D3
:10B97000B2EB830301D0D21A4260F02AF0D801F072
:10B9800027F91C22034600201A6008BDABAAAAAA08
:10B9900070B5044638B319B1B2FA82F67609A2B985
:10B9A000206800B36268F2B1184B194902FB03F337
:10B9B000B1EBB30F17D3A368E3B9002201232260D0
:10B9C0006260A260E260184670BD1D46049BC0E93B
:10B9D0000012C360FFF7B6FF03460028F3D06DB92D
:10B9E0000123184670BD01F0F3F81622002302600F
:10B9F000184670BD002101F055F8DEE76268314657
:10BA00002068A56001F04EF80123DCE7ABAAAAAAE2
:10BA10005555551503460846194600F0A5BF00BF09
:10BA200053B94AB9002908BF00281CBF4FF0FF31A5
:10BA30004FF0FF3000F070B9ADF1080C6DE904CEA5
:10BA400000F006F8DDF804E0DDE9022304B07047F9
:10BA50002DE9F047089E0D4604460F46002B4AD1BB
:10BA60008A42944665D9B2FA82F343B102FA03FCE2
:10BA7000C3F120029F4020FA02F217439C404FEA94
:10BA80001C4E1FFA8CF5B7FBFEF1220C0EFB117752
:10BA900042EA074201FB05F090420AD91CEB020280
:10BAA00001F1FF3780F01C81904240F21981023988
:10BAB0006244121AA4B2B2FBFEF00EFB102244EA5A
:10BAC000024400FB05F5A5420AD91CEB040400F171
:10BAD000FF3280F00781A54240F2048164440238BD
:10BAE00040EA0140641B00211EB1DC400023C6E98E
:10BAF0000043BDE8F0878B4208D9002E00F0ED80AE
:10BB00000021C6E900050846BDE8F087B3FA83F1D5
:10BB1000002949D1AB4202D3824200F2F880841A54
:10BB200065EB030201201746002EE2D0C6E900476C
:10BB3000DFE702B9FFDEB2FA82F3002B40F090801B
:10BB40008A1A4FEA1C471FFA8CFE0121B2FBF7F557
:10BB500007FB1520220C42EA00420EFB05F0904242
:10BB600008D91CEB020205F1FF3802D2904200F224
:10BB7000CB804546121AA4B2B2FBF7F007FB1022A5
:10BB800044EA02440EFB00FEA64508D91CEB04045F
:10BB900000F1FF3202D2A64500F2BB801046A4EBB2
:10BBA0000E0440EA05409FE7C1F120078B4022FACE
:10BBB00007FC4CEA030C05FA01F420FA07F3FD40F8
:10BBC0004FEA1C492343B5FBF9F81FFA8CFE09FB29
:10BBD00018551C0C44EA054408FB0EF5A54202FA70
:10BBE00001F200FA01F00BD91CEB040408F1FF3A52
:10BBF00080F08880A54240F28580A8F10208644464
:10BC0000641B9DB2B4FBF9F309FB134445EA0444F9
:10BC100003FB0EFEA64508D91CEB040403F1FF3517
:10BC20006CD2A6456AD9023B644443EA0843A3FBAD
:10BC30000295A4EB0E04AC42C846AE4656D353D090
:10BC400056B1B0EB080264EB0E0404FA07F7CA40E1
:10BC5000CC401743C6E9007418460021BDE8F087C0
:10BC6000C3F1200102FA03FC20FA01F225FA01F1E6
:10BC70009D402A434FEA1C471FFA8CFEB1FBF7F0A8
:10BC800007FB1015110C41EA054100FB0EF58D4232
:10BC900004FA03F408D91CEB010100F1FF382FD29C
:10BCA0008D422DD902386144491B92B2B1FBF7F5A0
:10BCB00007FB151142EA014205FB0EF1914208D93A
:10BCC0001CEB020205F1FF3816D2914214D9023D55
:10BCD0006244521A45EA004138E73146304608E7E7
:10BCE0003946E6E61046FBE64845A9D2B9EB02081C
:10BCF00065EB0C0E013BA3E74546EAE72B4694E7CC
:10BD00004046D1E7D0467BE7023D624432E7084631
:10BD10000AE76444023842E7704700BF0A22002164
:10BD200000F066BD024B0146186800F00BB800BF7A
:10BD3000681E0020024B0146186801F04BBA00BF94
:10BD4000681E00202DE9F04F01F10B06162E83B07E
:10BD5000044624D8102900F2BA8000F0A3FA102675
:10BD600018220220B54F3A44A2F1080153688B42D1
:10BD700000F0BA805A68D96822F003021A449D681C
:10BD8000E9608D60516841F001012046516003F186
:10BD9000080500F08DFA284603B0BDE8F08F36F0B4
:10BDA000070600F19480B14200F2918000F07AFA27
:10BDB000B6F5FC7FC0F09A81730A00F08F80042BE7
:10BDC00000F26F81B30903F1390003F1380CC300AD
:10BDD0009A4F3B44A3F108055B689D4206D10CE0F5
:10BDE000002980F22781DB689D4206D05A6822F044
:10BDF0000302911B0F29F3DD60463D69DFF850C255
:10BE000065457CD06A6822F00302931B0F2B00F378
:10BE10007B81002BC7E904CC80F26C81B2F5007FF6
:10BE200080F01A81D308796801334FEA521E01224B
:10BE300002FA0EF20A4357F833E0C5F808E007EBC0
:10BE4000C3010839E9607A6047F83350CEF80C50E6
:10BE5000831001219940914257D8114206D120F018
:10BE600003004900114200F10400FAD007EBC009B9
:10BE70004D468646D5F80C80454508D11DE1002B7E
:10BE800080F22481D8F80C80454500F01681D8F85E
:10BE9000042022F00302931B0F2BF0DD2046D8E98B
:10BEA000025408EB060146F00106C8F80460EC6095
:10BEB000A56043F00104C7E90411C1E902CC4C605C
:10BEC00048F8023000F0F4F908F1080502E00C230C
:10BED00023600025284603B0BDE8F08F4FF40073BF
:10BEE00040204FF03F0C73E7D3689A4208BF0230FE
:10BEF0007FF440AF3D69DFF858C1654582D17A686B
:10BF00008310012199409142A7D9BD686B6823F045
:10BF100003094E4503D8A9EB06030F2B7ADCDFF8A3
:10BF200034B1474BDBF800201B680132334405EB8A
:10BF3000090A00F0338103F580530F3323F47F683F
:10BF400028F00F084146204600F030FE411C024612
:10BF500000F0F380824500F2EE803A4B19684144CC
:10BF60001960084600F04E81DBF8001001930131A2
:10BF70001BBFA2EB0A010918CBF80020196012F0D0
:10BF8000070B00F01781CBF108010A44CBF5805173
:10BF900090440831A1EB0801C1F30B0A5146204639
:10BFA000009200F003FE421CDDE9002300F04F8107
:10BFB000801A00EB0A081968BA6048F00100514481
:10BFC000BD425060196000F02981B9F10F0F40F2B5
:10BFD00027816868A9F10C0C2CF0070C00F0010017
:10BFE00040EA0C0068604FF0050E05EB0C00BCF158
:10BFF0000F0FC0E901EE00F2328150681546124B76
:10C000001A688A4238BF1960104B1A688A4238BFD2
:10C01000196094E0AA1943F0010346F001066E602E
:10C020002046BA60536000F043F90835284603B053
:10C03000BDE8F08FD9681A44A1E600BF581A002065
:10C0400064A4002034A400205CA4002060A400208C
:10C05000601A0020601E0020B2F5206F4FEA5223C4
:10C0600063D3142B00F2B78003F15C01C9005B338A
:10C0700007EB010E7958AEF1080E8E4500F0918065
:10C080004B6823F00303934202D989688E45F7D1A8
:10C09000D1F80CE07A68C5E9021ECEF80850CD60F0
:10C0A000D6E6142B59D9542B00F29D80330B03F1A3
:10C0B0006F0003F16E0CC3008AE60EF1010E1EF054
:10C0C000030F05F108057FF4D5AE51E04244454623
:10C0D0005368D8F80C1043F00103536055F8083F3B
:10C0E0002046D9608B6000F0E3F8F3E6F00806F133
:10C0F000080237E62A442046536843F001035360A0
:10C10000083500F0D5F8E5E6A919204646F0010605
:10C1100043F001046E60C7E90411C1E902CC4C6030
:10C12000AB5000F0C5F80835D4E6930903F13901A6
:10C13000C90038339CE7BD425FD0BD68686820F015
:10C1400003084645A8EB060302D80F2B3FF762AF62
:10C15000204600F0ADF80025BCE603F15C0003F1D9
:10C160005B0CC30034E659F808394B4540F0968023
:10C1700010F0030F00F1FF30F5D17B6823EA0103D3
:10C180007B60490099423FF6C0AE19B9BDE649004F
:10C190000EF1040E1942FAD0704667E603F110085A
:10C1A000D0E69A104FF001087B6808FA02F21A43B1
:10C1B0007A6070E702EB08014942C1F30B0A51466D
:10C1C0002046009200F0F2FC431CDDE900237FF4DE
:10C1D000EFAEDA46EFE6542B25D8130B03F16F01CF
:10C1E000C9006E3344E7B3F5AA7F25D8F30B03F1FA
:10C1F000780003F1770CC300EAE5294B1868404446
:10C200001860B1E6CAF30B0CBCF1000F7FF4ACAEC2
:10C21000BD68C84448F001006860F0E61546EEE6E7
:10C220000123536094E7B3F5AA7F23D8D30B03F11E
:10C230007801C90077331BE740F25452934223D868
:10C24000B30C03F17D0003F17C0CC300C0E5ABF13E
:10C25000080BD844A8EB02084FF0000AABE605F142
:10C2600008012046009300F0B5FFBD68009B686898
:10C270001968C4E640F254518B420BD8930C03F179
:10C280007D01C9007C33F3E64FF47E737F204FF0CD
:10C290007E0C9DE54FF47E717E23E9E67B6870E7B6
:10C2A00034A40020014800F0BDBC00BF30A4002031
:10C2B000014800F0B9BC00BF30A4002010B4044C09
:10C2C00003460A4620685DF8044B194600F002B8A0
:10C2D000681E00202DE9F84F1746002900F09880CD
:10C2E0000C4607F10B058046FFF7DCFF162D54F8CE
:10C2F000041C5BD810252A46AF425CD821F0030607
:10C300009642A4F1080962DABC4BD3F808C009EBE5
:10C310000600844500F09780D0F804C02CF001039B
:10C3200003445B68DB0768D42CF0030C06EB0C03BA
:10C33000934247DACB0710D454F8083CA9EB030A20
:10C34000DAF8043023F003018C44B444944580F2BD
:10C3500011817318934280F2E88039464046FFF716
:10C36000F1FC0746E0B154F8043C23F001034B44D0
:10C37000A0F10802934200F0D280321F242A00F27A
:10C38000F580132A00F2AC8003462246116819603A
:10C390005168596092689A602146404600F01AFF41
:10C3A0004046FFF785FF3846BDE8F88F25F00705C2
:10C3B000002D2A46A0DA0C23C8F8003000273846A2
:10C3C000BDE8F88F1E46D0E90223D3609A60731B44
:10C3D0000F2B22D8D9F8043003F0010333434E4425
:10C3E000C9F80430736843F0010373604046274680
:10C3F000FFF75EFF3846BDE8F88FC907ADD454F8A3
:10C40000083CA9EB030ADAF8041021F00301A0E7C5
:10C41000BDE8F84F1146FFF795BCD9F8042009EBA9
:10C42000050102F001024E4443F001032A43C9F81A
:10C4300004204B60736843F0010308317360404689
:10C4400000F0C8FED2E7DCF8040020F0030B06EB96
:10C450000B0C05F1100084454DDAC9073FF57DAF9F
:10C4600054F8081CA9EB010ADAF8041021F00301C2
:10C470008B44B34458453FF76CAF5746DAF80C107D
:10C4800057F8080F321F242AC160886000F2DB8051
:10C49000132A40F2D6802168CAF808106168CAF8E9
:10C4A0000C101B2A00F2DF8008340AF11002216808
:10C4B000116061685160A16891600AEB0501ABEB06
:10C4C000050242F0010299604A60DAF8043003F094
:10C4D00001032B434046CAF80430FFF7E9FE6EE73C
:10C4E00023680360636843601B2A68D804F108026C
:10C4F00000F108034AE709EB05029A60ACEB05037B
:10C5000043F00103536054F8043C03F001032B4350
:10C51000404644F8043CFFF7CBFE27464FE750F86F
:10C52000043C23F003031E4451E75746DAF80C108D
:10C5300057F8080F321F242AC16088604CD8132A8C
:10C5400048D92168CAF808106168CAF80C101B2A7B
:10C5500056D808340AF110021E4623681360636837
:10C560005360A3689360D1463C4630E7214600F013
:10C570001DFA11E7D0E902135746CB60996057F8CE
:10C58000081FDAF80C30CB60321F242A99602DD8AE
:10C59000132A29D92368CAF808306368CAF80C300E
:10C5A0001B2A42D808340AF1100322681A60626814
:10C5B0005A60A2689A606646D1463C4607E7A3687F
:10C5C0008360E368C360242A26D004F1100200F1DE
:10C5D0001003DBE63A46BFE7214638461E46D14601
:10C5E00000F0E4F93C46F2E63B46DEE721463846F9
:10C5F0006646D14600F0DAF93C46E8E6581A0020D3
:10C60000A168CAF81010E168CAF81410242A20D0D2
:10C6100010340AF118029FE72369036161694161DF
:10C6200004F1180200F11803B0E6A368CAF810304C
:10C63000E368CAF81430242A21D010340AF1180310
:10C64000B3E73A4633E72146384600F0AFF9164BD8
:10C6500033E72269CAF818206269CAF81C20183426
:10C660000AF1200278E7A168CAF81010E168CAF858
:10C670001410242A0DD010340AF1180217E7236988
:10C68000CAF818306369CAF81C3018340AF120035C
:10C690008BE72269CAF818206269CAF81C2018348E
:10C6A0000AF1200203E700BF581A0020012B2DE9F0
:10C6B000F84F40D0242B98463DD84C4D8E467646B8
:10C6C0001EF801BB15F80B4014F00804F7D1BBF1BC
:10C6D0002D0F72D0BBF12B0F08BF9EF800B06FF08A
:10C6E000004908BF06F1020E002B42D0102B57D094
:10C6F000B9FBF8F700252E4608FB179A05E033D062
:10C7000008FB06C601251EF801BBABF1300CBCF1DD
:10C71000090F06D9ABF1410CBCF1190F12D8ABF1DE
:10C72000370C634517DDB5F1FF3FECD0B742E6D2D9
:10C730004FF0FF35E7E700F04BFA162303600020C7
:10C74000BDE8F88FABF1610CBCF1190F03D8ABF168
:10C75000570C6345E7DC6B1C27D08CB90AB1A5BB2D
:10C7600011603046BDE8F88FE245C9DA4FF0FF3579
:10C77000C9E7BBF1300F05D04FF00A084346B7E7D1
:10C780007642EBE79EF8003003F0DF03582B21D10F
:10C790004FF010089EF801B043460EF1020EA7E7D5
:10C7A000BBF1300F1AD09846A2E72223036072B182
:10C7B0000EF1FF314E461160D3E79EF800B04FF006
:10C7C000004906F1020E01248EE7B146F0E74E461D
:10C7D0003046C7E74FF00808434689E79EF8005007
:10C7E00005F0DF05582DD3D0984681E709100020C9
:10C7F00010B4054C8446134620685DF8044B0A4685
:10C800006146FFF753BF00BF681E00202DE9F047C7
:10C8100007464C480E46354616F801EB10F80EC098
:10C820001CF0080CF7D1BEF12D0F5AD0BEF12B0F22
:10C8300003BF96F800E06446AE1C64465BB1102B63
:10C8400054D04FF0FF38B8FBF3F803FB08FA6FEA57
:10C850000A0A994608E0BEF1300F5AD00A23DFF8E1
:10C86000E8804FF0050A99460025284605E02CD0BF
:10C8700009FB00C0012516F801EBAEF1300CBCF14C
:10C88000090F06D9AEF1410CBCF1190F0BD8AEF16E
:10C89000370C634510DDB5F1FF3FECD04045E6D9DC
:10C8A0004FF0FF35E7E7AEF1610CBCF1190F03D88B
:10C8B000AEF1570C6345EEDC6B1C0BD004B140426B
:10C8C0000AB165B91160BDE8F087D445D0DD4FF0FD
:10C8D000FF35D0E722233B602846002AF3D0711EA3
:10C8E000F0E796F800E00124AE1CA7E7BEF1300F98
:10C8F00021D1307800F0DF00582816D14FF0100910
:10C9000096F801E04FF00F0A02366FF070484B4680
:10C91000AAE7337803F0DF03582BEFD008234FF05A
:10C92000070A6FF0604899469EE799466FF0704895
:10C930004FF00F0A98E74FF00F0A6FF070489946D2
:10C9400092E700BF091000209999991910B4054C7D
:10C950008446134620685DF8044B0A466146FFF79B
:10C9600055BF00BF681E002013460A46014602203C
:10C9700000F09CBB024B1844407800F00800704760
:10C9800008100020034B1B5C03F00303012B08BFBE
:10C990002030704709100020034B1B5C03F0030399
:10C9A000022B08BF203870470910002088420DD99B
:10C9B0008B1883420AD900EB020CBAB1624613F815
:10C9C00001CD02F801CD9942F9D170470F2A0ED856
:10C9D000034602F1FF3C4AB10CF1010C013B8C44CF
:10C9E00011F8012B03F8012F6145F9D1704740EA96
:10C9F00001039B0750D1A2F1100370B501F1200C87
:10CA000023F00F0501F1100E00F11004AC441B09D6
:10CA10005EF8105C44F8105C5EF80C5C44F80C5C4A
:10CA20005EF8085C44F8085C5EF8045C44F8045C5A
:10CA30000EF1100EE64504F11004E9D1013312F0B5
:10CA40000C0F01EB031102F00F0400EB031327D0CE
:10CA5000043C24F003064FEA940C1E441C1F8E462F
:10CA60005EF8045B44F8045FB442F9D10CF10104B0
:10CA700002F0030203EB840301EB840102F1FF3CAB
:10CA80004AB10CF1010C013B8C4411F8012B03F865
:10CA9000012F6145F9D170BD02F1FF3C03469BE7D0
:10CAA0002246EBE7830730B548D0541E002A3FD01A
:10CAB000CAB2034601E0013C3AD303F8012B9D07BB
:10CAC000F9D1032C2DD9CDB245EA05250F2C45EA25
:10CAD000054536D9A4F1100222F00F0C03F1200E07
:10CAE000E6444FEA121C03F1100242E9045542E900
:10CAF000025510327245F8D10CF1010214F00C0FFE
:10CB000003EB021204F00F0C13D0ACF1040323F07A
:10CB100003030433134442F8045B9342FBD10CF04B
:10CB200003042CB1C9B21C4403F8011B9C42FBD185
:10CB300030BD64461346002CF4D1F9E70346144691
:10CB4000BFE71A46A446E0E740EA01039B0730B579
:10CB500001D1032A0FD8844601F1FF3E07E01EF8F9
:10CB6000011F03F8011B541EC1B19C4622466346B7
:10CB7000002AF4D130BD0B468446194653F8045BB5
:10CB8000A5F1013424EA050414F0803FE4D1043A0D
:10CB9000032A4CF8045B1946EFD8DDE79444002CD7
:10CBA000E8D003F8011B6345FBD130BD38B5074D14
:10CBB0000022044608462A60FDF7AEFC431C00D064
:10CBC00038BD2B68002BFBD0236038BDB0A50020FA
:10CBD000014B1868704700BF681E002070B50D4EED
:10CBE0000D4D761BB61006D0002455F8043B0134D9
:10CBF0009847A642F9D1094E094D761B00F0F0FB8B
:10CC0000B61006D0002455F8043B01349847A642DC
:10CC1000F9D170BD501F0060501F0060581F0060A8
:10CC2000501F0060704700BF704700BF0000000049
:10CC3000A2EB0300704700BF02780B78012A28BFDF
:10CC40009A42F5D16DE9044540EA0104CDE9026755
:10CC50006FF0000C4FEA447212B380EA010414F042
:10CC6000070F6AD100F0070420F0070004F0030565
:10CC700021F007014FEAC505F0E8042314F0040F82
:10CC8000F1E804670CFA05F462EA040266EA0406B5
:10CC90000AD063EA0403624667EA0407664603E0D3
:10CCA000F0E80423F1E8046782FA4CF582EA06040E
:10CCB000A4FA8CF46CBB83FA4CF583EA0705A5FA59
:10CCC0008CF595B950E9022351E9026782FA4CF5D7
:10CCD00082EA0604A4FA8CF483FA4CF583EA070589
:10CCE000A5FA8CF52543DBD09CB92DBAB5FA85F4AD
:10CCF00024F0070427FA04F1DDE9026723FA04F3BC
:10CD000003F0FF0001F0FF01FDE80445A0EB010086
:10CD1000704724BAB4FA84F424F0070426FA04F124
:10CD2000DDE9026722FA04F202F0FF0001F0FF01E0
:10CD3000FDE80445A0EB0100704714F0030F3CD15F
:10CD400010F0030428D150F8082B51F8083B82FA60
:10CD50004CF582EA0305A5FA8CF55DB950F8042C70
:10CD600051F8043C82FA4CF582EA0305A5FA8CF5E9
:10CD7000002DE8D02DBAB5FA85F424F0070423FA83
:10CD800004F122FA04F202F0FF0001F0FF01FDE8D5
:10CD90000445A0EB010070474FEAC40420F00300F3
:10CDA00050F8082B21F0030151F8083B0CFA04F469
:10CDB00062EA040263EA0403C9E710F003041AD02C
:10CDC000A1EB040120F00300E40750F8042B06D087
:10CDD0000FD28B785FFAA2F4E41A06D12BB1CB788C
:10CDE0005FFAB2F4E41A00D11BB920465DF8104B8B
:10CDF000704701F1040150F8042BCC0721F0030126
:10CE000051F8043B48D824D222F07F4482FA4CF5F2
:10CE100094EA1325A5FA8CF50AD165B951F8043BBB
:10CE200084EA0204B4EB036F0ED150F8042BEBE755
:10CE30004FEA132355E035F07F454DD10878FDE8E2
:10CE40000445C0F1000070474FEA126203F0FF038F
:10CE500047E002EA1C4482FA4CF594EA1345A5FA2D
:10CE60008CF50AD165B951F8043B84EA0204B4EBAD
:10CE7000034F0CD150F8042BEBE74FEA134330E09B
:10CE800015EA1C4528D10B884FEA124229E04FEAE7
:10CE9000124203EA1C4324E002F0FF0482FA4CF53C
:10CEA00094EA1365A5FA8CF50AD165B951F8043BEB
:10CEB00084EA0204B4EB032F09D150F8042BEBE70A
:10CEC0004FEA13630DE015F0FF0F05D10B684FEA31
:10CED000122223F07F4304E04FF00000FDE80445F8
:10CEE000704712BA1BBA82FA4CF482EA0304A4FA1D
:10CEF0008CF5B5FA85F402FA04F203FA04F34FEA6A
:10CF00001260FDE80445A0EB1360704780EA01025F
:10CF1000844612F0030F4FD111F0030F32D14DF8B8
:10CF2000044D11F0040F51F8043B0BD0A3F1013272
:10CF30009A4312F0803F04BF4CF8043B51F8043B85
:10CF400016D100BF51F8044BA3F101329A4312F0FD
:10CF5000803FA4F101320BD14CF8043BA24312F004
:10CF6000803F04BF51F8043B4CF8044BEAD0234601
:10CF70000CF8013B13F0FF0F4FEA3323F8D15DF8B3
:10CF8000044B704711F0010F06D011F8012B0CF87B
:10CF9000012B002A08BF704711F0020FBFD031F8F3
:10CFA000022B12F0FF0F16BF2CF8022B8CF800207A
:10CFB00012F47F4FB3D1704711F8012B0CF8012BFD
:10CFC000002AF9D1704700BF0000000000000000F7
:10CFD00090F800F06DE9024520F007016FF0000CB9
:10CFE00010F0070491F820F040F049804FF0000461
:10CFF0006FF00700D1E9002391F840F000F108003C
:10D0000082FA4CF2A4FA8CF283FA4CF3A2FA8CF373
:10D010004BBBD1E9022382FA4CF200F10800A4FADA
:10D020008CF283FA4CF3A2FA8CF3E3B9D1E904232E
:10D0300082FA4CF200F10800A4FA8CF283FA4CF365
:10D04000A2FA8CF37BB9D1E9062301F1200182FA1F
:10D050004CF200F10800A4FA8CF283FA4CF3A2FA25
:10D060008CF3002BC6D0002A04BF04301A4612BA33
:10D07000B2FA82F2FDE8024500EBD2007047D1E936
:10D08000002304F00305C4F100004FEAC50514F0C5
:10D09000040F91F840F00CFA05F562EA05021CBF96
:10D0A00063EA050362464FF00004A9E72DE9F04763
:10D0B000DFF87CA00646DAF8000098460F46914655
:10D0C000FFF7B0FD184B1C6824B365681F2D24DCE6
:10D0D0005EB96B1C0235DAF80000636044F8257015
:10D0E000FFF7A2FD0020BDE8F08704EB85010123D6
:10D0F000C1F88890D4F88821AB401A43022EC4F8B6
:10D100008821C1F80881E4D1D4F88C211A43C4F8ED
:10D110008C21DEE7054C1C60D7E7DAF80000FFF74A
:10D1200083FD4FF0FF30DEE798A200209CA2002094
:10D130004C1A0020F8B5244F0C460646FFF7B2F80B
:10D14000BB685D68C4F57E610F3125F003054B199E
:10D1500023F47F6323F00F03A3F58054B4F5805FBD
:10D1600007DB00213046FFF721FDBB682B449842C6
:10D1700004D03046FFF79CF80020F8BD61423046ED
:10D18000FFF714FD01300DD0104ABB682D1B45F090
:10D1900001055D60136830461B1B1360FFF788F8BC
:10D1A0000120F8BD00213046FFF700FDBA68831A60
:10D1B0000F2BDEDD43F001035360054B03491B6871
:10D1C000C01A0860D5E700BF581A002034A4002018
:10D1D000601E0020002961D0F8B50C460646FFF716
:10D1E00061F854F8042C7B4FA4F1080522F00101EA
:10D1F00005EB010CB868DCF80430604523F003034C
:10D2000000F08B80D207CCF8043032D454F8082CCC
:10D21000AD1A1144AA6807F1080082426AD00CEBEB
:10D220000304D4F804E0EC68D4601EF0010FA2609F
:10D2300000F0978041F001036B60CCF80010B1F56D
:10D24000007F35D27868CB080122490901338A4032
:10D25000024357F833107A6007EBC302083AC5E976
:10D26000021247F83350CD603046BDE8F840FFF772
:10D270001FB80CEB03025268D00710D4194407F111
:10D280000800DCF80830834273D0DCF80C20DA6048
:10D29000936041F001036B606950D0E7704741F043
:10D2A0000103B1F5007F44F8043CCCF80010C9D369
:10D2B000B1F5206F4FEA512348D28B0903F13900B1
:10D2C00003F13802C300F818FB580838984259D0C7
:10D2D0005A6822F003028A4202D99B689842F7D129
:10D2E000D868C5E902308560DD603046BDE8F840A9
:10D2F000FEF7DEBF0CEB03025268D20763D40B4487
:10D30000DCE90212CA60916043F001026A603046B3
:10D31000EB50BDE8F840FEF7CBBF0B44D10707D474
:10D3200054F8082CAD1A1344D5E90212CA60916072
:10D3300043F001026A60284ABD6012689A4293D89D
:10D34000264B30461968FFF7F5FE8DE7142B0AD9F6
:10D35000542B1FD80B0B03F16F0003F16E02C300B7
:10D36000B1E719448DE703F15C0003F15B02C300F0
:10D37000A9E741F00103C7E90455C5E902006B6064
:10D38000695071E779689210012404FA02F20A43A5
:10D390007A60A6E7B3F5AA7F06D8CB0B03F1780035
:10D3A00003F17702C3008EE740F25452934206D84D
:10D3B0008B0C03F17D0003F17C02C30083E74FF483
:10D3C0007E737E227FE741F001036B60CCF8001092
:10D3D0004AE700BF581A0020641E002064A4002001
:10D3E0005FF800F0011F00605FF800F02D1700608B
:10D3F0005FF800F0591E006000000000000000000F
:04D40000F8B500BFBC
:08D4040010E6FF7F01000000AB
:10D40C000000000000000000000000000000000010
:10D41C000000000000000000000000000000000000
:10D42C0000000000000000000000000000000000F0
:10D43C0000000000000000000000000000000000E0
:10D44C0000000000000000000000000000000000D0
:10D45C0000000000000000000000000000000000C0
:10D46C0000000000000000000000000000000000B0
:10D47C0000000000000000000000000000000000A0
:10D48C000000000000000000000000000000000090
:10D49C000000000000000000000000000000000080
:10D4AC000000000000000000000000000000000070
:10D4BC000000000000000000000000000000000060
:10D4CC000000000000000000000000000000000050
:10D4DC000000000000000000000000000000000040
:10D4EC000000000000000000000000000000000030
:10D4FC000000000000000000000000000000000020
:10D50C00000000000000000000000000000000000F
:10D51C0000000000000000000000000000000000FF
:10D52C0000000000000000000000000000000000EF
:10D53C0000000000000000000000000000000000DF
:10D54C0000000000000000000000000000000000CF
:10D55C0000000000000000000000000000000000BF
:10D56C0000000000000000000000000000000000AF
:10D57C00000000000000000000000000000000009F
:10D58C00000000000000000000000000000000008F
:10D59C00000000000000000000000000000000007F
:10D5AC00000000000000000000000000000000006F
:10D5BC00000000000000000000000000000000005F
:10D5CC00000000000000000000000000000000004F
:10D5DC00000000000000000000000000000000003F
:10D5EC00000000000000000000000000000000002F
:10D5FC00000000000000000000000000000000001F
:10D60C00000000000000000000000000000000000E
:10D61C0000000000000000000000000000000000FE
:10D62C0000000000000000000000000000000000EE
:10D63C0000000000000000000000000000000000DE
:10D64C0000000000000000000000000000000000CE
:10D65C0000000000000000000000000000000000BE
:10D66C0000000000000000000000000000000000AE
:10D67C00000000000000000000000000000000009E
:10D68C00000001010001010101020101020201027D
:10D69C000301020302020402020502020503020650
:10D6AC000302070302070403070403070504070525
:10D6BC0004070605070606070606070707070700FF
:10D6CC000000000000000000000000080000000046
:10D6DC00000000000000000049646C6500000000C0
:10D6EC00000000000000000000000000000000002E
:10D6FC00000000000000000000000000000000001E
:10D70C00000000000000000000000000000000000D
:10D71C00000000000000000010270000204E000058
:10D72C0050C30000A086010048E8010090D003001F
:10D73C0020A1070000350C0040420F005643490061
:10D74C00534E4946460000004455414C0000000031
:10D75C0050415353000000004641494C000000006A
:10D76C00434F4E54524F4C4C4552204641494C006D
:10D77C00554E4954204F4B00636F6E74726F6C6C36
:10D78C00657273204F4B3B2077697265207465730B
:10D79C007420696E636F6E636C757369766520288F
:10D7AC007361773D302920E28094206E6565647347
:10D7BC002061205445524D494E41544544206275D8
:10D7CC0073202B2061206E6F64653A20636F6E6E40
:10D7DC0065637420746F207468652076656869636E
:10D7EC006C652C206F7220612031323052206265C2
:10D7FC006E6368206A69672C207468656E20726598
:10D80C002D72756E2E204966206974207374696CB4
:10D81C006C2072656164732030206F6E206120670C
:10D82C006F6F64206275732C20636865636B207462
:10D83C0068652054582F52582063726F7373202BD5
:10D84C002043414E482F43414E4C206C696E6B2E49
:10D85C000000000020203D3E20486561642D3220F0
:10D86C005458205245414348455320746865206202
:10D87C007573202854582070617468204F4B2920F0
:10D88C002D3E2052582069732074686520627265A1
:10D89C00616B3A206368617365204352582D3E706A
:10D8AC00696E300020203D3E20486561642D322099
:10D8BC00545820646F6573204E4F54207265616319
:10D8CC006820746865206275732028545820706134
:10D8DC0074682064656164293A20706F77657220E2
:10D8EC002F2052732D3E474E44202F204354582D49
:10D8FC003E70696E31202F207472616E736365699E
:10D90C00766572004552523A74782D6661696C00E6
:10D91C004F4B3A73656E74005544530043414E5857
:10D92C0000000000524157005343414E00000000DC
:10D93C0050494E4700000000504F4E470000000079
:10D94C005245424F4F5400004F4B3A7265626F6F15
:10D95C00742D746F2D626F6F746C6F6164657200DF
:10D96C00534C43414E0000004F4B3A736C63616E55
:10D97C0020284C61776963656C206D6F6465206F3E
:10D98C006E204865616420313B207265736574209C
:10D99C00626F61726420746F20657869742900006D
:10D9AC00494E464F000000004345524245525553E4
:10D9BC003A000000302E392E3600000020626F61D4
:10D9CC0072643D54342E31002043414E313D0000F1
:10D9DC002043414E323D000020746D6F3D0000002D
:10D9EC0020726573706D61783D34303936000000FB
:10D9FC00206D6F6E72696E673D0000005354415488
:10DA0C00530000004552523A6275732028317C3223
:10DA1C002900000049646C65000000004E6F742002
:10DA2C0073796E6368726F6E697A656420746F20A7
:10DA3C0043414E20627573005472616E736D69744C
:10DA4C0074696E6700000000526563656976696EE3
:10DA5C00670000004572726F7220416374697665CD
:10DA6C0000000000427573206F66660053544154E9
:10DA7C00533A6275733D00002073746174653D0008
:10DA8C0020666C74636F6E663D00000020727865D2
:10DA9C0072723D002074786572723D002061636B78
:10DAAC003D000000206372633D0000002066726D33
:10DABC003D000000207374663D0000002065737209
:10DACC00313D307800000000454D55004F4B3A6514
:10DADC006D752D6F66660000636C656172000000E9
:10DAEC004F4B3A656D752D636C65617200000000DB
:10DAFC007374617400000000454D55535441543A01
:10DB0C006F6E3D00207265713D00000020726573E0
:10DB1C00703D00002072756C65733D00206869745F
:10DB2C00733D0000616464004552523A656D752D79
:10DB3C0072756C65732D66756C6C00004552523AAB
:10DB4C0068657820287072656669783C3D3842209B
:10DB5C002F20726573703C3D363442290000000062
:10DB6C004F4B3A656D752D72756C65200000000089
:10DB7C006F6E00004F4B3A656D752D6F6E207265A0
:10DB8C00713D00004552523A666F726D61742028E7
:10DB9C00454D553A6F6E3A6275733A5245513A5249
:10DBAC00455350207C20454D553A6164643A50529F
:10DBBC00454649583A52455350207C20454D553ADC
:10DBCC00636C6561727C6F66667C7374617429002A
:10DBDC004D4F44450000000076636900736E696622
:10DBEC00660000006475616C000000004552523AFA
:10DBFC00666F726D617420284D4F44453A766369A7
:10DC0C007C736E6966667C6475616C29000000002B
:10DC1C004F4B3A6D6F64653D000000004D4F44451D
:10DC2C003A000000484541443200000061637469C9
:10DC3C00766500004F4B3A68656164322D61637400
:10DC4C00697665202854582920E280942055445345
:10DC5C003A322F5241573A322F43414E583A322FD3
:10DC6C005343414E3A32206E6F7720647269766569
:10DC7C0020486561642032006C6F6D004F4B3A6830
:10DC8C00656164322D6C6F6D20286C697374656EE0
:10DC9C002D6F6E6C79206C6F6767657229000000C0
:10DCAC004552523A666F726D617420284845414462
:10DCBC00323A616374697665207C20484541443270
:10DCCC003A6C6F6D2900000053454C465445535433
:10DCDC000000000053454C46544553543A206361B0
:10DCEC006E315F6C6F6F703D000000002063616EE1
:10DCFC00325F6C6F6F703D002068312D3E68325F73
:10DD0C00776972653D000000202868656164325FA8
:10DD1C007361773D000000002920203D3E2000006B
:10DD2C0048325445535400004832544553543A2019
:10DD3C0068656164325F7175657565643D000000EE
:10DD4C002068656164315F7361773D0020686561AF
:10DD5C0064325F74786572723D0000004D4F4E0066
:10DD6C004F4B3A6D6F6E2D6F6E0000004552523A5C
:10DD7C00666F726D617420284D4F4E3A6F6E5B3A30
:10DD8C0069646C6F3A696468695D207C204D4F4E04
:10DD9C003A6F6666207C204D4F4E3A73746174293D
:10DDAC00000000004552523A666F726D6174202873
:10DDBC00534E4946463A6275733A6D735B3A6964E1
:10DDCC006C6F3A696468695D29000000545000006A
:10DDDC0053544F5000000000300000004552523A9E
:10DDEC00666F726D6174202854503A6275733A54A0
:10DDFC00583A6D73207C2054503A53544F5029009C
:10DE0C004F4B3A74702D6F6E206275733D0000009D
:10DE1C002074783D00000000206D733D0000000070
:10DE2C00464F554E443A00004552523A666F726D59
:10DE3C00617420285241573A6275733A49443A4802
:10DE4C00455829004552523A68657820283E3820BA
:10DE5C006279746573202F206F64642900000000C0
:10DE6C004552523A666F726D6174202843414E5888
:10DE7C003A6275733A49443A4845585B3A77616956
:10DE8C00746D735D290000004552523A666F726DD5
:10DE9C00617420285544533A6275733A54583A5277
:10DEAC00583A4845582900004552523A686578203E
:10DEBC0028746F6F206C6F6E67202F206F6464293D
:10DECC00000000004552523A756E6B6E6F776E20F3
:10DEDC002850494E477C494E464F7C4D4F44457C1B
:10DEEC005343414E7C534E4946467C4D4F4E7C48E5
:10DEFC00454144327C4832544553547C53454C463E
:10DF0C00544553547C5245424F4F547C454D557C9F
:10DF1C0053544154537C54507C5241577C43414E92
:10DF2C00587C5544537C534C43414E7C54583A5284
:10DF3C00583A4845582900004D32535441543A6FD1
:10DF4C006E3D00002064657074683D002070656152
:10DF5C006B3D00002064726F707065643D000000C2
:10DF6C0020746F74616C3D00206361703D00000093
:10DF7C004F4B3A6D6F6E2D6F66662064726F7070CA
:10DF8C0065643D004F4B3A74702D6F66660000005F
:10DF9C004552523A6E6F2D726573706F6E736520B9
:10DFAC00284E4F5448494E47206F6E2052584944D2
:10DFBC0020E280942077726F6E67206964202F2096
:10DFCC006E6F7420726F75746564202F206D6F6492
:10DFDC00756C652073696C656E7429004552523AF4
:10DFEC006E6F2D726573706F6E736520286672612B
:10DFFC006D6573206F6E20525849442062757420F1
:10E00C006E6F74206120757361626C65207265702F
:10E01C006C7929004552523A74782D6661696C20EE
:10E02C00286672616D65206E657665722041434B82
:10E03C006564206F6E20746865207769726520E2D4
:10E04C0080942062757320646F776E202F20777216
:10E05C006F6E672068656164290000004552523A72
:10E06C006E6F2D666C6F772D636F6E74726F6C2094
:10E07C00286D6F64756C65206E65766572207365AE
:10E08C006E742043545320746F206F757220466950
:10E09C00727374204672616D652900004F4B3A0013
:10E0AC004552523A7061727469616C3A000000001A
:10E0BC0020284669727374204672616D6520736501
:10E0CC00656E2C207468656E2074686520726F759F
:10E0DC00746564206275732077656E742071756940
:10E0EC006574290052583A00444F4E453A000000DE
:10E0FC00206F76657272756E3A00000007000000A2
:10E10C007A0D00005A0D000056303430300D0000EE
:10E11C0076303430300D00004E434230310D00006B
:10E12C004630300D0000000000030C0F30333C3F34
:10E13C00C0C3CCCFF0F3FCFF400D00201980400091
:10E14C00AED580A83FD300408D142002A1C8DA12AE
:10E15C00817FD9F1DB40A4A6AF000000205B00005A
:10E16C004D323A003A4F56520000000000000507AD
:10E17C002061000000000000005F000000070007A5
:10E18C0000147F147F14242A7F2A1223130864623C
:10E19C0036495522500005030000001C22410000A6
:10E1AC0041221C00082A1C2A0808083E08080050B6
:10E1BC003000000808080808006060000020100803
:10E1CC0004023E5149453E00427F400042615149A4
:10E1DC00462141454B311814127F102745454539CE
:10E1EC003C4A49493001710905033649494936060B
:10E1FC004949291E0036360000005636000000083A
:10E20C001422411414141414412214080002015154
:10E21C000906324979413E7E1111117E7F494949E7
:10E22C00363E414141227F4141221C7F49494941AF
:10E23C007F090901013E414151327F0808087F00E6
:10E24C00417F41002040413F017F081422417F4023
:10E25C004040407F0204027F7F0408107F3E414112
:10E26C00413E7F090909063E4151215E7F0919296A
:10E27C0046464949493101017F01013F4040403F39
:10E28C001F2040201F7F2018207F63140814630375
:10E29C0004780403615149454300007F4141020465
:10E2AC0008102041417F000004020102044040405C
:10E2BC004040000102040020545454787F484444E8
:10E2CC00383844444420384444487F385454541813
:10E2DC00087E090102081454543C7F080404780099
:10E2EC00447D40002040443D00007F102844004104
:10E2FC007F40007C041804787C080404783844447B
:10E30C0044387C14141408081414187C7C08040475
:10E31C00084854545420043F4440203C4040207C46
:10E32C001C2040201C3C4030403C44281028440C0D
:10E33C005050503C4464544C44000836410000009A
:10E34C007F0000004136080008082A1C08081C2A17
:10E35C000808000609090600000000000000000083
:10E36C00796700009D000000591E0000A103000009
:10E37C0011140000A5030000A90300000000000018
:10E38C00000000004161000019020000091C00009F
:10E39C0095030000651A0000990300009D0300001E
:10E3AC000000000000000000F574000091780000EF
:10E3BC00690000006D000000AD03000000000000CB
:10E3CC000000000009780000C58D0000C18D000020
:10E3DC00BD8D0000B98D0000B58D0000B18D000021
:10E3EC00AD8D00000000000000000000F96E000080
:10E3FC00256F000069000000F56E0000B16E000092
:10E40C00BD6E0000DD6E00000020202020202020AA
:10E41C0020202828282828202020202020202020C8
:10E42C0020202020202020202088101010101010D8
:10E43C001010101010101010100404040404040424
:10E44C0004040410101010101010414141414141BE
:10E45C0001010101010101010101010101010101A0
:10E46C0001010101101010101010424242424242B0
:10E47C000202020202020202020202020202020270
:10E48C000202020210101010200000000000000018
:10E49C000000000000000000000000000000000070
:10E4AC000000000000000000000000000000000060
:10E4BC000000000000000000000000000000000050
:10E4CC000000000000000000000000000000000040
:10E4DC000000000000000000000000000000000030
:10E4EC000000000000000000000000000000000020
:10E4FC000000000000000000000000000000000010
:10E50C0000000000000000000000000000000042BD
:10E51C00C8801F40B8821F40080000000000004265
:10E52C00C4801F40B4821F400400000000C00042A1
:10E53C0024801F4014821F401000000000C00042C5
:10E54C0028801F4018821F402000000000C000429D
:10E55C002C801F401C821F404000000000C0004265
:10E56C0034801F4024821F40000100000040004204
:10E57C0064811F4054831F4000040000004000428F
:10E58C0080811F4070831F40000002000040004249
:10E59C007C811F406C831F40000001000040004242
:10E5AC0068811F4058831F40000800000040004253
:10E5BC003C811F402C831F400100000000400042A2
:10E5CC0044811F4034831F4004000000004000427F
:10E5DC0040811F4030831F40020000000040004279
:10E5EC0048811F4038831F40080000000000004293
:10E5FC0004811F40F4821F40000004000000004210
:10E60C0008811F40F8821F400000080000000042F3
:10E61C0018811F4008831F4000008000000000424A
:10E62C0014811F4004831F40000040000000004282
:10E63C0000811F40F0821F400000020000000042D9
:10E64C00FC801F40EC821F400000010000000042D3
:10E65C0024811F4014831F4000000004000000426E
:10E66C0028811F4018831F40000000080000004252
:10E67C001C811F400C831F40000000010000004261
:10E68C0020811F4010831F40000000020000004248
:10E69C00EC801F40DC821F40001000000000004294
:10E6AC00F0801F40E0821F4000200000000000426C
:10E6BC0034811F4024831F400000004000000042B2
:10E6CC0038811F4028831F400000008000800042DA
:10E6DC0094801F4084821F400000040000C0004250
:10E6EC0090801F4080821F4000000080008000420C
:10E6FC00A8801F4098821F400000800000800042CC
:10E70C00A4801F4094821F40000040000040004243
:10E71C006C811F405C831F400010000000C0004251
:10E72C0030801F4020821F408000000000400042CB
:10E73C00B0811F40A0831F40000000200040004219
:10E74C00AC811F409C831F40000000100040004221
:10E75C0084811F4074831F4000000400004000426D
:10E76C0088811F4078831F40000008000000004291
:10E77C002C811F401C831F40000000100000004231
:10E78C0030811F4020831F40000000200000004209
:10E79C000C811F40FC821F40000010000000004252
:10E7AC0010811F4000831F400000200000800042A9
:10E7BC00C8811F40B8831F400080000000800042C9
:10E7CC00C4811F40B4831F40004000000080004201
:10E7DC00C0811F40B0831F40002000000080004219
:10E7EC00BC811F40AC831F40001000000080004221
:10E7FC00D0811F40C0831F400000020000800042F7
:10E80C00CC811F40BC831F400000010000C00042AF
:10E81C0074801F4064821F400000000100C0004251
:10E82C0080801F4070821F400000000800C0004222
:10E83C0084801F4074821F400000001000C0004202
:10E84C006C801F405C821F400000400000C00042F2
:10E85C007C801F406C821F400000000400C00042FE
:10E86C0078801F4068821F400000000200C00042F8
:10E87C0088801F4078821F4000000020454D555273
:10E88C00583A0000454D5554583A00004345524201
:10E89C004552555320200000746F74200000000076
:10E8AC0020647270200000007065616B2000000015
:10E8BC004831000048320000000100006C1E0020AE
:10E8CC001200000000060000442100600A00000055
:10E8DC0000020000E0200060620000000007000061
:10E8EC007C20006062000000EE030000A81E0020E7
:10E8FC0012000000000004EE801E00202800000022
:10E90C0000030000782000600000000001030904EF
:10E91C006020006000000000020309044820006031
:10E92C000000000003030904BC1E002000000000CE
:10E93C0000000000000000000000000000000000CB
:10E94C000000000068A40020D0A4002038A50020FE
:10E95C0000000000000000000000000000000000AB
:10E96C00000000000000000000000000000000009B
:10E97C00000000000000000000000000000000008B
:10E98C00000000000000000000000000000000007B
:10E99C00000000000000000000000000000000006B
:10E9AC00000000000000000000000000000000005B
:10E9BC00000000000000000000000000000000004B
:10E9CC00000000000000000000000000000000003B
:10E9DC00000000000000000001000000000000002A
:10E9EC000E33CDAB34126DE6ECDE05000B000000EF
:10E9FC00000000000000000000000000000000000B
:10EA0C0000000000000000000000000000000000FA
:10EA1C0000000000000000000000000000000000EA
:10EA2C0000000000000000000000000000000000DA
:10EA3C0000000000000000000000000000000000CA
:10EA4C0000000000000000000000000000000000BA
:10EA5C0000000000000000000000000000000000AA
:10EA6C000029DE07007B9A17C40F0020000000006D
:10EA7C00E803000000000000EC0F00200000000084
:10EA8C00E80300000000000000003F40F81F006099
:10EA9C00000000000000000000000000000000006A
:10EAAC00000000000000000000000000000000005A
:10EABC00000000000000000000000000000000004A
:10EACC00000000000000000000000000000000003A
:10EADC00000000000000000000000000000000002A
:10EAEC00000000000000000000000000000000001A
:10EAFC00000000000000000000000000000000000A
:10EB0C0000000000000000000000000000000000F9
:10EB1C0000000000000000000000000000000000E9
:10EB2C0000000000000000000000000000000000D9
:10EB3C0000000000000000000000000000000000C9
:10EB4C0000000000000000000000000000000000B9
:10EB5C0000000000000000000000000000000000A9
:10EB6C000000000000000000000000000000000099
:10EB7C000000000000000000000000000000000089
:10EB8C000000000000000000000000000000000079
:10EB9C000000000000000000000000000000000069
:10EBAC000000000000000000000000000000000059
:10EBBC000000000000000000EC0F0020000000002E
:10EBCC00E80300000000000000803F40A81F006028
:10EBDC000000000000000000000000000000000029
:10EBEC000000000000000000000000000000000019
:10EBFC000000000000000000000000000000000009
:10EC0C0000000000000000000000000000000000F8
:10EC1C0000000000000000000000000000000000E8
:10EC2C0000000000000000000000000000000000D8
:10EC3C0000000000000000000000000000000000C8
:10EC4C0000000000000000000000000000000000B8
:10EC5C0000000000000000000000000000000000A8
:10EC6C000000000000000000000000000000000098
:10EC7C000000000000000000000000000000000088
:10EC8C000000000000000000000000000000000078
:10EC9C000000000000000000000000000000000068
:10ECAC000000000000000000000000000000000058
:10ECBC000000000000000000000000000000000048
:10ECCC000000000000000000000000000000000038
:10ECDC000000000000000000000000000000000028
:10ECEC000000000000000000000000000000000018
:10ECFC000000000000000000EC0F002000000000ED
:10ED0C00E80300000000000000C03F40581F0060F6
:10ED1C0000000000000000000000000000000000E7
:10ED2C0000000000000000000000000000000000D7
:10ED3C0000000000000000000000000000000000C7
:10ED4C0000000000000000000000000000000000B7
:10ED5C0000000000000000000000000000000000A7
:10ED6C000000000000000000000000000000000097
:10ED7C000000000000000000000000000000000087
:10ED8C000000000000000000000000000000000077
:10ED9C000000000000000000000000000000000067
:10EDAC000000000000000000000000000000000057
:10EDBC000000000000000000000000000000000047
:10EDCC000000000000000000000000000000000037
:10EDDC000000000000000000000000000000000027
:10EDEC000000000000000000000000000000000017
:10EDFC000000000000000000000000000000000007
:10EE0C0000000000000000000000000000000000F6
:10EE1C0000000000000000000000000000000000E6
:10EE2C0000000000000000000000000000000000D6
:10EE3C00000000000000000020A107003C0300209F
:10EE4C000100000001000000FF0700002CA40020BE
:10EE5C0080302420000000000000000000000000B2
:10EE6C00581A0020581A0020601A0020601A00203E
:10EE7C00681A0020681A0020701A0020701A0020EE
:10EE8C00781A0020781A0020801A0020801A00209E
:10EE9C00881A0020881A0020901A0020901A00204E
:10EEAC00981A0020981A0020A01A0020A01A0020FE
:10EEBC00A81A0020A81A0020B01A0020B01A0020AE
:10EECC00B81A0020B81A0020C01A0020C01A00205E
:10EEDC00C81A0020C81A0020D01A0020D01A00200E
:10EEEC00D81A0020D81A0020E01A0020E01A0020BE
:10EEFC00E81A0020E81A0020F01A0020F01A00206E
:10EF0C00F81A0020F81A0020001B0020001B00201B
:10EF1C00081B0020081B0020101B0020101B0020C9
:10EF2C00181B0020181B0020201B0020201B002079
:10EF3C00281B0020281B0020301B0020301B002029
:10EF4C00381B0020381B0020401B0020401B0020D9
:10EF5C00481B0020481B0020501B0020501B002089
:10EF6C00581B0020581B0020601B0020601B002039
:10EF7C00681B0020681B0020701B0020701B0020E9
:10EF8C00781B0020781B0020801B0020801B002099
:10EF9C00881B0020881B0020901B0020901B002049
:10EFAC00981B0020981B0020A01B0020A01B0020F9
:10EFBC00A81B0020A81B0020B01B0020B01B0020A9
:10EFCC00B81B0020B81B0020C01B0020C01B002059
:10EFDC00C81B0020C81B0020D01B0020D01B002009
:10EFEC00D81B0020D81B0020E01B0020E01B0020B9
:10EFFC00E81B0020E81B0020F01B0020F01B002069
:10F00C00F81B0020F81B0020001C0020001C002016
:10F01C00081C0020081C0020101C0020101C0020C4
:10F02C00181C0020181C0020201C0020201C002074
:10F03C00281C0020281C0020301C0020301C002024
:10F04C00381C0020381C0020401C0020401C0020D4
:10F05C00481C0020481C0020501C0020501C002084
:10F06C00581C0020581C0020601C0020601C002034
:10F07C00681C0020681C0020701C0020701C0020E4
:10F08C00781C0020781C0020801C0020801C002094
:10F09C00881C0020881C0020901C0020901C002044
:10F0AC00981C0020981C0020A01C0020A01C0020F4
:10F0BC00A81C0020A81C0020B01C0020B01C0020A4
:10F0CC00B81C0020B81C0020C01C0020C01C002054
:10F0DC00C81C0020C81C0020D01C0020D01C002004
:10F0EC00D81C0020D81C0020E01C0020E01C0020B4
:10F0FC00E81C0020E81C0020F01C0020F01C002064
:10F10C00F81C0020F81C0020001D0020001D002011
:10F11C00081D0020081D0020101D0020101D0020BF
:10F12C00181D0020181D0020201D0020201D00206F
:10F13C00281D0020281D0020301D0020301D00201F
:10F14C00381D0020381D0020401D0020401D0020CF
:10F15C00481D0020481D0020501D0020501D00207F
:10F16C00581D0020581D0020601D0020601D00202F
:10F17C00681D0020681D0020701D0020701D0020DF
:10F18C00781D0020781D0020801D0020801D00208F
:10F19C00881D0020881D0020901D0020901D00203F
:10F1AC00981D0020981D0020A01D0020A01D0020EF
:10F1BC00A81D0020A81D0020B01D0020B01D00209F
:10F1CC00B81D0020B81D0020C01D0020C01D00204F
:10F1DC00C81D0020C81D0020D01D0020D01D0020FF
:10F1EC00D81D0020D81D0020E01D0020E01D0020AF
:10F1FC00E81D0020E81D0020F01D0020F01D00205F
:10F20C00F81D0020F81D0020001E0020001E00200C
:10F21C00081E0020081E0020101E0020101E0020BA
:10F22C00181E0020181E0020201E0020201E00206A
:10F23C00281E0020281E0020301E0020301E00201A
:10F24C00381E0020381E0020401E0020401E0020CA
:10F25C00481E0020481E0020501E0020501E00207A
:10F26C00FFFFFFFF0000020040150020120100020A
:10F27C00EF020140C016830480020102030100006A
:10F28C002800000000010400010000000000000044
:10F29C00020157494E555342000000000000000087
:10F2AC00000000000000000012034D005300460057
:10F2BC005400310030003000F80000000C03000056
:10F2CC000000000000000000000000000000000032
:10F2DC000000000000000000000000000000000022
:10F2EC000000000000000000000000000000000012
:10F2FC000000000000000000000000000000000002
:10F30C0000000000000000000000000000000000F1
:10F31C0000000000000000000000000000000000E1
:10F32C0000000000000000000000000000000000D1
:10F33C0000000000000000000000000000000000C1
:10F34C0000000000000000000000000000000000B1
:10F35C0000000000000000000000000000000000A1
:10F36C000000000000000000000000000000000091
:10F37C000000000000000000000000000000000081
:10F38C000000000000000000000000000000000071
:10F39C000000000000000000000000000000000061
:10F3AC000000000000000000000000000000000051
:10F3BC000000000000000000000000000000000041
:10F3CC000000000000000000000000000000000031
:10F3DC000000000000000000000000000000000021
:10F3EC000000000000000000000000000000000011
:10F3FC000000000000000000000000000000000001
:10F40C0000000000000000000000000000000000F0
:10F41C0000000000000000000000000000000000E0
:10F42C0000000000000000000000000000000000D0
:10F43C0000000000000000000000000000000000C0
:10F44C0000000000000000000000000000000000B0
:10F45C0000000000000000000000000000000000A0
:10F46C000000000000000000000000000000000090
:10F47C000000000000000000000000000000000080
:10F48C000000000000000000000000000000000070
:10F49C000000000000000000000000000000000060
:10F4AC000000000000000000000000000000000050
:10F4BC000000000000000000000000000000000040
:10F4CC000000000000000000000000000000000030
:10F4DC000000000000000000000000000000000020
:10F4EC000000000000000000000000000000000010
:10F4FC000000000000000000000000000000000000
:10F50C0000000000000000000000000000000000EF
:10F51C0000000000000000000000000000000000DF
:10F52C0000000000000000000000000000000000CF
:10F53C0000000000000000000000000000000000BF
:10F54C0000000000000000000000000000000000AF
:10F55C00000000000000000000000000000000009F
:10F56C00000000000000000000000000000000008F
:10F57C00000000000000000000000000000000007F
:10F58C00000000000000000000000000000000006F
:10F59C00000000000000000000000000000000005F
:10F5AC00000000000000000000000000000000004F
:10F5BC00000000000000000000000000000000003F
:10F5CC00000000000000000000000000000000002F
:10F5DC00000000000000000000000000000000001F
:10F5EC00000000000000000000000000000000000F
:10F5FC0000000000000000000000000000000000FF
:10F60C0000000000000000000000000000000000EE
:10F61C0000000000000000000000000000000000DE
:10F62C0000000000000000000000000000000000CE
:10F63C0000000000000000000000000000000000BE
:10F64C0000000000000000000000000000000000AE
:10F65C00000000000000000000000000000000009E
:10F66C00000000000000000000000000000000008E
:10F67C00000000000000000000000000000000007E
:10F68C00000000000000000000000000000000006E
:10F69C00000000000000000000000000000000005E
:10F6AC00000000000000000000000000000000004E
:10F6BC00000000000000000000000000000000003E
:10F6CC00FFFFFFFFFFFFFFFFFFFFFFFFFFFFFFFF3E
:10F6DC00FFFFFFFFFFFFFFFFFFFFFFFFFFFFFFFF2E
:10F6EC00FFFFFFFFFFFFFFFFFFFFFFFFFFFFFFFF1E
:10F6FC00FFFFFFFFFFFFFFFFFFFFFFFFFFFFFFFF0E
:10F70C00FFFFFFFFFFFFFFFFFFFFFFFFFFFFFFFFFD
:10F71C00FFFFFFFFFFFFFFFFFFFFFFFFFFFFFFFFED
:10F72C00FFFFFFFFFFFFFFFFFFFFFFFFFFFFFFFFDD
:10F73C00FFFFFFFFFFFFFFFFFFFFFFFFFFFFFFFFCD
:10F74C00FFFFFFFFFFFFFFFFFFFFFFFFFFFFFFFFBD
:10F75C00FFFFFFFFFFFFFFFFFFFFFFFFFFFFFFFFAD
:10F76C00FFFFFFFFFFFFFFFFFFFFFFFFFFFFFFFF9D
:10F77C00FFFFFFFFFFFFFFFFFFFFFFFFFFFFFFFF8D
:10F78C00FFFFFFFFFFFFFFFFFFFFFFFFFFFFFFFF7D
:10F79C00FFFFFFFFFFFFFFFFFFFFFFFFFFFFFFFF6D
:10F7AC00FFFFFFFFFFFFFFFFFFFFFFFFFFFFFFFF5D
:10F7BC00FFFFFFFFFFFFFFFFFFFFFFFFFFFFFFFF4D
:10F7CC00FFFFFFFFFFFFFFFFFFFFFFFFFFFFFFFF3D
:10F7DC00FFFFFFFFFFFFFFFFFFFFFFFFFFFFFFFF2D
:10F7EC00FFFFFFFFFFFFFFFFFFFFFFFFFFFFFFFF1D
:10F7FC00FFFFFFFF00000000000000000000000001
:10F80C0000000000000000000000000000000000EC
:10F81C0000000000000000000000000000000000DC
:10F82C0000000000000000000000000000000000CC
:10F83C0000000000000000000000000000000000BC
:10F84C0000000000000000000000000000000000AC
:10F85C00000000000000000000000000000000009C
:10F86C00000000000000000000000000000000008C
:10F87C00000000000000000000000000000000007C
:10F88C00000000000000000000000000000000006C
:10F89C00000000000000000000000000000000005C
:10F8AC00000000000000000000000000000000004C
:10F8BC00000000000000000000000000000000003C
:10F8CC00000000000000000000000000000000002C
:10F8DC00000000000000000000000000000000001C
:10F8EC00000000000000000000000000000000000C
:10F8FC0000000000000000000000000000000000FC
:10F90C0000000000000000000000000000000000EB
:10F91C0000000000000000000000000000000000DB
:10F92C0000000000000000000000000000000000CB
:10F93C0000000000000000000000000000000000BB
:10F94C0000000000000000000000000000000000AB
:10F95C00000000000000000000000000000000009B
:10F96C00000000000000000000000000000000008B
:10F97C00000000000000000000000000000000007B
:10F98C00000000000000000000000000000000006B
:10F99C00000000000000000000000000000000005B
:10F9AC00000000000000000000000000000000004B
:10F9BC00000000000000000000000000000000003B
:10F9CC00000000000000000000000000000000002B
:10F9DC00000000000000000000000000000000001B
:10F9EC00000000000000000000000000000000000B
:10F9FC0000000000000000000000000000000000FB
:10FA0C0000000000000000000000000000000000EA
:10FA1C0000000000000000000000000000000000DA
:10FA2C0000000000000000000000000000000000CA
:10FA3C0000000000000000000000000000000000BA
:10FA4C0000000000000000000000000000000000AA
:10FA5C00000000000000000000000000000000009A
:10FA6C00000000000000000000000000000000008A
:10FA7C00000000000000000000000000000000007A
:10FA8C00000000000000000000000000000000006A
:10FA9C00000000000000000000000000000000005A
:10FAAC00000000000000000000000000000000004A
:10FABC00000000000000000000000000000000003A
:10FACC00000000000000000000000000000000002A
:10FADC00000000000000000000000000000000001A
:10FAEC00000000000000000000000000000000000A
:10FAFC0000000000000000000000000000000000FA
:10FB0C0000000000000000000000000000000000E9
:10FB1C0000000000000000000000000000000000D9
:10FB2C0000000000000000000000000000000000C9
:10FB3C0000000000000000000000000000000000B9
:10FB4C0000000000000000000000000000000000A9
:10FB5C000000000000000000000000000000000099
:10FB6C000000000000000000000000000000000089
:10FB7C000000000000000000000000000000000079
:10FB8C000000000000000000000000000000000069
:10FB9C000000000000000000000000000000000059
:10FBAC000000000000000000000000000000000049
:10FBBC000000000000000000000000000000000039
:10FBCC000000000000000000000000000000000029
:10FBDC000000000000000000000000000000000019
:10FBEC000000000000000000000000000000000009
:10FBFC0000000000000000000000000000000000F9
:10FC0C0000000000000000000000000000000000E8
:10FC1C0000000000000000000000000000000000D8
:10FC2C0000000000000000000000000000000000C8
:10FC3C0000000000000000000000000000000000B8
:10FC4C0000000000000000000000000000000000A8
:10FC5C000000000000000000000000000000000098
:10FC6C000000000000000000000000000000000088
:10FC7C000000000000000000000000000000000078
:10FC8C000000000000000000000000000000000068
:10FC9C000000000000000000000000000000000058
:10FCAC000000000000000000000000000000000048
:10FCBC000000000000000000000000000000000038
:10FCCC000000000000000000000000000000000028
:10FCDC000000000000000000000000000000000018
:10FCEC000000000000000000000000000000000008
:10FCFC0000000000000000000000000000000000F8
:10FD0C0000000000000000000000000000000000E7
:10FD1C0000000000000000000000000000000000D7
:10FD2C0000000000000000000000000000000000C7
:10FD3C0000000000000000000000000000000000B7
:10FD4C0000000000000000000000000000000000A7
:10FD5C000000000000000000000000000000000097
:10FD6C000000000000000000000000000000000087
:10FD7C000000000000000000000000000000000077
:10FD8C000000000000000000000000000000000067
:10FD9C000000000000000000000000000000000057
:10FDAC000000000000000000000000000000000047
:10FDBC000000000000000000000000000000000037
:10FDCC000000000000000000000000000000000027
:10FDDC000000000000000000000000000000000017
:10FDEC000000000000000000000000000000000007
:10FDFC0000000000000000000000000000000000F7
:10FE0C0000000000000000000000000000000000E6
:10FE1C0000000000000000000000000000000000D6
:10FE2C0000000000000000000000000000000000C6
:10FE3C0000000000000000000000000000000000B6
:10FE4C0000000000000000000000000000000000A6
:10FE5C000000000000000000000000000000000096
:10FE6C000000000000000000000000000000000086
:10FE7C000000000000000000000000000000000076
:10FE8C000000000000000000000000000000000066
:10FE9C000000000000000000000000000000000056
:10FEAC000000000000000000000000000000000046
:10FEBC000000000000000000000000000000000036
:10FECC000000000000000000000000000000000026
:10FEDC000000000000000000000000000000000016
:10FEEC000000000000000000000000000000000006
:10FEFC0000000000000000000000000000000000F6
:10FF0C0000000000000000000000000000000000E5
:10FF1C0000000000000000000000000000000000D5
:10FF2C0000000000000000000000000000000000C5
:10FF3C0000000000000000000000000000000000B5
:10FF4C0000000000000000000000000000000000A5
:10FF5C000000000000000000000000000000000095
:10FF6C000000000000000000000000000000000085
:10FF7C000000000000000000000000000000000075
:10FF8C000000000000000000000000000000000065
:10FF9C000000000000000000000000000000000055
:10FFAC000000000000000000000000000000000045
:10FFBC000000000000000000000000000000000035
:10FFCC000000000000000000000000000000000025
:10FFDC000000000000000000000000000000000015
:10FFEC000000000000000000000000000000000005
:04FFFC000000000001
:02000004600199
:1000000000000000000000000000000000000000F0
:1000100000000000000000000000000000000000E0
:1000200000000000000000000000000000000000D0
:1000300000000000000000000000000000000000C0
:1000400000000000000000000000000000000000B0
:1000500000000000000000000000000000000000A0
:100060000000000000000000000000000000000090
:100070000000000000000000000000000000000080
:100080000000000000000000000000000000000070
:100090000000000000000000000000000000000060
:1000A0000000000000000000000000000000000050
:1000B0000000000000000000000000000000000040
:1000C0000000000000000000000000000000000030
:1000D0000000000000000000000000000000000020
:1000E0000000000000000000000000000000000010
:1000F0000000000000000000000000000000000000
:1001000000000000000000000000000000000000EF
:1001100000000000000000000000000000000000DF
:1001200000000000000000000000000000000000CF
:1001300000000000000000000000000000000000BF
:1001400000000000000000000000000000000000AF
:10015000000000000000000000000000000000009F
:10016000000000000000000000000000000000008F
:10017000000000000000000000000000000000007F
:10018000000000000000000000000000000000006F
:10019000000000000000000000000000000000005F
:1001A000000000000000000000000000000000004F
:1001B000000000000000000000000000000000003F
:1001C000000000000000000000000000000000002F
:1001D000000000000000000000000000000000001F
:1001E000000000000000000000000000000000000F
:1001F00000000000000000000000000000000000FF
:1002000000000000000000000000000000000000EE
:1002100000000000000000000000000000000000DE
:1002200000000000000000000000000000000000CE
:1002300000000000000000000000000000000000BE
:1002400000000000000000000000000000000000AE
:10025000000000000000000000000000000000009E
:10026000000000000000000000000000000000008E
:10027000000000000000000000000000000000007E
:10028000000000000000000000000000000000006E
:10029000000000000000000000000000000000005E
:1002A000000000000000000000000000000000004E
:1002B000000000000000000000000000000000003E
:1002C000000000000000000000000000000000002E
:1002D000000000000000000000000000000000001E
:1002E000000000000000000000000000000000000E
:1002F00000000000000000000000000000000000FE
:1003000000000000000000000000000000000000ED
:1003100000000000000000000000000000000000DD
:1003200000000000000000000000000000000000CD
:1003300000000000000000000000000000000000BD
:1003400000000000000000000000000000000000AD
:10035000000000000000000000000000000000009D
:10036000000000000000000000000000000000008D
:10037000000000000000000000000000000000007D
:10038000000000000000000000000000000000006D
:10039000000000000000000000000000000000005D
:1003A000000000000000000000000000000000004D
:1003B000000000000000000000000000000000003D
:1003C000000000000000000000000000000000002D
:1003D000000000000000000000000000000000001D
:1003E000000000000000000000000000000000000D
:1003F00000000000000000000000000000000000FD
:040000056000100087
:00000001FF
