:0200000460009A
:100000004643464200000156000000000103030081
:1000100000000000000000000000000000000000E0
:1000200000000000000000000000000000000000D0
:1000300000000000000000000000000000000000C0
:1000400000000000010408000000000000000000A3
:100050000000800000000000000000000000000020
:100060000000000000000000000000000000000090
:100070000000000000000000000000000000000080
:10008000EB04180A063204260000000000000000FD
:10009000050404240000000000000000000000002F
:1000A0000000000000000000000000000000000050
:1000B0000604000000000000000000000000000036
:1000C0000000000000000000000000000000000030
:1000D00020041808000000000000000000000000DC
:1000E0000000000000000000000000000000000010
:1000F0000000000000000000000000000000000000
:10010000D8041808000000000000000000000000F3
:100110000204180804200000000000000000000095
:1001200000000000000000000000000000000000CF
:10013000600400000000000000000000000000005B
:1001400000000000000000000000000000000000AF
:10015000000000000000000000000000000000009F
:10016000000000000000000000000000000000008F
:10017000000000000000000000000000000000007F
:10018000000000000000000000000000000000006F
:10019000000000000000000000000000000000005F
:1001A000000000000000000000000000000000004F
:1001B000000000000000000000000000000000003F
:1001C000000100000010000001000000000000001D
:1001D000000001000000000000000000000000001E
:1001E000000000000000000000000000000000000F
:1001F00000000000000000000000000000000000FF
:10020000FFFFFFFFFFFFFFFFFFFFFFFFFFFFFFFFFE
:10021000FFFFFFFFFFFFFFFFFFFFFFFFFFFFFFFFEE
:10022000FFFFFFFFFFFFFFFFFFFFFFFFFFFFFFFFDE
:10023000FFFFFFFFFFFFFFFFFFFFFFFFFFFFFFFFCE
:10024000FFFFFFFFFFFFFFFFFFFFFFFFFFFFFFFFBE
:10025000FFFFFFFFFFFFFFFFFFFFFFFFFFFFFFFFAE
:10026000FFFFFFFFFFFFFFFFFFFFFFFFFFFFFFFF9E
:10027000FFFFFFFFFFFFFFFFFFFFFFFFFFFFFFFF8E
:10028000FFFFFFFFFFFFFFFFFFFFFFFFFFFFFFFF7E
:10029000FFFFFFFFFFFFFFFFFFFFFFFFFFFFFFFF6E
:1002A000FFFFFFFFFFFFFFFFFFFFFFFFFFFFFFFF5E
:1002B000FFFFFFFFFFFFFFFFFFFFFFFFFFFFFFFF4E
:1002C000FFFFFFFFFFFFFFFFFFFFFFFFFFFFFFFF3E
:1002D000FFFFFFFFFFFFFFFFFFFFFFFFFFFFFFFF2E
:1002E000FFFFFFFFFFFFFFFFFFFFFFFFFFFFFFFF1E
:1002F000FFFFFFFFFFFFFFFFFFFFFFFFFFFFFFFF0E
:10030000FFFFFFFFFFFFFFFFFFFFFFFFFFFFFFFFFD
:10031000FFFFFFFFFFFFFFFFFFFFFFFFFFFFFFFFED
:10032000FFFFFFFFFFFFFFFFFFFFFFFFFFFFFFFFDD
:10033000FFFFFFFFFFFFFFFFFFFFFFFFFFFFFFFFCD
:10034000FFFFFFFFFFFFFFFFFFFFFFFFFFFFFFFFBD
:10035000FFFFFFFFFFFFFFFFFFFFFFFFFFFFFFFFAD
:10036000FFFFFFFFFFFFFFFFFFFFFFFFFFFFFFFF9D
:10037000FFFFFFFFFFFFFFFFFFFFFFFFFFFFFFFF8D
:10038000FFFFFFFFFFFFFFFFFFFFFFFFFFFFFFFF7D
:10039000FFFFFFFFFFFFFFFFFFFFFFFFFFFFFFFF6D
:1003A000FFFFFFFFFFFFFFFFFFFFFFFFFFFFFFFF5D
:1003B000FFFFFFFFFFFFFFFFFFFFFFFFFFFFFFFF4D
:1003C000FFFFFFFFFFFFFFFFFFFFFFFFFFFFFFFF3D
:1003D000FFFFFFFFFFFFFFFFFFFFFFFFFFFFFFFF2D
:1003E000FFFFFFFFFFFFFFFFFFFFFFFFFFFFFFFF1D
:1003F000FFFFFFFFFFFFFFFFFFFFFFFFFFFFFFFF0D
:10040000FFFFFFFFFFFFFFFFFFFFFFFFFFFFFFFFFC
:10041000FFFFFFFFFFFFFFFFFFFFFFFFFFFFFFFFEC
:10042000FFFFFFFFFFFFFFFFFFFFFFFFFFFFFFFFDC
:10043000FFFFFFFFFFFFFFFFFFFFFFFFFFFFFFFFCC
:10044000FFFFFFFFFFFFFFFFFFFFFFFFFFFFFFFFBC
:10045000FFFFFFFFFFFFFFFFFFFFFFFFFFFFFFFFAC
:10046000FFFFFFFFFFFFFFFFFFFFFFFFFFFFFFFF9C
:10047000FFFFFFFFFFFFFFFFFFFFFFFFFFFFFFFF8C
:10048000FFFFFFFFFFFFFFFFFFFFFFFFFFFFFFFF7C
:10049000FFFFFFFFFFFFFFFFFFFFFFFFFFFFFFFF6C
:1004A000FFFFFFFFFFFFFFFFFFFFFFFFFFFFFFFF5C
:1004B000FFFFFFFFFFFFFFFFFFFFFFFFFFFFFFFF4C
:1004C000FFFFFFFFFFFFFFFFFFFFFFFFFFFFFFFF3C
:1004D000FFFFFFFFFFFFFFFFFFFFFFFFFFFFFFFF2C
:1004E000FFFFFFFFFFFFFFFFFFFFFFFFFFFFFFFF1C
:1004F000FFFFFFFFFFFFFFFFFFFFFFFFFFFFFFFF0C
:10050000FFFFFFFFFFFFFFFFFFFFFFFFFFFFFFFFFB
:10051000FFFFFFFFFFFFFFFFFFFFFFFFFFFFFFFFEB
:10052000FFFFFFFFFFFFFFFFFFFFFFFFFFFFFFFFDB
:10053000FFFFFFFFFFFFFFFFFFFFFFFFFFFFFFFFCB
:10054000FFFFFFFFFFFFFFFFFFFFFFFFFFFFFFFFBB
:10055000FFFFFFFFFFFFFFFFFFFFFFFFFFFFFFFFAB
:10056000FFFFFFFFFFFFFFFFFFFFFFFFFFFFFFFF9B
:10057000FFFFFFFFFFFFFFFFFFFFFFFFFFFFFFFF8B
:10058000FFFFFFFFFFFFFFFFFFFFFFFFFFFFFFFF7B
:10059000FFFFFFFFFFFFFFFFFFFFFFFFFFFFFFFF6B
:1005A000FFFFFFFFFFFFFFFFFFFFFFFFFFFFFFFF5B
:1005B000FFFFFFFFFFFFFFFFFFFFFFFFFFFFFFFF4B
:1005C000FFFFFFFFFFFFFFFFFFFFFFFFFFFFFFFF3B
:1005D000FFFFFFFFFFFFFFFFFFFFFFFFFFFFFFFF2B
:1005E000FFFFFFFFFFFFFFFFFFFFFFFFFFFFFFFF1B
:1005F000FFFFFFFFFFFFFFFFFFFFFFFFFFFFFFFF0B
:10060000FFFFFFFFFFFFFFFFFFFFFFFFFFFFFFFFFA
:10061000FFFFFFFFFFFFFFFFFFFFFFFFFFFFFFFFEA
:10062000FFFFFFFFFFFFFFFFFFFFFFFFFFFFFFFFDA
:10063000FFFFFFFFFFFFFFFFFFFFFFFFFFFFFFFFCA
:10064000FFFFFFFFFFFFFFFFFFFFFFFFFFFFFFFFBA
:10065000FFFFFFFFFFFFFFFFFFFFFFFFFFFFFFFFAA
:10066000FFFFFFFFFFFFFFFFFFFFFFFFFFFFFFFF9A
:10067000FFFFFFFFFFFFFFFFFFFFFFFFFFFFFFFF8A
:10068000FFFFFFFFFFFFFFFFFFFFFFFFFFFFFFFF7A
:10069000FFFFFFFFFFFFFFFFFFFFFFFFFFFFFFFF6A
:1006A000FFFFFFFFFFFFFFFFFFFFFFFFFFFFFFFF5A
:1006B000FFFFFFFFFFFFFFFFFFFFFFFFFFFFFFFF4A
:1006C000FFFFFFFFFFFFFFFFFFFFFFFFFFFFFFFF3A
:1006D000FFFFFFFFFFFFFFFFFFFFFFFFFFFFFFFF2A
:1006E000FFFFFFFFFFFFFFFFFFFFFFFFFFFFFFFF1A
:1006F000FFFFFFFFFFFFFFFFFFFFFFFFFFFFFFFF0A
:10070000FFFFFFFFFFFFFFFFFFFFFFFFFFFFFFFFF9
:10071000FFFFFFFFFFFFFFFFFFFFFFFFFFFFFFFFE9
:10072000FFFFFFFFFFFFFFFFFFFFFFFFFFFFFFFFD9
:10073000FFFFFFFFFFFFFFFFFFFFFFFFFFFFFFFFC9
:10074000FFFFFFFFFFFFFFFFFFFFFFFFFFFFFFFFB9
:10075000FFFFFFFFFFFFFFFFFFFFFFFFFFFFFFFFA9
:10076000FFFFFFFFFFFFFFFFFFFFFFFFFFFFFFFF99
:10077000FFFFFFFFFFFFFFFFFFFFFFFFFFFFFFFF89
:10078000FFFFFFFFFFFFFFFFFFFFFFFFFFFFFFFF79
:10079000FFFFFFFFFFFFFFFFFFFFFFFFFFFFFFFF69
:1007A000FFFFFFFFFFFFFFFFFFFFFFFFFFFFFFFF59
:1007B000FFFFFFFFFFFFFFFFFFFFFFFFFFFFFFFF49
:1007C000FFFFFFFFFFFFFFFFFFFFFFFFFFFFFFFF39
:1007D000FFFFFFFFFFFFFFFFFFFFFFFFFFFFFFFF29
:1007E000FFFFFFFFFFFFFFFFFFFFFFFFFFFFFFFF19
:1007F000FFFFFFFFFFFFFFFFFFFFFFFFFFFFFFFF09
:10080000FFFFFFFFFFFFFFFFFFFFFFFFFFFFFFFFF8
:10081000FFFFFFFFFFFFFFFFFFFFFFFFFFFFFFFFE8
:10082000FFFFFFFFFFFFFFFFFFFFFFFFFFFFFFFFD8
:10083000FFFFFFFFFFFFFFFFFFFFFFFFFFFFFFFFC8
:10084000FFFFFFFFFFFFFFFFFFFFFFFFFFFFFFFFB8
:10085000FFFFFFFFFFFFFFFFFFFFFFFFFFFFFFFFA8
:10086000FFFFFFFFFFFFFFFFFFFFFFFFFFFFFFFF98
:10087000FFFFFFFFFFFFFFFFFFFFFFFFFFFFFFFF88
:10088000FFFFFFFFFFFFFFFFFFFFFFFFFFFFFFFF78
:10089000FFFFFFFFFFFFFFFFFFFFFFFFFFFFFFFF68
:1008A000FFFFFFFFFFFFFFFFFFFFFFFFFFFFFFFF58
:1008B000FFFFFFFFFFFFFFFFFFFFFFFFFFFFFFFF48
:1008C000FFFFFFFFFFFFFFFFFFFFFFFFFFFFFFFF38
:1008D000FFFFFFFFFFFFFFFFFFFFFFFFFFFFFFFF28
:1008E000FFFFFFFFFFFFFFFFFFFFFFFFFFFFFFFF18
:1008F000FFFFFFFFFFFFFFFFFFFFFFFFFFFFFFFF08
:10090000FFFFFFFFFFFFFFFFFFFFFFFFFFFFFFFFF7
:10091000FFFFFFFFFFFFFFFFFFFFFFFFFFFFFFFFE7
:10092000FFFFFFFFFFFFFFFFFFFFFFFFFFFFFFFFD7
:10093000FFFFFFFFFFFFFFFFFFFFFFFFFFFFFFFFC7
:10094000FFFFFFFFFFFFFFFFFFFFFFFFFFFFFFFFB7
:10095000FFFFFFFFFFFFFFFFFFFFFFFFFFFFFFFFA7
:10096000FFFFFFFFFFFFFFFFFFFFFFFFFFFFFFFF97
:10097000FFFFFFFFFFFFFFFFFFFFFFFFFFFFFFFF87
:10098000FFFFFFFFFFFFFFFFFFFFFFFFFFFFFFFF77
:10099000FFFFFFFFFFFFFFFFFFFFFFFFFFFFFFFF67
:1009A000FFFFFFFFFFFFFFFFFFFFFFFFFFFFFFFF57
:1009B000FFFFFFFFFFFFFFFFFFFFFFFFFFFFFFFF47
:1009C000FFFFFFFFFFFFFFFFFFFFFFFFFFFFFFFF37
:1009D000FFFFFFFFFFFFFFFFFFFFFFFFFFFFFFFF27
:1009E000FFFFFFFFFFFFFFFFFFFFFFFFFFFFFFFF17
:1009F000FFFFFFFFFFFFFFFFFFFFFFFFFFFFFFFF07
:100A0000FFFFFFFFFFFFFFFFFFFFFFFFFFFFFFFFF6
:100A1000FFFFFFFFFFFFFFFFFFFFFFFFFFFFFFFFE6
:100A2000FFFFFFFFFFFFFFFFFFFFFFFFFFFFFFFFD6
:100A3000FFFFFFFFFFFFFFFFFFFFFFFFFFFFFFFFC6
:100A4000FFFFFFFFFFFFFFFFFFFFFFFFFFFFFFFFB6
:100A5000FFFFFFFFFFFFFFFFFFFFFFFFFFFFFFFFA6
:100A6000FFFFFFFFFFFFFFFFFFFFFFFFFFFFFFFF96
:100A7000FFFFFFFFFFFFFFFFFFFFFFFFFFFFFFFF86
:100A8000FFFFFFFFFFFFFFFFFFFFFFFFFFFFFFFF76
:100A9000FFFFFFFFFFFFFFFFFFFFFFFFFFFFFFFF66
:100AA000FFFFFFFFFFFFFFFFFFFFFFFFFFFFFFFF56
:100AB000FFFFFFFFFFFFFFFFFFFFFFFFFFFFFFFF46
:100AC000FFFFFFFFFFFFFFFFFFFFFFFFFFFFFFFF36
:100AD000FFFFFFFFFFFFFFFFFFFFFFFFFFFFFFFF26
:100AE000FFFFFFFFFFFFFFFFFFFFFFFFFFFFFFFF16
:100AF000FFFFFFFFFFFFFFFFFFFFFFFFFFFFFFFF06
:100B0000FFFFFFFFFFFFFFFFFFFFFFFFFFFFFFFFF5
:100B1000FFFFFFFFFFFFFFFFFFFFFFFFFFFFFFFFE5
:100B2000FFFFFFFFFFFFFFFFFFFFFFFFFFFFFFFFD5
:100B3000FFFFFFFFFFFFFFFFFFFFFFFFFFFFFFFFC5
:100B4000FFFFFFFFFFFFFFFFFFFFFFFFFFFFFFFFB5
:100B5000FFFFFFFFFFFFFFFFFFFFFFFFFFFFFFFFA5
:100B6000FFFFFFFFFFFFFFFFFFFFFFFFFFFFFFFF95
:100B7000FFFFFFFFFFFFFFFFFFFFFFFFFFFFFFFF85
:100B8000FFFFFFFFFFFFFFFFFFFFFFFFFFFFFFFF75
:100B9000FFFFFFFFFFFFFFFFFFFFFFFFFFFFFFFF65
:100BA000FFFFFFFFFFFFFFFFFFFFFFFFFFFFFFFF55
:100BB000FFFFFFFFFFFFFFFFFFFFFFFFFFFFFFFF45
:100BC000FFFFFFFFFFFFFFFFFFFFFFFFFFFFFFFF35
:100BD000FFFFFFFFFFFFFFFFFFFFFFFFFFFFFFFF25
:100BE000FFFFFFFFFFFFFFFFFFFFFFFFFFFFFFFF15
:100BF000FFFFFFFFFFFFFFFFFFFFFFFFFFFFFFFF05
:100C0000FFFFFFFFFFFFFFFFFFFFFFFFFFFFFFFFF4
:100C1000FFFFFFFFFFFFFFFFFFFFFFFFFFFFFFFFE4
:100C2000FFFFFFFFFFFFFFFFFFFFFFFFFFFFFFFFD4
:100C3000FFFFFFFFFFFFFFFFFFFFFFFFFFFFFFFFC4
:100C4000FFFFFFFFFFFFFFFFFFFFFFFFFFFFFFFFB4
:100C5000FFFFFFFFFFFFFFFFFFFFFFFFFFFFFFFFA4
:100C6000FFFFFFFFFFFFFFFFFFFFFFFFFFFFFFFF94
:100C7000FFFFFFFFFFFFFFFFFFFFFFFFFFFFFFFF84
:100C8000FFFFFFFFFFFFFFFFFFFFFFFFFFFFFFFF74
:100C9000FFFFFFFFFFFFFFFFFFFFFFFFFFFFFFFF64
:100CA000FFFFFFFFFFFFFFFFFFFFFFFFFFFFFFFF54
:100CB000FFFFFFFFFFFFFFFFFFFFFFFFFFFFFFFF44
:100CC000FFFFFFFFFFFFFFFFFFFFFFFFFFFFFFFF34
:100CD000FFFFFFFFFFFFFFFFFFFFFFFFFFFFFFFF24
:100CE000FFFFFFFFFFFFFFFFFFFFFFFFFFFFFFFF14
:100CF000FFFFFFFFFFFFFFFFFFFFFFFFFFFFFFFF04
:100D0000FFFFFFFFFFFFFFFFFFFFFFFFFFFFFFFFF3
:100D1000FFFFFFFFFFFFFFFFFFFFFFFFFFFFFFFFE3
:100D2000FFFFFFFFFFFFFFFFFFFFFFFFFFFFFFFFD3
:100D3000FFFFFFFFFFFFFFFFFFFFFFFFFFFFFFFFC3
:100D4000FFFFFFFFFFFFFFFFFFFFFFFFFFFFFFFFB3
:100D5000FFFFFFFFFFFFFFFFFFFFFFFFFFFFFFFFA3
:100D6000FFFFFFFFFFFFFFFFFFFFFFFFFFFFFFFF93
:100D7000FFFFFFFFFFFFFFFFFFFFFFFFFFFFFFFF83
:100D8000FFFFFFFFFFFFFFFFFFFFFFFFFFFFFFFF73
:100D9000FFFFFFFFFFFFFFFFFFFFFFFFFFFFFFFF63
:100DA000FFFFFFFFFFFFFFFFFFFFFFFFFFFFFFFF53
:100DB000FFFFFFFFFFFFFFFFFFFFFFFFFFFFFFFF43
:100DC000FFFFFFFFFFFFFFFFFFFFFFFFFFFFFFFF33
:100DD000FFFFFFFFFFFFFFFFFFFFFFFFFFFFFFFF23
:100DE000FFFFFFFFFFFFFFFFFFFFFFFFFFFFFFFF13
:100DF000FFFFFFFFFFFFFFFFFFFFFFFFFFFFFFFF03
:100E0000FFFFFFFFFFFFFFFFFFFFFFFFFFFFFFFFF2
:100E1000FFFFFFFFFFFFFFFFFFFFFFFFFFFFFFFFE2
:100E2000FFFFFFFFFFFFFFFFFFFFFFFFFFFFFFFFD2
:100E3000FFFFFFFFFFFFFFFFFFFFFFFFFFFFFFFFC2
:100E4000FFFFFFFFFFFFFFFFFFFFFFFFFFFFFFFFB2
:100E5000FFFFFFFFFFFFFFFFFFFFFFFFFFFFFFFFA2
:100E6000FFFFFFFFFFFFFFFFFFFFFFFFFFFFFFFF92
:100E7000FFFFFFFFFFFFFFFFFFFFFFFFFFFFFFFF82
:100E8000FFFFFFFFFFFFFFFFFFFFFFFFFFFFFFFF72
:100E9000FFFFFFFFFFFFFFFFFFFFFFFFFFFFFFFF62
:100EA000FFFFFFFFFFFFFFFFFFFFFFFFFFFFFFFF52
:100EB000FFFFFFFFFFFFFFFFFFFFFFFFFFFFFFFF42
:100EC000FFFFFFFFFFFFFFFFFFFFFFFFFFFFFFFF32
:100ED000FFFFFFFFFFFFFFFFFFFFFFFFFFFFFFFF22
:100EE000FFFFFFFFFFFFFFFFFFFFFFFFFFFFFFFF12
:100EF000FFFFFFFFFFFFFFFFFFFFFFFFFFFFFFFF02
:100F0000FFFFFFFFFFFFFFFFFFFFFFFFFFFFFFFFF1
:100F1000FFFFFFFFFFFFFFFFFFFFFFFFFFFFFFFFE1
:100F2000FFFFFFFFFFFFFFFFFFFFFFFFFFFFFFFFD1
:100F3000FFFFFFFFFFFFFFFFFFFFFFFFFFFFFFFFC1
:100F4000FFFFFFFFFFFFFFFFFFFFFFFFFFFFFFFFB1
:100F5000FFFFFFFFFFFFFFFFFFFFFFFFFFFFFFFFA1
:100F6000FFFFFFFFFFFFFFFFFFFFFFFFFFFFFFFF91
:100F7000FFFFFFFFFFFFFFFFFFFFFFFFFFFFFFFF81
:100F8000FFFFFFFFFFFFFFFFFFFFFFFFFFFFFFFF71
:100F9000FFFFFFFFFFFFFFFFFFFFFFFFFFFFFFFF61
:100FA000FFFFFFFFFFFFFFFFFFFFFFFFFFFFFFFF51
:100FB000FFFFFFFFFFFFFFFFFFFFFFFFFFFFFFFF41
:100FC000FFFFFFFFFFFFFFFFFFFFFFFFFFFFFFFF31
:100FD000FFFFFFFFFFFFFFFFFFFFFFFFFFFFFFFF21
:100FE000FFFFFFFFFFFFFFFFFFFFFFFFFFFFFFFF11
:100FF000FFFFFFFFFFFFFFFFFFFFFFFFFFFFFFFF01
:10100000D1002043F1150060000000000000000046
:10101000201000600010006000E40060000000008C
:101020000000006000F0000000000000FFFFFFFF74
:10103000FFFFFFFFFFFFFFFFFFFFFFFFFFFFFFFFC0
:10104000FFFFFFFFFFFFFFFFFFFFFFFFFFFFFFFFB0
:10105000FFFFFFFFFFFFFFFFFFFFFFFFFFFFFFFFA0
:10106000FFFFFFFFFFFFFFFFFFFFFFFFFFFFFFFF90
:10107000FFFFFFFFFFFFFFFFFFFFFFFFFFFFFFFF80
:10108000FFFFFFFFFFFFFFFFFFFFFFFFFFFFFFFF70
:10109000FFFFFFFFFFFFFFFFFFFFFFFFFFFFFFFF60
:1010A000FFFFFFFFFFFFFFFFFFFFFFFFFFFFFFFF50
:1010B000FFFFFFFFFFFFFFFFFFFFFFFFFFFFFFFF40
:1010C000FFFFFFFFFFFFFFFFFFFFFFFFFFFFFFFF30
:1010D000FFFFFFFFFFFFFFFFFFFFFFFFFFFFFFFF20
:1010E000FFFFFFFFFFFFFFFFFFFFFFFFFFFFFFFF10
:1010F000FFFFFFFFFFFFFFFFFFFFFFFFFFFFFFFF00
:10110000FFFFFFFFFFFFFFFFFFFFFFFFFFFFFFFFEF
:10111000FFFFFFFFFFFFFFFFFFFFFFFFFFFFFFFFDF
:10112000FFFFFFFFFFFFFFFFFFFFFFFFFFFFFFFFCF
:10113000FFFFFFFFFFFFFFFFFFFFFFFFFFFFFFFFBF
:10114000FFFFFFFFFFFFFFFFFFFFFFFFFFFFFFFFAF
:10115000FFFFFFFFFFFFFFFFFFFFFFFFFFFFFFFF9F
:10116000FFFFFFFFFFFFFFFFFFFFFFFFFFFFFFFF8F
:10117000FFFFFFFFFFFFFFFFFFFFFFFFFFFFFFFF7F
:10118000FFFFFFFFFFFFFFFFFFFFFFFFFFFFFFFF6F
:10119000FFFFFFFFFFFFFFFFFFFFFFFFFFFFFFFF5F
:1011A000FFFFFFFFFFFFFFFFFFFFFFFFFFFFFFFF4F
:1011B000FFFFFFFFFFFFFFFFFFFFFFFFFFFFFFFF3F
:1011C000FFFFFFFFFFFFFFFFFFFFFFFFFFFFFFFF2F
:1011D000FFFFFFFFFFFFFFFFFFFFFFFFFFFFFFFF1F
:1011E000FFFFFFFFFFFFFFFFFFFFFFFFFFFFFFFF0F
:1011F000FFFFFFFFFFFFFFFFFFFFFFFFFFFFFFFFFF
:10120000FFFFFFFFFFFFFFFFFFFFFFFFFFFFFFFFEE
:10121000FFFFFFFFFFFFFFFFFFFFFFFFFFFFFFFFDE
:10122000FFFFFFFFFFFFFFFFFFFFFFFFFFFFFFFFCE
:10123000FFFFFFFFFFFFFFFFFFFFFFFFFFFFFFFFBE
:10124000FFFFFFFFFFFFFFFFFFFFFFFFFFFFFFFFAE
:10125000FFFFFFFFFFFFFFFFFFFFFFFFFFFFFFFF9E
:10126000FFFFFFFFFFFFFFFFFFFFFFFFFFFFFFFF8E
:10127000FFFFFFFFFFFFFFFFFFFFFFFFFFFFFFFF7E
:10128000FFFFFFFFFFFFFFFFFFFFFFFFFFFFFFFF6E
:10129000FFFFFFFFFFFFFFFFFFFFFFFFFFFFFFFF5E
:1012A000FFFFFFFFFFFFFFFFFFFFFFFFFFFFFFFF4E
:1012B000FFFFFFFFFFFFFFFFFFFFFFFFFFFFFFFF3E
:1012C000FFFFFFFFFFFFFFFFFFFFFFFFFFFFFFFF2E
:1012D000FFFFFFFFFFFFFFFFFFFFFFFFFFFFFFFF1E
:1012E000FFFFFFFFFFFFFFFFFFFFFFFFFFFFFFFF0E
:1012F000FFFFFFFFFFFFFFFFFFFFFFFFFFFFFFFFFE
:10130000FFFFFFFFFFFFFFFFFFFFFFFFFFFFFFFFED
:10131000FFFFFFFFFFFFFFFFFFFFFFFFFFFFFFFFDD
:10132000FFFFFFFFFFFFFFFFFFFFFFFFFFFFFFFFCD
:10133000FFFFFFFFFFFFFFFFFFFFFFFFFFFFFFFFBD
:10134000FFFFFFFFFFFFFFFFFFFFFFFFFFFFFFFFAD
:10135000FFFFFFFFFFFFFFFFFFFFFFFFFFFFFFFF9D
:10136000FFFFFFFFFFFFFFFFFFFFFFFFFFFFFFFF8D
:10137000FFFFFFFFFFFFFFFFFFFFFFFFFFFFFFFF7D
:10138000FFFFFFFFFFFFFFFFFFFFFFFFFFFFFFFF6D
:10139000FFFFFFFFFFFFFFFFFFFFFFFFFFFFFFFF5D
:1013A000FFFFFFFFFFFFFFFFFFFFFFFFFFFFFFFF4D
:1013B000FFFFFFFFFFFFFFFFFFFFFFFFFFFFFFFF3D
:1013C000FFFFFFFFFFFFFFFFFFFFFFFFFFFFFFFF2D
:1013D000FFFFFFFFFFFFFFFFFFFFFFFFFFFFFFFF1D
:1013E000FFFFFFFFFFFFFFFFFFFFFFFFFFFFFFFF0D
:1013F000FFFFFFFFFFFFFFFFFFFFFFFFFFFFFFFFFD
:10140000824205D051F8043B40F8043B8242F9D8AF
:10141000704700BF044A05494FF0000342F8043BFF
:101420009142FBD8704700BFC01E0020809B002067
:1014300080B5BFF34F8F00F009FA544C544B08208D
:101440005449C3F85401544AC3F800115348C3F82F
:10145000F0405349FFF7D4FF524A53495348FFF72E
:10146000CFFF534CFFF7D6FF4FF470004FF0E02151
:101470000023504AC1F8880D44F823200133B02BD3
:10148000FAD14D4B80214D4A03F8011B9342FBD109
:101490004FF0E0254A4F4B4A4FF0FF31C5F8084D59
:1014A0000026D5F8243D43F4E023C5F8243DFB692C
:1014B00023F07F0343F04003FB617B6A23F07F034B
:1014C00043F040037B629166D1661167516700F07B
:1014D000C5F93D4B63223D49A3633D4BE3630323C1
:1014E0006A613C4AAE612B61C5F8202DD5F8FC2D10
:1014F000394B42F08072C5F8FC2D1A6842F00102A7
:101500001A605B680B6000F06DFB344800F00CFD66
:10151000F96E334B334A41F44051F9661E60C3F80B
:101520000861C3F81861C3F82861C3F83861936B88
:10153000DB0708D442F615632B4951651365936B9D
:1015400043F001039363274A284C936843F0011347
:10155000936000F00DFA00F0A9FC00F0F1FC00F03F
:101560006FFB00F075F92368132BFCD900F000FC29
:101570002368B3F5967FFBD300F06EF900F06AF9AB
:1015800000F0CEFC00F0C4FC30BFFDE70C0D1113E1
:1015900000800D401B10182078A300000000000000
:1015A00050210060C01E0020CCC40060000000205C
:1015B000001C0020CD72000000E400E0A0E400E088
:1015C00000C00F4000C00A40CD860000189B0020DC
:1015D000D186000000002020001000E00046C32358
:1015E0000040084000400D400000C0561C9B0020F9
:1015F000054B4FF42A01054A05485A641864054A08
:1016000099639546FFF714FF00C00A40AFAAAAAA43
:10161000070020000000072043690A4A03EB01107D
:1016200010B4037A084C02EB0313D3E901321460BF
:10163000C2681A6003690BB142691A605DF8044B15
:10164000704700BF780C002061F801004369027EFA
:1016500003EB021292F808C08C451CD01A7AFF2ABC
:1016600019D0914210B5044616D01A7EFF2A06D032
:101670000121D3E9002312681A4201D1217610BD5D
:10168000064B0522204603EB0C135B681A60FFF73C
:10169000C3FF2176F3E770470021EAE7780C0020CA
:1016A00043690A4A03EB011010B490F82830084C43
:1016B00002EB0313D3E901321460C26A1A60036BB0
:1016C0000BB1426B1A605DF8044B7047780C002038
:1016D00061F801004369427E03EB021292F828C0D0
:1016E0008C451ED093F82820FF2A1AD0914210B5BD
:1016F000044617D093F83820FF2A06D00121D3E9F9
:10170000002312681A4201D1617610BD064B0522F2
:10171000204603EB0C135B681A60FFF7C1FF61768C
:10172000F3E770470021EAE7780C00201649426988
:101730008B6B23F47C0343F4802370B58B630446E6
:10174000124DD2E900130A681A4303690A600222A3
:1017500000211A610E4A19619A6401225A629D623F
:101760004FF43035DD624FF001159E6C1E65196235
:101770009D651A61017EFFF74FFF617E2046BDE83F
:101780007040FFF78DBF00BF00C00F40B80B0505CC
:101790003B3728192B4A0021012310B4C2F8A000BE
:1017A000C2F8A410C2F8B0305369DB07FCD501239E
:1017B0004FF4803423495361C2F8A000C2F8A4401A
:1017C000C2F8B0304B69DC07FCD501234FF400347C
:1017D0001C4A4B61C1F8A000C1F8A440C1F8B03068
:1017E0005369D907FCD50123174C16495361C2F838
:1017F000A000C2F8A440C2F8B0304B69DB07FCD5AA
:10180000D1F8003145F60D5021249AB24C61824244
:1018100014D045F69D518A420CD1C3F34253032B99
:101820000CD0A3F104035DF8044BB3FA83F35B0916
:101830001801704700205DF8044B704708205DF8E0
:10184000044B704700402A4004000300704700BF6B
:10185000704700BF704700BF00BF704710B44FF023
:10186000E023002110243248C3F8941DC3F89C4D96
:101870001124C3F8A00D2F48C3F89C4D1224C3F8BF
:10188000A00D2D48C3F89C4D2C4AC3F8A00D2C4C3C
:1018900042F015022B48C3F89C4DC3F8A00D2A4C0A
:1018A0002A48C3F89C4DC3F8A00D294CC3F89C2DC1
:1018B0002848294AC3F8A04DC3F89C0DC3F8A02DB1
:1018C00002F5A022254C0C322548C3F89C4DC3F8E4
:1018D000A02D244AC3F89C0DC3F8A02D02F140624C
:1018E000214C02322148C3F89C4DC3F8A02D0A3286
:1018F000C3F89C0DC3F8A02D00BF00BF00BF00BF00
:1019000000BF0122C3F8942DBFF34F8FBFF36F8F39
:10191000C3F8501FBFF34F8FBFF36F8FD3F8142D51
:101920005DF8044B42F44032C3F8142D704700BFF9
:101930003F0000102500080709001000809B0020D0
:1019400013002000210002071400002025000813C6
:10195000090000101600202027000B13170000407C
:10196000180000602F000B07190000701A0000809B
:10197000F0B5824B1822824D0120824F83B0C3F80C
:101980005C528149C3F86072804CC3F86452A5F57B
:1019900030457F4EC3F8685248F20C75C3F86C426C
:1019A000C3F87042C3F87442C3F878424FF0FF3472
:1019B000DA661A675A679A67DA67C3F88020C3F84D
:1019C0008420C3F88820C1F82C03724AC1F8300380
:1019D000C1F83403C1F83803C1F83C03C1F850031F
:1019E000B1696D4B0A406D486D4913436D4AB3614F
:1019F000D6F8843043F00C03C6F88430036843F013
:101A00000203036003682B4021251A43664B0260E2
:101A100044608A68654C1340654A43F00053836014
:101A2000C36823F07803C360036A1340234303624F
:101A3000036A13405F4A234340F2056443628262B3
:101A4000C2620022D1F8B83023F03F0343F0010313
:101A5000C0F8B830D1F8BC30574923F03F0343F009
:101A60000103C0F8BC3002610567C0F880404567DB
:101A7000C0F884400224036823F0020303608161FC
:101A80004E4B4F49C46143F8042B8B42FBD1434D6D
:101A90002B6843F001032B602C6814F00104FBD188
:101AA0004549022340F2F5622046A96140F299417E
:101AB000EB6140F26643C5F8002242F20142C5F8EC
:101AC0001032404BC5F82012C5F8303240F2354391
:101AD000C5F834223C49C5F840323C4BC5F8501299
:101AE0003B4AC5F8543242F20123C5F86022C5F8DA
:101AF0006432FFF74FFE0646002836D083024FF4CB
:101B000080222B660123C5F8A040244CC5F8A420F0
:101B1000C5F8B0306369DA07FCD501253705656182
:101B20003846FFF737FE32182A4BD2B21A7078B116
:101B300080024FF4802319496066C4F8A070C4F88D
:101B4000A430C4F8B0504B69DB07FCD501234B61CE
:101B500021490024214801230094401A00EB02523D
:101B60001F4800F0E5F903B0F0BD1D4B194A18609D
:101B70001070D860C3E9010003B0F0BD00801F40C1
:101B8000F9B00100F910010000841F40F970010054
:101B900000C00F40FFFCFF1F0003008000402A40F0
:101BA00000802A401200FFFFFF37F700400000804E
:101BB00000FFF07CFF000F83F05AF05A00422A40E9
:101BC00000432A409F041830EB06180A063201260B
:101BD0003806180A469B00200000007000000070C4
:101BE000749A0020F0B4154A40274FF480314FF426
:101BF00080564FF400554FF4404443F242001369BD
:101C000013F0020F0ED113F4005F0FD013F4805FB6
:101C10000ED0002BF3DA13F4803F0BD15B060BD50B
:101C2000F0BC7047946151619061E8E75561E6E767
:101C30005661E4E79161E2E75761E0E700800D401B
:101C40003F4A03203F49F3EE095AD2F880304FF063
:101C5000000C9FED3D6A23F001039FED3C5A30B428
:101C6000C2F88030C2F89000D1F8E010384DCBB205
:101C7000384C39482B6007EE903A0B0DC1F30B211D
:101C8000F8EEE77A06EE903A07EE101A334BB8EE0C
:101C9000C77A2160F8EEE66A314937EEC66A37EE58
:101CA000C55A76EEC76A77EEE57A26EE266AC3ED68
:101CB000006A25EE265AD2F8803067EEA64AC0EDBB
:101CC000007AC6EE275A274885EE276AC4EEA76A2F
:101CD00075EE875AFCEEE55A36EE076A15EE904A25
:101CE000BCEEC66A43EA045376EE877AC2F88030C7
:101CF00016EE103AD2F89041FCEEE77A01EA034181
:101D0000214317EE903AC2F89011C3F30B03D2F8B7
:101D100090110B431449C2F89031D2F8803043F04F
:101D20000203C2F88030114B80F840C0C1F8403146
:101D30004FF0E023012230BCC3F80821704700BFF8
:101D400000810D4000441F400000AA420000B44240
:101D5000089B0020049B00200C9B0020109B00206F
:101D60000000FF0F00E400E0001C00208D74000064
:101D7000314B40F6617210B5C3F8202140F20444A3
:101D800000F0E2F82D4A2E49D2F880302D4843F079
:101D90000303C2F880302C4BC1F8604102681A423C
:101DA00003D1D1F8A8319A071BD0254A4FF0004142
:101DB000244B5963D2F8403143F00203C2F840315A
:101DC000D2F840319B07FBD44FF400304FF0E021B4
:101DD0001C4B4FF00042C1F88C0219209A6300F0AE
:101DE0009BF8184A4FF08040154C002190630A2060
:101DF000164B11604FF42072C4F8A801184600F089
:101E00009BF84FF4800203464FF4810040F24311E7
:101E10001860C4F858311A640D4B0E4AC4F84811C2
:101E2000C3F804224FF0E0224FF400310123C2F83E
:101E30000C11C4F8403110BD00800D4000C00F40AF
:101E400000002E4000900D40001C1E0000000020ED
:101E5000001C00207576000008B50E4B1B6E9B071A
:101E600000D4FBBE72B60C4B00200C4AC3F84001F4
:101E700003F160430A49A3F55F2311649D46BFF354
:101E80004F8F4FF400130748074ADB6902609B68D5
:101E9000984700BF00441F4000002E4000C00A4089
:101EA0000300200000802020000012EB104BA02037
:101EB000104AD96E41F4403110B4D96640F237640B
:101EC000D96E41F44071D96654649064936C1B06DA
:101ED000FCD4094A40F23761A02351649364936CA7
:101EE00013F08003FBD1054A13705DF8044B704773
:101EF00000C00F4000400C4000800C40459B00207B
:101F0000F8B500BFF8BC08BC9E4670470000000052
:101F10005FF800F0257100005FF800F07D700000B0
:101F20005FF800F01D9B00005FF800F08D6D000071
:101F30005FF800F0D18800005FF800F0E59900003C
:101F40005FF800F06D8700005FF800F0E57D0000AD
:081F500045000000615E000085
:101F580080C00F40000000031900000010000000BE
:101F6800E8841F4001000000FF000000FF0000009F
:101F78000000000000000000180000001000000031
:101F8800E4841F4001000000FF000000FF00000083
:101F980000000000000000001F0000001D6300009A
:101FA80070C00F40000C000011000000110000007C
:101FB800E0841F40020000002C0000001200000016
:101FC800E0841F4001000000100000001100000024
:101FD800DC841F40020000002D00000012000000F9
:101FE800DC841F40010000001E0000001163000097
:101FF80070C00F40C0000000120000001300000075
:10200800D0841F4001000000FF000000FF00000016
:102018000000000000000000130000001300000092
:10202800CC841F4001000000FF000000FF000000FA
:1020380000000000000000001C0000000563000014
:10204800160355005300420020005300650072003B
:10205800690061006C000000180354006500650009
:102068006E00730079006400750069006E006F00EF
:102078000403090409026200030100C032080B00CE
:102088000202020100090400000102020100052405
:10209800001001052401010104240206052406009C
:1020A800010705820310001009040100020A00005C
:1020B80000070503024000000705840240000009EC
:1020C80004020002FF6AFF000705810240000107C1
:1020D800050102400001000009026200030100C07E
:1020E80032080B000202020100090400000102028A
:1020F8000100052400100105240101010424020641
:1021080005240600010705820310000509040100E3
:10211800020A000000070503020002000705840206
:102128000002000904020002FF6AC70007058102D5
:102138000002010705010200020100000A06000270
:08214800EF020140010000005C
:10215000000000000000000000000000000000007F
:10216000000000000000000000000000000000006F
:102170000548064B1B1AD90F01EBA301491002D0E9
:10218000034B03B118477047C01E0020C01E00203B
:102190000000000008B5054B1BB105490548AFF329
:1021A0000080BDE80840FFF7E3BF00BF000000006B
:1021B000909A002000F0006000207047704700BF38
:1021C00000207047034B186810B103681B6818475C
:1021D000704700BFC0720020034B186810B103683D
:1021E0001B681847704700BFC47200202DE9F041FA
:1021F00000F5005090B0574C9646574B0094C0F8ED
:1022000010191B6A5548C3F301230468403304F0D6
:1022100080746B4413F8406C514B03FB06F6036863
:10222000B6FBF1F2B6FBF2F543F0A0434D1B0360A1
:102230000368DF01FCD5052A4FF0000C2AD960465F
:10224000831C0130B2FBF3F7192F07FB03F3F7D818
:102250004FF00108B6FBF3F3CB1A002BB8BF5B427B
:10226000AB420BDBA7F10C0318BF4FF00008062BA5
:102270000AD8B8F1000F07D08446E1E71D46A7F160
:102280000C038446062BF4D9052FD9D80CF1010391
:10229000B2FBF3F2B5F5967FA2F105024CDC142AED
:1022A0004AD802EB42022F4F6E46DFF8B08002F1AF
:1022B0004003BEF1020F0DEB03050FCF0FC60FCF8A
:1022C0000FC60FCF0FC697E80F0007C626F8023BD0
:1022D0004FEA1343337015F83F3C15F83E2C4FEA94
:1022E000C34315F8401C4FEA024203F4601301F0A7
:1022F000070102F4E02243EA020343EA010343F444
:10230000800343EA0C6343F48043C8F80430D8F8F0
:10231000043014BF23F0080343F00803C8F8043066
:102320003CB90E4A136823F0805313601368DB0135
:10233000FCD410B0BDE8F081002CFAD1074A136834
:1023400023F0805313601368D901FCD410B0BDE8AA
:10235000F08100BF3C18500000C00F4000001D403D
:1023600040420F00800200202DE9F04100F50050AE
:1023700090B0574C9646574B0094C0F810191B6A02
:102380005548C3F301230468403304F080746B4460
:1023900013F8406C514B03FB06F60368B6FBF1F2F1
:1023A000B6FBF2F543F0A0434D1B03600368DF0169
:1023B000FCD5052A4FF0000C2AD96046831C013059
:1023C000B2FBF3F7192F07FB03F3F7D84FF001081F
:1023D000B6FBF3F3CB1A002BB8BF5B42AB420BDB6F
:1023E000A7F10C0318BF4FF00008062B0AD8B8F16C
:1023F000000F07D08446E1E71D46A7F10C03844691
:10240000062BF4D9052FD9D80CF10103B2FBF3F256
:10241000B5F5967FA2F105024CDC142A4AD802EBEE
:1024200042022F4F6E46DFF8B08002F14003BEF14A
:10243000020F0DEB03050FCF0FC60FCF0FC60FCF47
:102440000FC697E80F0007C626F8023B4FEA134372
:10245000337015F83F3C15F83E2C4FEAC34315F88E
:10246000401C4FEA024203F4601301F0070102F43A
:10247000E02243EA020343EA010343F4800343EA10
:102480000C6343F48043C8F80430D8F8043014BF18
:1024900023F0080343F00803C8F804303CB90E4A9F
:1024A000136823F0805313601368DB01FCD410B071
:1024B000BDE8F081002CFAD1074A136823F080535D
:1024C00013601368D901FCD410B0BDE8F08100BFDF
:1024D0003C18500000C00F4000401D4040420F001B
:1024E00080020020002070470020704708207047BD
:1024F00000207047002070470820704770B590F8A2
:10250000213004460E461546102B24D80BBB94F8F8
:102510002020291EE3694FEA420218BF012183F8F7
:10252000A5200122890183F8302183F82F21E06959
:1025300003681B689847E069314603681B68984741
:10254000022D10D194F821300133DBB284F8213010
:1025500070BD002AEFD10121E06905F0A5FE00233E
:1025600084F82130D3E70121E06905F09DFE0023C6
:1025700084F8213070BD00BF10490B68486B0A68B1
:10258000496B02F07F02C1F3036101320431B2EB07
:10259000410F10D303F07F03C0F30360053B01300C
:1025A000A3EB4003DBB2054A106800F07F00013066
:1025B000C01AC0B270470023F5E700BF00001D40FD
:1025C00010490B68486B0A68496B02F07F02C1F33F
:1025D000036101320431B2EB410F10D303F07F03EA
:1025E000C0F30360053B0130A3EB4003DBB2054AB7
:1025F000106800F07F000130C01AC0B2704700239D
:10260000F5E700BF00401D40634A2DE9F041146822
:10261000136804F0807443F0A04313601368DD0175
:10262000FCD511680023DFF878C121F000515B4F21
:10263000594E1160194653629362126803EB0C0203
:10264000DD1901331201AD00D160DBB29160516040
:1026500011602960326802F07F0201329342EDD3AB
:10266000B1643161F26A336BF2623363336800281C
:1026700049D1DFF82C810546474E484F19E03368B1
:1026800003F07F030133B0EB930F34BF4FF080634F
:102690004FF08C631360736BC3F300439B070B60B5
:1026A0003368013503F07F03EDB2013328469D42C4
:1026B0001ED2336805EB0802E91903F07F0312010B
:1026C00089000133B0EB530FD9D34FF0006313608F
:1026D00033689A0003D5FFF773FFA842E0D80123BF
:1026E0001F2D03FA05F34CD8B26A1343B362D7E740
:1026F0003CB9294A136823F0805313601368DB0147
:10270000FCD4BDE8F08143F000533360356815F028
:1027100000553ED0FFF754FF3368054603F07F03B2
:1027200001338342E4D91E4F4FF00066DFF8688022
:102730000DE0D8F828201343C8F82830D8F8003026
:10274000013503F07F03EDB201339D42D0D2EB1986
:102750001B011E60D8F80030990003D5FFF730FF49
:102760008542EBD301231F2D03FA05F3E1D9A5F12F
:1027700020010123D8F824208B401343C8F82430CB
:10278000DCE7A5F120010123726A8B4013437362D9
:1027900086E73368C7E700BF00401D40205207109E
:1027A00008D40104634A2DE9F0411468136804F069
:1027B000807443F0A04313601368DD01FCD51168F9
:1027C0000023DFF878C121F000515B4F594E1160B2
:1027D000194653629362126803EB0C02DD19013350
:1027E0001201AD00D160DBB29160516011602960CF
:1027F000326802F07F0201329342EDD3B16431615D
:10280000F26A336BF26233633368002849D1DFF830
:102810002C810546474E484F19E0336803F07F038B
:102820000133B0EB930F34BF4FF080634FF08C63F4
:102830001360736BC3F300439B070B603368013570
:1028400003F07F03EDB2013328469D421ED2336868
:1028500005EB0802E91903F07F0312018900013337
:10286000B0EB530FD9D34FF00063136033689A0075
:1028700003D5FFF781FEA842E0D801231F2D03FAFC
:1028800005F34CD8B26A1343B362D7E73CB9294A7F
:10289000136823F0805313601368DB01FCD4BDE898
:1028A000F08143F000533360356815F000553ED099
:1028B000FFF762FE3368054603F07F03013383426E
:1028C000E4D91E4F4FF00066DFF868800DE0D8F8BD
:1028D00028201343C8F82830D8F80030013503F019
:1028E0007F03EDB201339D42D0D2EB191B011E6074
:1028F000D8F80030990003D5FFF73EFE8542EBD3B0
:1029000001231F2D03FA05F3E1D9A5F120010123CD
:10291000D8F824208B401343C8F82430DCE7A5F115
:1029200020010123726A8B401343736286E7336888
:10293000C7E700BF00001D402042071008D0010477
:102940002DE9F047876817F001044AD1002F5DDDBB
:10295000054690464E1EA1462CE0A0F14103DBB295
:10296000052B46D837385FFA80FA09F1010128466D
:1029700006F03EFAA0F13003DBB2092B0BD9A0F12F
:102980006103DBB2052B31D9A0F14103DBB2052B8A
:1029900027D83738C3B243EA0A020F2A21D809F1EF
:1029A000020943EA0A1301344F4506F8013F15DDD9
:1029B000A04513DD4946284606F01AFAA0F1300A70
:1029C0005FFA8AFABAF1090FCFD9A0F16103DBB23D
:1029D000052BC2D857385FFA80FAC6E76300BB42BE
:1029E00001D04FF0FF342046BDE8F0875738C3B21E
:1029F000D1E709F10101284606F0FAF9A0F1300308
:102A0000DBB2092BEDD94FF0FF0AB8E72346E6E722
:102A10002DE9F84FDFF8D090DFF8D0B0D9F80020DA
:102A2000DBF800309A4252D04FF0000ADFF8C08045
:102A30002A4E07F0F3FD272849D9D9F80050032181
:102A400027482F0107F0DEFD00230A2258F807105F
:102A500008EB0515304606F05DF83A2007F0BCFD9E
:102A6000A98800231022304607F1080406F052F826
:102A70003A2007F0B1FDAD79444495B1254406E014
:102A800000231022304606F045F8AC4209D014F875
:102A9000011B0F29F4D8302007F09EFD14F8011C0B
:102AA000EEE74744FB79A3B930460AF1010A06F084
:102AB00023F8D9F80030DBF800200133C3F30D030D
:102AC0009A42C9F8003002D0BAF1200FB1D1BDE866
:102AD000F88F0421034807F095FDE5E7D0110020A9
:102AE000B80A0020BC0A002004730020F8720020FD
:102AF0000000202038B5044649B108460D4609F0CB
:102B0000C7FA2368024629465B6820469847204654
:102B1000BDE8384005F0F0BF70B515460C460246DA
:102B2000002125EAE575144805F0F8FC204609F077
:102B3000AFFA0C2D024621460F484FF000040E4E0E
:102B4000A8BF0C2505F0A4FF02220C490A4805F095
:102B50009FFFA542CCBF232120210134304605F040
:102B6000C9FD0C2CF5D15D21034805F0C3FD0248D9
:102B7000BDE8704005F082BDA89A0020C80800207A
:102B800070B5604B82B06049002201930B6AC3F3B9
:102B9000012308336B4413F8043CC0E90122C0E967
:102BA0000322002B00F0858000F5005556492420B3
:102BB000564B0124564A0226C5F80C091220C3F8C8
:102BC000D0208A6E534B42F470328A6641F2B001D3
:102BD00085F81549504A514CC3F81C01C3F80C1331
:102BE000E664C3F82001C3F81013136823F0004310
:102BF0001360136843F0A04313601368DC01FCD535
:102C00005368454943F008035360136843F0804319
:102C100013600B68D802FCD40B683F4A43F0007382
:102C20000B6013689901FCD43B4C2368DA01FCD596
:102C30002368002043F400332360236843F4803387
:102C40002360236843F480532360236843F40053D4
:102C50002360236843F480032360236843F4002344
:102C60002360236823F408432360636B43F4E02369
:102C70006363236843F400132360236843F0806395
:102C80002360FFF78FFD2368234A23F080532360DE
:102C90001368DB01FCD4D5F80C290121204B03EB90
:102CA000521302F01F029B0001FA02F21A6002B0F6
:102CB00070BD0B6A1B4A23F47F7343F480730B626D
:102CC0001368E3B1144A00F500551C6818465268B1
:102CD000D5F81019C2F3C002636852009847124B2E
:102CE000186800283FF462AF0B4A03685268D5F8B1
:102CF0001019C2F3C0025B685200984756E700F50E
:102D00000055ECE73C18500000C00F40001C0020AC
:102D10007500000000801F4000001D4000841F401F
:102D200040380038C0720020C472002070B5604B7B
:102D300082B06049002201930B6AC3F30123083378
:102D40006B4413F8043CC0E90122C0E90322002BC4
:102D500000F0858000F5005556492520564B022489
:102D6000564A0126C5F80C091020C3F8D4208A6EF3
:102D7000534B42F470128A6641F2B00185F815494E
:102D8000504A514CC3F8C400C3F8B4122665C3F8C6
:102D9000C800C3F8B812136823F000431360136827
:102DA00043F0A04313601368DC01FCD55368454928
:102DB00043F008035360136843F0804313600B68CB
:102DC000D802FCD40B683F4A43F000730B601368D1
:102DD0009901FCD43B4C2368DA01FCD52368002020
:102DE00043F400332360236843F480332360236873
:102DF00043F480532360236843F400532360236823
:102E000043F480032360236843F400232360236892
:102E100023F408432360636B43F4E0236363236874
:102E200043F400132360236843F080632360FFF7BB
:102E3000EBFB2368234A23F0805323601368DB01F4
:102E4000FCD4D5F80C290121204B03EB521302F0DE
:102E50001F029B0001FA02F21A6002B070BD0B6AF9
:102E60001B4A23F47F7343F480730B621368E3B14E
:102E7000144A00F500551C6818465268D5F8101918
:102E8000C2F3C002636852009847124B18680028CA
:102E90003FF462AF0B4A03685268D5F81019C2F3C9
:102EA000C0025B685200984756E700F50055ECE712
:102EB0003C18500000C00F40001C0020890000009A
:102EC00000801F4000401D4000841F4040380038F3
:102ED000C0720020C47200202DE9F843624D40F218
:102EE000EE28624C624FDFF8BC912E6807F008FCB8
:102EF0002378002B00F092803B78DB0740F18E8036
:102F00002B68D9F800209B1A0E2B40F28780594875
:102F1000594CFFF735FE002258495648FFF766F92D
:102F2000236843F0A04323602368DD01FCD5002023
:102F30002568FFF737FCE26A236BE26223632368AC
:102F400023F07F032360236843F00F032360AC006A
:102F500072D4494A136823F0805313601368D80170
:102F6000FCD40120464CFFF71DFC4648FFF7DEFE6F
:102F7000022242494348FFF7F7F9236843F0A04390
:102F800023602368D901FCD500202568FFF73CFBAE
:102F9000E26A236BE262AA002363236823F07F03C3
:102FA0002360236843F00F03236057D4344A136827
:102FB00023F0805313601368DB01FCD4324C0120F2
:102FC000FFF722FB0125204609F06EFA2F49204623
:102FD00005F052FA78232946204684F8A53084F873
:102FE000305184F82F5105F05FF948BB3C23284845
:102FF00001242849284A0B7080F8203000232749F3
:1030000080F82130147005F019FB2148244905F09F
:103010004FFB1F48BDE8F84305F0F2BA2B68227851
:103020009B1B32B1B3F5FA6F3FF671AF07F068FB47
:103030005CE74345FAD96AE70120FFF7B3FB88E76D
:103040007A232946204684F8305184F8A53084F844
:103050002F5105F029F928B93D23C8E70120FFF7D2
:10306000D3FAA3E7BDE8F8831C9B00204F9B002008
:103070004E9B00208820002000001D4020A107005A
:1030800000401D40A0490020E0110020801A0600E9
:10309000A89A0020419B00203F9B0020A40800200C
:1030A000CC0800202C9B00201F2910B422D801231B
:1030B00018488B400363184B4FF00064D0790B44E1
:1030C0001B011C60E8B1117A1068090520F060400E
:1030D00041F4C0015860D0685DF8044B00BA9860B4
:1030E000106900BAD860D27A41EA024242F04062E6
:1030F0001A607047A1F1200401230648A340C3626F
:10310000D9E714680548117A00EA84400905586037
:10311000E1E700BF00001D4008D001040000FC1FD3
:103120001F2910B422D8012318488B400363184B81
:103130004FF00064D0790B441B011C60E8B1117A98
:103140001068090520F0604041F4C0015860D06863
:103150005DF8044B00BA9860106900BAD860D27A62
:1031600041EA024242F040621A607047A1F1200435
:1031700001230648A340C362D9E714680548117AC1
:1031800000EA844009055860E1E700BF00401D40A7
:1031900008D401040000FC1F00F58053D3F8003E62
:1031A000DB0069D5374B2DE9F04F5E6B4FF0000E19
:1031B00041F6146941F60467C6F3036641F60868F0
:1031C000F600083609E013685B0F052B34D00EF1CA
:1031D000010E5FFA8EF39E4250D90EEB4E0500EBC6
:1031E000C50C0CF5F05213685B0F012B13680DD062
:1031F0005B0F022BE7D15CF807308B42E7D85CF815
:1032000008308B42E3D30120BDE8F08F13F4607FD8
:10321000DDD06D00002304E01468C4F3C21C6345D4
:10322000D5D2013305EB030CDBB20CF5F06C50F892
:103230002C408C42F0D1E6E7136813F4607FC6D0CF
:10324000CC446D00012405E01368C3F3C2130133BD
:103250009C42BCD22B19DCF800A0013403F5F063CA
:103260000AEA010AE4B250F82330DCF800B003EABD
:103270000B039A45E8D1C6E7012070470020BDE85E
:10328000F08F00BF00401D4001EB410170B500EB25
:10329000C10404F5045EDEF80030DB0028D5DEF85A
:1032A00000305B0F012B0BD0DEF800305B0F022BE0
:1032B00042D0DEF800305B0F052B1BD0002070BD24
:1032C000DEF8004014F4607FF8D000234D0005E0E4
:1032D000DEF80010C1F3C21C6345EFD2013305EBE9
:1032E000030CDBB20CF5046C50F82C409442EFD187
:1032F000012070BDDEF8005015F4607FDED042F290
:10330000141549000123254407E0DEF80040C4F30A
:10331000C21C0CF1010C6345D0D22C6804EA020CEB
:10332000CC18013304F50464DBB250F824402E6855
:103330003440A445E9D1DBE742F20413E358934259
:10334000BCD842F20813E058904234BF002001205C
:1033500070BD00BF00F58053D3F8003EDB0069D597
:10336000374B2DE9F04F5E6B4FF0000E41F61469BC
:1033700041F60467C6F3036641F60868F6000836AE
:1033800009E013685B0F052B34D00EF1010E5FFAD4
:103390008EF39E4250D90EEB4E0500EBC50C0CF59A
:1033A000F05213685B0F012B13680DD05B0F022BDB
:1033B000E7D15CF807308B42E7D85CF808308B42E5
:1033C000E3D30120BDE8F08F13F4607FDDD06D0002
:1033D000002304E01468C4F3C21C6345D5D2013352
:1033E00005EB030CDBB20CF5F06C50F82C408C4272
:1033F000F0D1E6E7136813F4607FC6D0CC446D00CB
:10340000012405E01368C3F3C21301339C42BCD20C
:103410002B19DCF800A0013403F5F0630AEA010A75
:10342000E4B250F82330DCF800B003EA0B039A450D
:10343000E8D1C6E7012070470020BDE8F08F00BF4B
:1034400000001D4001EB410170B500EBC10404F523
:10345000045EDEF80030DB0028D5DEF800305B0FBC
:10346000012B0BD0DEF800305B0F022B42D0DEF8D0
:1034700000305B0F052B1BD0002070BDDEF8004034
:1034800014F4607FF8D000234D0005E0DEF8001052
:10349000C1F3C21C6345EFD2013305EB030CDBB271
:1034A0000CF5046C50F82C409442EFD1012070BD13
:1034B000DEF8005015F4607FDED042F214154900AA
:1034C0000123254407E0DEF80040C4F3C21C0CF1E0
:1034D000010C6345D0D22C6804EA020CCC180133ED
:1034E00004F50464DBB250F824402E683440A4454F
:1034F000E9D1DBE742F20413E3589342BCD842F22D
:103500000813E058904234BF0020012070BD00BF76
:1035100043884FF01A0C03F00F0310B50CFB0303A4
:103520004FEA122E044683F816E0438803F00F0397
:103530000CFB0303DA75408800F00F000CFB004021
:10354000183008F07BFA6288238892B29BB283F02D
:1035500010039A4204D12388013303F01F03238010
:103560006388013303F01F036380A3889BB20F2B92
:1035700003D8A38801339BB2A38010BD8B7DF0B527
:103580000D468DB00446504E002B45D1336813F0E4
:10359000005C25D0FFF714F83368844603F07F03FE
:1035A000013383421ED94949474807E003685FFA5F
:1035B00082FC03F07F0301339C4513D20CEB010323
:1035C0000CF101021B011B68C3F30363082BEDD14F
:1035D00020462A466146FFF7A3FD01200DB0F0BD4D
:1035E0003368E0E7EE46384E0FCDF446ACE80F0006
:1035F00095E803008CE80300306A10F0200045D104
:1036000004F58053B3F81E3B9BB2102BE6D0FF238A
:1036100006AD8DF814302AE0306810F0005038D034
:10362000FEF7CEFF336803F07F030133984231D3B6
:10363000274B4FF0FF3C1B68C3F30363082B3BD0C1
:10364000EE46214F0FCD76460FC695E8030086E87B
:103650000300386A10F0200018D104F58053B3F845
:103660001E3B9BB2102BB9D006AD8DF814C0BEE83E
:103670000F000FC59EE80300182285E8030041F6FD
:103680001A300DEB02012044FFF742FF01200DB07C
:10369000F0BD33680D490C4E05E0336803F07F033D
:1036A00001339842C4D24318421C84461B01D0B255
:1036B0001A681201BFD4F0E720462A465FFA8CF15F
:1036C000FFF72EFD012089E700401D4008D40104CA
:1036D00070401D408B7DF0B50D468DB00446504EB8
:1036E000002B45D1336813F0005C25D0FEF744FF72
:1036F0003368844603F07F03013383421ED949496E
:10370000474807E003685FFA82FC03F07F03013358
:103710009C4513D20CEB01030CF101021B011B6849
:10372000C3F30363082BEDD120462A466146FFF719
:10373000BBFC01200DB0F0BD3368E0E7EE46384E2B
:103740000FCDF446ACE80F0095E803008CE80300C9
:10375000306A10F0200045D104F58053B3F81E3BC9
:103760009BB2102BE6D0FF2306AD8DF814302AE073
:10377000306810F0005038D0FEF7FEFE336803F0DA
:103780007F030133984231D3274B4FF0FF3C1B6836
:10379000C3F30363082B3BD0EE46214F0FCD764693
:1037A0000FC695E8030086E80300386A10F0200091
:1037B00018D104F58053B3F81E3B9BB2102BB9D03F
:1037C00006AD8DF814C0BEE80F000FC59EE80300DB
:1037D000182285E8030041F61A300DEB020120445F
:1037E000FFF796FE01200DB0F0BD33680D490C4E79
:1037F00005E0336803F07F0301339842C4D24318D5
:10380000421C84461B01D0B21A681201BFD4F0E7F3
:1038100020462A465FFA8CF1FFF746FC012089E733
:1038200000001D4008D0010470001D402DE9F04F3C
:10383000924C87B00021204605F0DAFA53283CD09C
:10384000433837283CD8DFE810F09D003B003B00B0
:10385000A2003B003B003B003B003B00A5004100B9
:1038600058005F003B003B0041003B0071003B0003
:103870009A003B003B003B0041003B003B003B000B
:103880003B003B003B003B003B003B003B003B0060
:103890003B003B003B003B003B003B003B0041004A
:1038A0003B003B003B003B0041003B00A8003B00CD
:1038B00072013B003B003B004100A368012B0BD889
:1038C000072007B0BDE8F04F06F086BE0D2007B018
:1038D000BDE8F04F06F080BE0121204605F088FAD1
:1038E0003038C0B20828EBD8654B53F82030002B95
:1038F000E6D0644A0D201360E3E70621624807B072
:10390000BDE8F04F06F07EBE5E4B002219685F48AE
:10391000FEF76CFC0120FEF745FF5D4B01220D20F8
:103920001A7007B0BDE8F04F06F056BEA368092B29
:1039300040F2F78001270025504E0BE00529A0F149
:1039400037004FF0FF0398BFC3B201371D43092F63
:1039500000F0F0803946304605F04AFAA0F1300315
:10396000A0F16102A0F14101DBB22D01092BD2B21D
:10397000C9B2EAD9052AE1D85738C3B2E5E706212A
:103980004448BCE7424B00220D201A7099E70421FD
:103990004148B4E73B4B0222B8E7A368042B40F24E
:1039A000C0800121354805F023FAA0F13003DBB2D5
:1039B000092B40F28881A0F16103DBB2052B40F2B4
:1039C0008C81A0F14103DBB2052B00F28B81A0F1C9
:1039D0003706F6B236020221284805F009FAA0F1AE
:1039E0003003DBB2092B40F26C81A0F16103DBB242
:1039F000052B40F26D81A0F14103DBB2052B00F2F3
:103A00007481A0F13705EDB22D0103211B4805F0AB
:103A1000EFF9A0F130033543DBB2092B0DD9A0F14A
:103A20006103DBB2052B40F25081A0F14103DBB210
:103A3000052B00F25D813738C3B204210F481D43C6
:103A400005F0D6F93038E946C6B2092E40F21781A2
:103A5000124F4FF0080C4E46E2460FCF0FC697E8C4
:103A6000030086E8030000958DF80BC00DF10B08EC
:103A70004FF0060B0026014F43E000BF849A002060
:103A800018030020A01500208408002088200020B2
:103A90003E9B0020740800208C080020C0020020FB
:103AA000A0F16103DBB2052B40F2E080A0F14103FD
:103AB000DBB2052B00F2DF803738000100F0F005A3
:103AC0005946384605F094F9A0F13003DBB2092BD2
:103AD00040F2B780A0F16103DBB2052B40F2C28057
:103AE000A0F14103DBB2052B00F2C7803738054354
:103AF000EDB201360BF1020B08F8015F564580F27A
:103B0000D380A3685B450CDD0BF1FF31384605F02F
:103B10006FF9A0F13005EDB2092DC1D82D01EDB23C
:103B2000CEE7072006F058FD07B0BDE8F08F06216C
:103B30007548E4E63946754805F05AF93038E946E3
:103B4000C6B2092E59D9724F4FF0080C4E464FF0AD
:103B5000010EE0460FCF0FC697E8030086E803008A
:103B600000958DF807E08DF80BC00DF10B074FF0B5
:103B70000B0A0025654E2CE0A0F16103DBB2052B9A
:103B800061D9A0F14103DBB2052B66D837380001BB
:103B900000F0F00B5146304605F02AF9A0F1300351
:103BA000DBB2092B4AD9A0F16103DBB2052B4FD957
:103BB000A0F14103DBB2052B52D837384BEA000B9A
:103BC0005FFA8BF301350AF1020A07F8013F454518
:103BD0002BDAA3685345A4DD0AF1FF31304605F026
:103BE00007F9A0F1300B5FFA8BFBBBF1090FC3D8CB
:103BF0004FEA0B1B5FFA8BFBCCE7DFF814C1082EF2
:103C00004F46B0464FF0010EA8BF4FF00808BCE881
:103C10000F000FC79CE8030087E8030000958DF8AC
:103C200007E08DF80B80002E9FD13A4B1B78002BBC
:103C300060D10121384806F0E5FC75E743EA0B0343
:103C4000C0E71D4355E75738000100F0F00BA1E72E
:103C500057384BEA0003DBB2B4E74FF0F00B99E7BB
:103C6000FF23AFE757382843C5B242E75738000172
:103C700000F0F00524E7F02522E7FF2539E7DFF81B
:103C800090C0082E4F46B246A8BF4FF0080ABCE8C5
:103C90000F000FC79CE8030087E8030000958DF82C
:103CA0000BA0002E7FF4E2AE1A4B1B78002BC0D085
:103CB00049461A48FFF70EFD0028BAD002211848DD
:103CC000B9E71D01A1E61E0285E65738C3B2B4E686
:103CD000A0F15705EDB22D0197E6A0F15706F6B217
:103CE000360278E64FF47F4675E64FF47F658CE642
:103CF000FF23A2E649460948FFF7ECFC002898D0CC
:103D00000221084897E700BF7C080020849A002021
:103D1000C00200203E9B0020680800208820002070
:103D20006C080020700800200B78632B10B5044647
:103D300082B0104613D003F51C6304EB83035B6869
:103D400013B101929847019804F50054D4F804384F
:103D50001BB102B0BDE81040184702B010BD04F519
:103D60000054D4F80437002BF0D001929847019802
:103D7000ECE700BF2DE9F04300F500578FB0044693
:103D800097F8003713B9012387F80037238B9BB2CC
:103D9000002B57D1D7F80C2904F58056724B02F04E
:103DA0001F0103EB521301229B008A401A60B6F8F0
:103DB0001E3B9BB283B3B6F81A3B1A2208AD0DF135
:103DC000080C03F00F03AE4602FB034341F6323208
:103DD00003EB02089858D8F80410D8F80820D8F84F
:103DE0000C300FC5D8F81000D8F8141003C5BEE881
:103DF0000F00ACE80F009EE803008CE803009DF97B
:103E00001C104B1C54D0594B0B441B011B68C3F3B3
:103E10000363082B00F08B80D7F80C29544B02F079
:103E20001F0103EB521301229B008A4000211A60FC
:103E3000238BB6F81E0B9BB280B240EA03300FB062
:103E4000BDE8F083A68A1A23B4F814C008ADF6B210
:103E50000CF1010C03FB0646CCF3080CD6F81C0150
:103E6000D6F82011D6F82831D6F824210FC5D6F877
:103E70002C01D6F83011A4F814C0238B9BB203C5D3
:103E80001BB1238B013B9BB2238308AD02AE0FCD48
:103E90000FC695E8030002AA86E803009DF81C30CF
:103EA0000DF1070120468DF80730FFF73DFF71E760
:103EB000DFF8C080D8F8005015F0005550D0FEF75C
:103EC0007FFBD8F80030054603F07F0301338342BF
:103ED000A2D9DFF89890DFF89C8008E0D8F800308D
:103EE000013503F07F03EDB201339D4294D205EB1F
:103EF00009031B011B68C3F30363082BEED102AA5D
:103F000029462046FFF70CF9B6F81A3B013303F0B7
:103F10001F03A6F81A3BB6F81E3B9BB2002BDDD060
:103F2000B6F81E3B013B9BB2A6F81E3BD6E702AAA1
:103F3000C9B22046FFF7F4F8B6F81A3B013303F094
:103F40001F03A6F81A3BB6F81E3B9BB2002B3FF4AA
:103F500063AFB6F81E3B013B9BB2A6F81E3B5BE786
:103F6000D8F80030B5E700BF6038003808D4010445
:103F70004038003800401D400B78632B10B50446D4
:103F800082B0104613D003F51C6304EB83035B6817
:103F900013B101929847019804F50054D4F80438FD
:103FA0001BB102B0BDE81040184702B010BD04F5C7
:103FB0000054D4F80437002BF0D0019298470198B0
:103FC000ECE700BF2DE9F04300F500578FB0044641
:103FD00097F8003713B9012387F80037238B9BB27A
:103FE000002B57D1D7F80C2904F58056724B02F0FC
:103FF0001F0103EB521301229B008A401A60B6F89E
:104000001E3B9BB283B3B6F81A3B1A2208AD0DF1E2
:10401000080C03F00F03AE4602FB034341F63232B5
:1040200003EB02089858D8F80410D8F80820D8F8FC
:104030000C300FC5D8F81000D8F8141003C5BEE82E
:104040000F00ACE80F009EE803008CE803009DF928
:104050001C104B1C54D0594B0B441B011B68C3F361
:104060000363082B00F08B80D7F80C29544B02F027
:104070001F0103EB521301229B008A4000211A60AA
:10408000238BB6F81E0B9BB280B240EA03300FB010
:10409000BDE8F083A68A1A23B4F814C008ADF6B2BE
:1040A0000CF1010C03FB0646CCF3080CD6F81C01FE
:1040B000D6F82011D6F82831D6F824210FC5D6F825
:1040C0002C01D6F83011A4F814C0238B9BB203C581
:1040D0001BB1238B013B9BB2238308AD02AE0FCDF6
:1040E0000FC695E8030002AA86E803009DF81C307D
:1040F0000DF1070120468DF80730FFF73DFF71E70E
:10410000DFF8C080D8F8005015F0005550D0FEF709
:1041100033FAD8F80030054603F07F0301338342B9
:10412000A2D9DFF89890DFF89C8008E0D8F800303A
:10413000013503F07F03EDB201339D4294D205EBCC
:1041400009031B011B68C3F30363082BEED102AA0A
:1041500029462046FEF7A8FFB6F81A3B013303F0C4
:104160001F03A6F81A3BB6F81E3B9BB2002BDDD00E
:10417000B6F81E3B013B9BB2A6F81E3BD6E702AA4F
:10418000C9B22046FEF790FFB6F81A3B013303F0A0
:104190001F03A6F81A3BB6F81E3B9BB2002B3FF458
:1041A00063AFB6F81E3B013B9BB2A6F81E3B5BE734
:1041B000D8F80030B5E700BF6038003808D00104F7
:1041C0004038003800001D4043884FF01A0CDBB225
:1041D00010B50CFB03034FEA122E044683F806E1E8
:1041E0004388DBB20CFB030383F807214088C0B28D
:1041F0000CFB004000F5847007F020FC62882388E7
:1042000092B29BB283F480739A4204D12388013323
:10421000C3F30803238063880133C3F30803638077
:10422000A3889BB2FF2B03D8A38801339BB2A38042
:1042300010BD00BF2DE9F04F8C468DB00E460746ED
:104240006C46054600F110084FF00109DFF8A0A008
:10425000BCE80F000FC49CE8030084E8030055F895
:10426000044F5CB19DF91420A36809FA02F11942C8
:1042700023D02368D3F800B0D34519D14545EED1FA
:1042800007F5005393F800373BB3306806AC71680C
:10429000B268F3680FC430691822716903C40DEB6A
:1042A000020107F11400FFF78FFF0DB0BDE8F08F9A
:1042B0009DF8153069462046D847237C002BDDD079
:1042C0002368D3F800B09DF81530D345D6D02046EA
:1042D0004FF0FF326946D847D0E7337D324606A912
:1042E00038468DF81830FFF747FE0DB0BDE8F08F67
:1042F0007100000000F5005393F80137002B00F027
:10430000DB80DFF86CC22DE9F04F0F4689B005461F
:104310000E4602AC0FCF0FC497E8030084E80300F9
:10432000DCF800309B0052D5DCF8343000244FF02C
:104330006309C3F3036A22464FEACA0A0AF1080A6C
:104340000CE05B0F022B3B6800F09A805B0F052BA3
:1043500000F0DD800134E2B2924538D996F914308C
:10436000632B34D004EB440805EBC80B0BF5F05776
:104370003B6813F0604FEDD03B685B0F012B3B684F
:10438000DFD1C3F30043F2799A42E3D13B6813F4DF
:10439000607FDFD04FEA480B002306E03A685FFAFF
:1043A00088F3C2F3C2129342D4D203F10108029AF5
:1043B0000BEB080303F5F06355F823309A42EDD177
:1043C00002A928468DF81C90FFF734FFE6E700238A
:1043D000674F8DF80E303C6814F000543FD0FEF764
:1043E000CBF83B68044603F07F030133834233D9A3
:1043F00042F2041742F20818DFF8749196F914306B
:10440000A34220D004EB440105EBC10202F5045A9B
:10441000DAF8003013F0604F15D0DAF80030F07998
:10442000C3F3C06398420ED1DAF800305B0F012B62
:10443000DAF8003041D05B0F022B12D0DAF80030EE
:104440005B0F052B5BD0D9F80030013403F07F03FC
:10445000E4B201339C42D1D309B0BDE8F08F3B6890
:10446000C6E7D159029B8B42EDD352F80820934204
:10447000E9D802A928468DF81C40FFF7DBFEE2E7E9
:10448000C3F30043F2799A427FF464AF41F60463C8
:104490005BF80320029B9342FFF45CAF41F6086295
:1044A0005BF8022093423FF655AF02A928468DF8EB
:1044B0001C90FFF7BFFE4DE7704713F4607FC2D03A
:1044C0004A00002307E0DAF800105FFA8BF3C1F32B
:1044D000C2118B42B7D203F1010B029902EB0B031D
:1044E00003F5046355F823309942ECD102A928461C
:1044F00000928DF81C40FFF79DFE009AE3E7029AB8
:1045000021462846FEF79EFF00289CD0B1E73B6875
:1045100013F4607F3FF41EAF41F6146301275B4440
:104520000AE00BF5F05101370968FFB2C1F3C2117F
:1045300001318F42BFF40EAF07EB4801186801F557
:10454000F06155F821E00299D3F800C008400EEA66
:104550000C018842E5D102A9284601938DF80E206E
:1045600000928DF81C90FFF765FEDDE90023D8E787
:1045700000001D40254A38B5136813F0005343D09E
:10458000136805460C4613F4004302D1926A920662
:104590003AD41E4A136B13F0200335D0D2F8803082
:1045A000C3F30341A380E172C3F30051D2F8842026
:1045B000217203F4001122F06042DB0D002912BFCA
:1045C00001210021920CE1711049226005F5005291
:1045D000D1F8880000BAE060D1F88C0000BA206100
:1045E00092F81529A3716323627523750B681B0468
:1045F00001D420230B6321462846FFF77BFE216868
:104600002846FEF7A7FE38BD184638BD00001D40FD
:104610007A4B2DE9F0471F6881468A4617F000570C
:1046200002D0FDF7A9FF0746744C09F50056226831
:1046300096F8143902F07F020132934200F2D880DA
:104640000325DFF8BC8156E000295CD0B1FA81F285
:10465000C2F14002934253DB206810F0005001D0B9
:10466000FDF78AFF013D86F8140915F0FF0500F0FB
:10467000BF8023689A0005D5874203D9781EC0B24F
:1046800086F81409236803F07F03013398420CD3A2
:10469000206810F0005001D0FDF76EFF013D86F854
:1046A000140915F0FF0500F0A380D4F824C0C0F170
:1046B0002001A36AA0F120020CFA01F1C3402CFAF8
:1046C00002F20B431343DB070BD400EB08031B017F
:1046D0001A68110105D4110E01F00B0CBCF1020F88
:1046E00015D00130C3B286F81439226802F07F0277
:1046F000013293427CD8E16A226B52EA0100A3D1D5
:1047000096F81409B5E7B2FA82F22032A0E702F473
:10471000001001F00F010028C2F300508AF80800D1
:1047200014BF012000208AF80700586820F060407C
:1047300008BF800C0629CAF8000002D101218AF8BE
:104740000910C2F303418AF80B1096F81419481C9B
:1047500086F814098AF81410AAF8042096F8152986
:104760009AF807108AF815209A6800298AF80F200D
:1047700018BF4FF08C619A6808BF4FF08061120A31
:104780008AF80E209A68120C8AF80D209A68120E88
:104790008AF80C20DA688AF81320DA68120A8AF894
:1047A0001220DA68120C8AF81120DA68120E8AF8E0
:1047B000102019609AF81430A2681F2B12D8012219
:1047C00002FA03F3236351464846FFF793FDDAF8F4
:1047D00000209AF814104846FEF734FE58B996F8AF
:1047E00014097EE7203B012202FA03F3E362EAE7C1
:1047F0000020BDE8F0870120FBE700BF00001D405E
:1048000008D0010438B504460D460020022104F00A
:1048100095F970B9094B1A6891000AD59A6A9206FF
:1048200007D41B6B9B0604D529462046FFF7A2FE42
:1048300038BD29462046FFF7EBFE38BD00001D407D
:104840002DE9F04F8C468DB00E4607466C46054666
:1048500000F110084FF00109DFF8A0A0BCE80F003C
:104860000FC49CE8030084E8030055F8044F5CB1D2
:104870009DF91420A36809FA02F1194223D0236894
:10488000D3F800B0D34519D14545EED107F5005313
:1048900093F800373BB3306806AC7168B268F368D0
:1048A0000FC430691822716903C40DEB020107F1CE
:1048B0001400FFF789FC0DB0BDE8F08F9DF81530AE
:1048C00069462046D847237C002BDDD02368D3F8E7
:1048D00000B09DF81530D345D6D020464FF0FF32BA
:1048E0006946D847D0E7337D324606A938468DF869
:1048F0001830FFF719FA0DB0BDE8F08F7100000015
:1049000000F5005393F80137002B00F0DB80DFF84F
:104910006CC22DE9F04F0F4689B005460E4602AC39
:104920000FCF0FC497E8030084E80300DCF80030E1
:104930009B0052D5DCF8343000244FF06309C3F3F8
:10494000036A22464FEACA0A0AF1080A0CE05B0F22
:10495000022B3B6800F09A805B0F052B00F0DD8096
:104960000134E2B2924538D996F91430632B34D031
:1049700004EB440805EBC80B0BF5F0573B6813F04C
:10498000604FEDD03B685B0F012B3B68DFD1C3F379
:104990000043F2799A42E3D13B6813F4607FDFD0A1
:1049A0004FEA480B002306E03A685FFA88F3C2F347
:1049B000C2129342D4D203F10108029A0BEB08030E
:1049C00003F5F06355F823309A42EDD102A9284649
:1049D0008DF81C90FFF734FFE6E70023674F8DF852
:1049E0000E303C6814F000543FD0FDF7E9FD3B6801
:1049F000044603F07F030133834233D942F20417A4
:104A000042F20818DFF8749196F91430A34220D0CE
:104A100004EB440105EBC10202F5045ADAF8003058
:104A200013F0604F15D0DAF80030F079C3F3C063AB
:104A300098420ED1DAF800305B0F012BDAF8003023
:104A400041D05B0F022B12D0DAF800305B0F052B40
:104A50005BD0D9F80030013403F07F03E4B20133B6
:104A60009C42D1D309B0BDE8F08F3B68C6E7D1596D
:104A7000029B8B42EDD352F808209342E9D802A959
:104A800028468DF81C40FFF7DBFEE2E7C3F3004346
:104A9000F2799A427FF464AF41F604635BF8032035
:104AA000029B9342FFF45CAF41F608625BF8022080
:104AB00093423FF655AF02A928468DF81C90FFF7A8
:104AC000BFFE4DE7704713F4607FC2D04A00002359
:104AD00007E0DAF800105FFA8BF3C1F3C2118B42E2
:104AE000B7D203F1010B029902EB0B0303F5046348
:104AF00055F823309942ECD102A9284600928DF84E
:104B00001C40FFF79DFE009AE3E7029A21462846E3
:104B1000FEF7BAFB00289CD0B1E73B6813F4607F36
:104B20003FF41EAF41F6146301275B440AE00BF526
:104B3000F05101370968FFB2C1F3C21101318F4250
:104B4000BFF40EAF07EB4801186801F5F06155F8A6
:104B500021E00299D3F800C008400EEA0C01884217
:104B6000E5D102A9284601938DF80E2000928DF818
:104B70001C90FFF765FEDDE90023D8E700401D40EB
:104B8000254A38B5136813F0005343D0136805461F
:104B90000C4613F4004302D1926A92063AD41E4A9C
:104BA000136B13F0200335D0D2F88030C3F30341E8
:104BB000A380E172C3F30051D2F88420217203F480
:104BC000001122F06042DB0D002912BF01210021FB
:104BD000920CE1711049226005F50052D1F888006D
:104BE00000BAE060D1F88C0000BA206192F8152973
:104BF000A3716323627523750B681B0401D4202302
:104C00000B6321462846FFF77BFE21682846FEF706
:104C1000C3FA38BD184638BD00401D407A4B2DE917
:104C2000F0471F6881468A4617F0005702D0FDF70B
:104C3000C7FC0746744C09F50056226896F81439EB
:104C400002F07F020132934200F2D8800325DFF8A0
:104C5000BC8156E000295CD0B1FA81F2C2F1400279
:104C6000934253DB206810F0005001D0FDF7A8FC00
:104C7000013D86F8140915F0FF0500F0BF80236898
:104C80009A0005D5874203D9781EC0B286F8140968
:104C9000236803F07F03013398420CD3206810F09F
:104CA000005001D0FDF78CFC013D86F8140915F089
:104CB000FF0500F0A380D4F824C0C0F12001A36A4E
:104CC000A0F120020CFA01F1C3402CFA02F20B43CE
:104CD0001343DB070BD400EB08031B011A68110117
:104CE00005D4110E01F00B0CBCF1020F15D00130F0
:104CF000C3B286F81439226802F07F02013293426F
:104D00007CD8E16A226B52EA0100A3D196F814091B
:104D1000B5E7B2FA82F22032A0E702F4001001F007
:104D20000F010028C2F300508AF8080014BF0120C8
:104D300000208AF80700586820F0604008BF800C07
:104D40000629CAF8000002D101218AF80910C2F32D
:104D500003418AF80B1096F81419481C86F81409B8
:104D60008AF81410AAF8042096F815299AF8071062
:104D70008AF815209A6800298AF80F2018BF4FF08A
:104D80008C619A6808BF4FF08061120A8AF80E2081
:104D90009A68120C8AF80D209A68120E8AF80C2074
:104DA000DA688AF81320DA68120A8AF81220DA68B8
:104DB000120C8AF81120DA68120E8AF81020196095
:104DC0009AF81430A2681F2B12D8012202FA03F3BA
:104DD000236351464846FFF793FDDAF800209AF81E
:104DE00014104846FEF750FA58B996F814097EE7B1
:104DF000203B012202FA03F3E362EAE70020BDE868
:104E0000F0870120FBE700BF00401D4008D40104EB
:104E100038B504460D460020022103F08FFE70B91C
:104E2000094B1A6891000AD59A6A920607D41B6B3F
:104E30009B0604D529462046FFF7A2FE38BD294629
:104E40002046FFF7EBFE38BD00401D40394B1B7874
:104E5000002B6DD02DE9F043DFF800E187B0364E2E
:104E6000EC46DFF8FC80354C354D364FBEE80F0080
:104E7000ACE80F009EE803008CE80300694620467A
:104E8000FFF7C6FF002840D0009B2A689342F5D365
:104E90003A689342F2D83168D8F8002001F1010C49
:104EA000CCF30D0C94453ED0274ADFF8B89010683B
:104EB000264A9DF80BE01268801A0A0109EB0111DD
:104EC00049F802008B809DF8093081F806E0CB712B
:104ED000BEF1000F0DD007320DF10B0100234A4443
:104EE000013311F8010F734502F8010F01DA082BA5
:104EF000F6D1174A6946C6F800C020461368013348
:104F00001360FFF785FF0028BED1D8F80010336882
:104F1000104A5B1A1168C3F30D03994238BF13603E
:104F200007B0BDE8F0830C4A136801331360A5E7AE
:104F3000704700BF409B0020F8720020A04900206D
:104F4000FC720020AC1500201C9B0020D4720020B5
:104F50000873002000730020B8720020C0020020F7
:104F600004730020000020202DE9F04F234D41F272
:104F7000707B87B02C682B685C44E31A002B29DD1A
:104F800006468A469146DFF87C801D4F98F800302F
:104F90001BB1FFF75BFFFDF73BFDDFF86CE0EC4674
:104FA000BEE80F00ACE80F009EE803008CE80300A9
:104FB00069463846FFF726FC90B1009BB3420FD1FB
:104FC0009DF80C000309032B0AD110F00F000CD040
:104FD000012803D0022007B0BDE8F08F2C685C44A4
:104FE0002B68E31A002BD1DCF4E79DF80D209DF827
:104FF0000E308AF8002089F80030ECE71C9B002076
:1050000088200020409B0020C00200202DE9F04FA6
:10501000DFF880C393B086461E460CAD174602905B
:105020004FF0000800912C46072EBCE80F000FC57A
:105030009CE8030085E80300CDF830E0CDE90F8857
:1050400000F289808DF83C602EB1324639460DF170
:105050003D0004F017F92146C548FEF73BFB002848
:1050600000F08C80DFF8308341F27077D8F80030A0
:105070001F44D8F80030FB1A002B40F3A78100230F
:1050800006ADDFF818B3DFF8E8921E469A460193A2
:1050900003930DE0012B00F00A81022B00F0408108
:1050A0004FF0010AD8F80030FB1A002B40F3E680DD
:1050B0009BF800301BB1FFF7C9FEFDF7A9FCDFF834
:1050C000D4E2AC46BEE80F00ACE80F009EE8030057
:1050D0008CE8030029464846FFF794FB0028E1D0FE
:1050E000069B009A9A42DDD19DF824A05FEA1A132C
:1050F000D0D15746BAF1000F00F0318152460DF180
:1051000025019C4804F0BEF8BAF1030F40F0278156
:10511000984A13787F2B03D19378782B00F0A180E5
:10512000032195480F4605F06DFA924D0024934EE9
:1051300006E000231022304603F0ECFCA74221DDFC
:1051400015F8011B01340F29F3D8302005F044FA7B
:1051500015F8011CEDE7C6F30323386821468DF8E6
:105160003D6043F01003CDF83E0081488DF83C309F
:10517000BB88ADF84230FEF7ADFA48B9452180480A
:1051800005F040FA7D4813B0BDE8F04F03F0B4BC21
:1051900006AD00980DF117018DF817802A468DF89D
:1051A0001880FFF7E1FE002840F0FC8006230195FF
:1051B00080464FF00109DFF8B8A11D46DFF8E0B1E5
:1051C0000022AE42CDE90F2249F020028DF83C20AA
:1051D0007FF641AF0FA9A1F10B037A5D681C1B1B81
:1051E00001F8012F85B2062B01DCAE42F3D821462F
:1051F0005046FEF76FFA0028C0D0AE427FF632AFBD
:105200009DF81800E8B1030640F1D08000F10F02CC
:10521000D2B2082A00F2C9805A4AA0F1F0015A4BD2
:10522000DBF804001268A3FB02C24FF0640C920C7E
:105230000CFB01F102FB01F1DBF804301B1A99426F
:10524000FAD89DF8172008F10108013A5FFA88F8AA
:10525000D2B2904500F2AD8009F1010909F00F09C1
:10526000AEE7D8F8003041F270774FF0010A1F44E2
:10527000D8F80030FB1A002B3FF71AAF002E00F0D1
:10528000A280039B002B00F09E800C213F4805F07C
:10529000B9F93146394803F023FC2F2005F09CF979
:1052A0000199364803F01CFC3321394868E74FEA7E
:1052B0000A239DF82520002603F4706342EA0307C1
:1052C0000DF125022B4B0197B74206F1010106D0E3
:1052D0008EB212F8010F062E03F8010BF4D1012350
:1052E000DFF8B0E0A4464FF0000A039341F2707774
:1052F000BEE80F00ACE80F009EE803004FF030035B
:105300008CE80300CDE90FAA8DF83C302146029BC2
:1053100048460C93FEF7DEF9D8F800301F44BFE68C
:10532000F71D144B09AADDF804C0BFB2F318B44549
:1053300006F1010156D9B6F5805F4DD28EB212F852
:10534000010FBE4203F8010BF1D1D8F8003041F251
:1053500070771F44019B9E42FFF4A2AE37460321A3
:10536000054805F04FF9002F3FF40CAFDDE600BF14
:10537000882000205077002020080020D011002035
:10538000D8070020CC11002083DE1B432408002016
:1053900034080020C00200201C9B0020409B0020FD
:1053A000001000E03E211148EAE6012003F00EFF64
:1053B00047E7019A0DF117010098FFF7D5FD002886
:1053C000F0D1804648E7BAF1000F02D14B210848DE
:1053D000D6E637210748D3E6D8F8003041F2707797
:1053E0001F445DE6D8F800303746B8E7980700203C
:1053F00014070020600700202DE9F04F234D41F2F3
:10540000707B87B02C682B685C44E31A002B29DD85
:1054100006468A469146DFF87C801D4F98F800309A
:105420001BB1FFF713FDFDF7F3FADFF86CE0EC4674
:10543000BEE80F00ACE80F009EE803008CE8030014
:1054400069463846FFF7E4FC90B1009BB3420FD1A8
:105450009DF80C000309032B0AD110F00F000CD0AB
:10546000012803D0022007B0BDE8F08F2C685C440F
:105470002B68E31A002BD1DCF4E79DF80D209DF892
:105480000E308AF8002089F80030ECE71C9B0020E1
:10549000A0490020409B0020C00200202DE9F04FD1
:1054A00006462DED028BB3B003F0E6FCB368002B8B
:1054B00000F0AF8120AC32AF254628460C350021E4
:1054C00003F070FBBD42F8D1B368002BC0F23F82FD
:1054D00000252F46A8460BE003F08AFC3A2805F188
:1054E000010109D0B3680D468B421DDB052F1BDC83
:1054F000AB4229463046EFD12B464246314610A8F2
:1055000003F080FC05F1010807EB470010A9013703
:1055100004EB800003F0BCFB10A803F07DFB4146C8
:10552000B3680D468B42E1DA214607A803F058FB29
:1055300007A803F091FC0799002900F006820A7879
:10554000002A00F0A383C048012300F8012F11F8BE
:10555000012F1AB101330A2BF7D10923BB4A0021CD
:10556000DFF868B307A8D154DBF80020B84BB9497D
:105570001A6003F005FC002800F05081B64A136859
:1055800001331360B54907A803F0FAFB002840F087
:105590002F81B34907A803F0F3FB002840F0CA812C
:1055A000B04907A803F0ECFB002840F09181AE4918
:1055B00007A803F0E5FB0546002800F0CA81012F8B
:1055C00000F3D88110ADA94F2E460FCF0FC60FCFD5
:1055D0000FC60FCF0FC697E80F0086E80F00A44A4A
:1055E00002F58053B3F8D41C89B2002900F0EF8390
:1055F00002F500579F490126D7F80C0901EB50111D
:1056000000F01F00890006FA00F00860B3F8D41C0F
:1056100089B229B1B3F8D41C013989B2A3F8D41CDA
:10562000B3F8D01C01F00F0103EB8101D1F8D86C65
:10563000B3F8D01C1E96013101F01F01A3F8D01C55
:10564000B3F89C1D89B229B1B3F89C1D013989B208
:10565000A3F89C1DB3F8981D01F00F0102EB410265
:1056600003EB410102F58052B1F89E1DADF87C10AC
:10567000B2F89E8DB3F8982D98FA98F8013202F09E
:105680001F02A3F8982D7C4B7C4A3340934200F0D4
:105690007984002B00F06F84794A934200F04086B1
:1056A000784A934200F03586C6F3C03316F0300FC7
:1056B0008DF85E30C6F380338DF85F30C6F340332B
:1056C0008DF86030C6F300338DF86130C6F3C02327
:1056D0008DF86230C6F380238DF86330C6F3402323
:1056E0008DF86430C6F300238DF8653040F02084D7
:1056F000654B0DF1660607CB1B78CDF86600CDF83B
:105700006A10CDF86E203373D7F80C3901275F4A41
:10571000ADF8748002EB531203F01F03920007FAF6
:1057200003F313600A215A4804F06CFF39465948C4
:1057300003F0D6F90721584804F064FF284606F024
:10574000A7FC0146284604F05DFF0921534804F0F8
:1057500059FF304606F09CFC0146304604F052FFEB
:1057600007214F4804F04EFF00230A229DF87410D1
:10577000484803F0CFF907214A4804F043FF0023CB
:105780000A229DF87510434803F0C4F905214648E4
:1057900004F038FF9DF860103E4803F0A1F90521A0
:1057A000424804F02FFF9DF861103A4803F098F941
:1057B00005213F4804F026FF9DF86210354803F0AC
:1057C0008FF905213B4804F01DFF9DF86310314817
:1057D00003F086F90821384804F014FF0023102252
:1057E0001E992C4803F096F92A4803F085F906E043
:1057F0000421324804F006FF264803F07DF932AD5B
:1058000007A803F009FA0C3D284603F005FAA54263
:10581000F9D133B0BDEC028BBDE8F08F284907A861
:1058200003F0AEFA00287FF4A9AE264907A803F0DA
:10583000A7FA00287FF4A2AE234907A803F0A0FA34
:1058400000287FF49BAE9DE6EB720020EC720020F6
:10585000E472002050030020D07200206803002072
:1058600078030020B80300200C040020D802002098
:105870008820002060380038C80004008000040040
:105880004000040008000400640400204038003890
:105890007C040020D0110020880400209004002007
:1058A0009C040020A4040020AC040020B4040020C8
:1058B000BC040020C4040020CC040020700300209D
:1058C000540300205C030020600300201C9B002088
:1058D0000921804804F096FE0A217F4804F092FED8
:1058E00006217E4804F08EFE7D497E4803F0F8F8DC
:1058F00006217D4804F086FE79497A4803F0F0F8E5
:1059000005217A4804F07EFE41F27071754803F07B
:10591000E7F80D21764804F075FE0921754804F07A
:1059200071FE4FF480416F4803F0DAF86D4803F0E0
:10593000E3F864E7704B0122362170481A7004F0D6
:1059400061FE684803F0D8F859E76D49F7E500278C
:10595000EAE56C4907A803F013FA8046D0B1012F9D
:1059600000F3C0813421684804F04CFE5D4803F028
:10597000C3F844E723A803F0ABFA431E8446012B87
:1059800040F2CE800D21614804F03CFE554803F002
:10599000B3F834E75E4907A803F0F2F9002800F0F5
:1059A000B682012F40F3D38223A803F091FA022F8D
:1059B000054600F0DA8226A803F08AFA032F06468D
:1059C00000F089862998002800F06B8610220021BB
:1059D00006F004F8042F009040F37F862C980028EE
:1059E00000F05C861022002105F0F8FF0190012DE7
:1059F00000F0CC83022DC5D12A46394945484FF0E5
:105A0000000AFCF7B1FC0120FCF7FEFDDFF8049171
:105A1000DBF80030334FCDF80CA00293002E00F0DD
:105A20003B81DBF80030029AD31A3344002B40F359
:105A30003F81DFF8E8C010ADBCE80F000FC59CE85F
:105A4000030085E8030010A94846FFF7E1F90028A4
:105A5000E4D0109B009A9342E0D3019A9A42DDD39E
:105A60009DF849300BB10AF1010A03212A4804F0DC
:105A7000C9FD029BDBF800100A223846C91A002330
:105A800003F048F83A2004F0A7FD002310221099F3
:105A9000384603F03FF83A2004F09EFD9DF84B3065
:105AA000002B00F027820DF14B0505EB030807E002
:105AB00000231022384603F02DF8A84500F01A8282
:105AC00015F8011F0F29F3D8302004F085FD29783F
:105AD000EEE700BFC0030020CC030020D803002065
:105AE00020A10700D0110020E0030020E8030020DF
:105AF000F003002000040020499B002080030020C8
:105B0000A0100020D804002040050020140400202C
:105B100078050020A0490020A8050020C002002030
:105B200010ADB54FBCF1010F2E460FCF0FC60FCFF2
:105B30000FC60FCF0FC697E80F0086E80F003FF49F
:105B40004EADAE4A02F58053B3F8D41C89B2002999
:105B500000F09E8002F50057A9490126D7F80C09EC
:105B600001EB501100F01F00890006FA00F00860F8
:105B7000B3F8D41C89B229B1B3F8D41C013989B265
:105B8000A3F8D41CB3F8D01C01F00F0103EB810182
:105B9000D1F8D86CB3F8D01C1E96013101F01F016A
:105BA000A3F8D01CB3F89C1D89B229B1B3F89C1D91
:105BB000013989B2A3F89C1DB3F8981D01F00F01BB
:105BC00002EB410203EB410102F58052B1F89E1D48
:105BD000ADF87C10B2F89E8DB3F8982D98FA98F82D
:105BE000013202F01F02A3F8982D864B864A3340FB
:105BF000934200F0B481002B00F0A381834A9342CA
:105C000000F05A82824A934200F06282C6F3C033A7
:105C100016F0300F8DF85E30C6F380338DF85F30AC
:105C2000C6F340338DF86030C6F300338DF8613031
:105C3000C6F3C0238DF86230C6F380238DF863303D
:105C4000C6F340238DF86430C6F300238DF8653029
:105C500040F048816F4B0DF1660607CB1B78CDF8FD
:105C60006600CDF86A10CDF86E203373D7F80C2992
:105C70000121694B0227ADF8748003EB521302F047
:105C80001F029B0001FA02F21A604BE5134665E41D
:105C900002270DF1660645E504F04AFC00283FF4B2
:105CA000C8AE01E004F088FC04F042FC0028F9D101
:105CB00005215A4804F0A6FC002303990A225848FB
:105CC00002F028FFBAF1000F40F0EE84544802F0D1
:105CD00013FF002253494948FCF746FB0120FCF71B
:105CE00093FC8CE5504910A802F05CFF10A923A892
:105CF00003F05CF8064610A8EEB102F08DFF4B4BA6
:105D000013214B481D7004F07DFC4A4A2B46444841
:105D100011680A2202F0FEFE0621474804F072FCD8
:105D200046492B460A2209683D4802F0F3FE3C48EA
:105D300002F0E2FE63E502F06FFF414910A802F0B5
:105D400031FF10A923A803F031F8002843D010A890
:105D500002F062FF0A213B4804F054FC334B304808
:105D6000197802F0BDFE0721374804F04BFC374A92
:105D7000374B11680A221B682948C91A3346C1F3F8
:105D80000D0102F0C7FE06212B4804F03BFC2B4A14
:105D90003346234811680A2202F0BCFE09212D482F
:105DA00004F030FC234A33461D4811680A2202F0F1
:105DB000B1FE0721284804F025FC284933460A2271
:105DC0000968174802F0A6FE05212548A7E5012726
:105DD0000DF16606A6E410A802F01EFF214910A8E6
:105DE00002F0E0FE10A923A802F0E0FF00283BD15A
:105DF00010A802F011FFB5E5D8020020A04900204C
:105E000060380038C800040080000400400004002E
:105E1000080004006404002040380038AC0500206D
:105E2000D011002020A1070078040020409B002012
:105E3000DC040020B8720020F00400200073002071
:105E4000F8040020000500200C050020F872002056
:105E50000473002014050020200500200873002092
:105E6000280500203005002010A802F0D5FE022FE2
:105E700047D02698002800F049811022002105F023
:105E8000ADFDA44B032F186000F02C842998002846
:105E900000F03E811022002105F0A0FD9E4B022261
:105EA0009E4918609E48FCF75FFA0120FCF7ACFBA6
:105EB00000239C4ADBF8001013609B4A9B48136048
:105EC0009B4A13609B4A13609B4A13609B4A9C4BFE
:105ED0001160012209211A7004F094FB994802F024
:105EE0000BFE8CE40DF166060D229749304605F055
:105EF00073FEBBE6039B38460133039302F0FCFDBF
:105F00008CE5844B002240F2FF701A60C6E78F498F
:105F100007A802F035FF00283BD0012F00F3DE80F8
:105F200023218B4804F06EFB864802F0E5FD66E411
:105F30000DF166060D228449304605F04DFEFFF74F
:105F4000E3BB1D228349284605F046FE5EE6252177
:105F5000814804F057FB7B4802F0CEFD4FE41D2240
:105F60007E49284605F038FE50E640F2FF7346466B
:105F7000CDE900833BE51D227649284605F02CFE3D
:105F8000FFF792BB1D227549284605F025FEFFF755
:105F90008BBB734907A802F0F3FE002800F08C8148
:105FA000012F00F3C481782340F2EF764FF4E065CF
:105FB00001930AAB4FF00009DFF8888100930DAB25
:105FC0000293DFF8C4C14FF0000E009F43F6026A4F
:105FD000BCE80F000FC79CE80300029B87E80300A2
:105FE0000A9500995F48C3E900EEADF834A0FDF7CB
:105FF00071FBDBF80070019B1F44DBF80030FB1ADB
:10600000002B47DD0DF1400ADFF87CE1D446BEE805
:106010000F00ACE80F009EE803008CE80300514637
:106020005048FEF7EFFB80B3109B9D422DD0062118
:106030004D4804F0E7FA002310222946404602F0BA
:1060400069FD3A2004F0C8FA002310221099404656
:1060500002F060FD3A2004F0BFFA9DF84B308BB39C
:106060000DF14B0707EB030A06E000231022404620
:1060700002F050FD574525D017F8011F0F29F4D81D
:10608000302004F0A9FA3978EFE7DBF80030FB1A8A
:10609000002BB9DC0135AE4293D20521334804F020
:1060A000B1FA00230A224946264802F033FD25486A
:1060B00002F022FDFFF7A3BB1D222D49284605F063
:1060C0008BFDA3E5404609F1010902F015FDE1E76A
:1060D0001D222849284605F07FFD97E510AD264989
:1060E000284602F05FFD294623A802F05FFE002843
:1060F00000F07E82284602F08FFD204B00222049CE
:1061000010481A60FCF7F6FCFFF779BB1D48B4E6AF
:106110001C48BFE6FC720020AC15002020A107003F
:10612000A049002004730020F872002034050020EC
:10613000B87200200073002008730020D472002081
:10614000409B0020D011002074040020C0050020D6
:10615000DC0500202C040020800500202404002001
:10616000600300208820002020060020AC050020CD
:106170004804002058040020C4050020D8720020E4
:10618000CC050020A0100020C00200200222BC4943
:10619000BC484FF00009FCF729F82846FCF702FB41
:1061A000DFF8E0A2DBF80030B74F0393CDF808909A
:1061B000002E54D0DBF80030039AD31A3344002B5E
:1061C00058DDDFF8ECC210ADBCE80F000FC59CE84D
:1061D000030085E8030010A95046FEF713FB0028D2
:1061E000E6D0109B009A9342E2D3019A9A42DFD301
:1061F0009DF849300BB109F101090321A34804F0CE
:1062000001FA039BDBF800100A223846C91A002362
:1062100002F080FC3A2004F0DFF9002310221099EC
:10622000384602F077FC3A2004F0D6F99DF84B305E
:10623000002B3AD00DF14B0505EB030806E00023D7
:106240001022384602F066FC45452ED015F8011F95
:106250000F29F4D8302004F0BFF92978EFE704F0D3
:1062600067F90028ADD001E004F0A6F904F060F968
:106270000028F9D10521864804F0C4F900230299C9
:106280000A22814802F046FCB9F1000F40F0FB8180
:106290007D4802F031FC002279497A48FBF7A6FFDD
:1062A0000120FCF77FFAFFF7AABA029B38460133B8
:1062B000029302F021FC7BE7764907A802F060FD1B
:1062C000002800F0F780032F40F3FF8123A802F09D
:1062D000FFFD714B0546269810220021002808BFBB
:1062E000184605F07BFB082280460AA929A8FCF77E
:1062F00027FBB0F1000EC0F23182012D00F0FC81CD
:10630000022D00F0468265495F48FCF7F3FBFFF77A
:1063100076BA1D226249284605F05EFCFFF7C4B933
:106320001D226049284605F057FCFFF7BDB923A898
:1063300002F0CEFD022F804600F01E822698102229
:10634000554E0021002808BF304605F047FB032FBB
:10635000054600F00C82299810220021002808BF71
:10636000304605F03BFB042F064600F0FD812CA8CB
:1063700002F0AEFD0190B8F1010F00F0B781B8F165
:10638000020FC0D1B54200F2B4810AAB4FF0000950
:10639000DFF8F48000930DAB0293DFF814C14FF0E7
:1063A000000E009F43F6026ABCE80F000FC79CE88E
:1063B0000300029B87E803000A9500993A48C3E965
:1063C00000EEADF834A0FDF7D9F8DBF80070019BC2
:1063D0001F44DBF80030FB1A002B47DD0DF1400AAB
:1063E000DFF8CCE0D446BEE80F00ACE80F009EE832
:1063F00003008CE8030051462B48FEF709FD80B3EB
:10640000109B9D422DD00621284804F0FBF8002364
:1064100010222946404602F07DFB3A2004F0DCF8C9
:10642000002310221099404602F074FB3A2004F039
:10643000D3F89DF84B30EBB10DF14B0707EB030A96
:1064400006E000231022404602F064FB574511D0BD
:1064500017F8011F0F29F4D8302004F0BDF839785F
:10646000EFE7DBF80030FB1A002BB9DC0135B54251
:1064700093D912E6404609F1010902F03DFBF5E728
:1064800020A1070088200020D0110020A8050020AE
:10649000AC0500205C030020A010002014040020A4
:1064A0005804002048040020A049002020060020B5
:1064B000C0020020C24907A802F062FC002800F0D8
:1064C0003C82032F40F3338223A805AE02F000FD87
:1064D000BC4B8246269810220021002808BF18468F
:1064E00005F07CFA08228046314629A8FCF728FAF4
:1064F000B0F10009C0F23281042F00F004822CA810
:1065000002F0E6FC0546BAF1010F00F09181BAF104
:10651000020F7FF4F8AEAC4FB9F1080F0DF1280C63
:10652000A8BF4FF008090FCFACE80F0097E80300B1
:106530004A468CE8030031460DA8CDF828808DF836
:10654000339002F09FFE0AA9A048FDF717F8002833
:1065500000F0E481002D00F0D881DBF80030002647
:10656000DFF868A29A4F0093DBF80030009AD31A44
:106570002B44002B40F3FC83DFF84CE20DF1400C80
:10658000BEE80F00ACE80F009EE803008CE80300B3
:1065900010A95046FEF73CFC0028E5D003218D48A9
:1065A00004F030F800231022109938460DF14B0802
:1065B00002F0B0FA3A2004F00FF89DF84B304FF09B
:1065C0000009019306E00023102218F8011F384645
:1065D00002F0A0FA019B4B4509F1010940F31A8230
:1065E00098F801300F2BEED8302003F0F5FFEAE7E2
:1065F000794923A802F0C4FB00287FF47BAD28462C
:1066000002F00AFB032F7FF78BAC23A802F060FC9B
:10661000421E0346012A3FF676AE704E269833603E
:10662000002850D06E4F102200216E4D05F0D6F993
:10663000386029A802F04CFC132841D928600023B7
:10664000694A0D216948136003F0DCFF3168604836
:1066500002F046FA0421664803F0D4FF00233968AB
:1066600010225B4802F056FA0421624803F0CAFF88
:1066700000230A222968564802F04CFA544802F0D6
:106680003BFAFFF7BCB809215B4803F0BBFF0023CE
:106690000A2249464E4802F03DFAF9E54948FFF71B
:1066A000A1B94848FFF792B90921534803F0AAFF5E
:1066B00000230A225146464802F02CFAFFF706BB97
:1066C00014232B60BBE73F48ACE74C494048FCF73C
:1066D00011FAFFF794B8CDF8008040F2FF730193F0
:1066E000FFF785B940F2FF70FFF7D8BBB5427FF6E0
:1066F00060AC4FF00009D0E410AD334F4FF0000A0A
:106700000DF1280C2E460DF14B0BD1460FCF0FC6C5
:1067100097E8030086E80300CDF84080CDE913AA8E
:1067200008E0B9F1070F09F1010905DC1CF8013B8C
:106730000BF8013FCE45F4DC29463148FCF7CAFF8F
:10674000304D314B002808BF1D46284605F0A0FCFF
:106750000146284603F056FFFFF7E8B82B491C48CE
:10676000FCF7C8F9FFF74BB87823019303E67823C9
:1067700040F2EF760193FEE501283FF414AC0228C5
:106780007FF4C1AD782340F2EF764FF4E0650193DA
:10679000FBE510ADDFF830C04FF0000A0AAE2F461F
:1067A0000DF14B0BD146BCE80F000FC79CE803006E
:1067B00087E80300CDF84080CDE913AA31E000BF9F
:1067C00054030020A0100020C0020020A049002097
:1067D000D0110020A8050020D8050020D872002084
:1067E000CC720020C8720020E87200200006002051
:1067F0001006002018060020B405002028060020FE
:1068000088200020480300203C030020440600208C
:10681000B9F1070F09F1010905DC16F8013B0BF886
:10682000013FCE45F4DC2946C048FCF7A7FE87E7C8
:10683000BF4FB9F1080F0DF1280CA8BF4FF00809A0
:106840000FCFACE80F0097E803004A468CE803003E
:1068500031460DA8CDF828808DF8339002F012FD56
:106860000AA9B448FCF736FF002857D0002D4CD0B9
:10687000DBF800300026DFF8BCA2AF4F0093DBF856
:106880000030009AD31A2B44002B40F37182DFF8BA
:10689000A0E20DF1400CBEE80F00ACE80F009EE84E
:1068A00003008CE8030010A95046FDF7ABFF002859
:1068B000E5D00321A14803F0A5FE00231022109982
:1068C00038460DF14B0802F025F93A2003F084FE1A
:1068D0009DF84B304FF00009019306E00023102291
:1068E00018F8011F384602F015F9019B4B4509F1D4
:1068F000010940F3778298F801300F2BEED8302051
:1069000003F06AFEEAE70025FDE507218C4803F065
:1069100079FE894802F0F0F8FEF771BF0B21894833
:1069200003F070FE844802F0E7F8FEF768BF86497E
:106930008148FCF7DFF8FEF762BF844907A802F040
:106940001FFA0146002800F0EE81042F40F3E58194
:1069500023A87F4E02F0BCFA269B10220021054698
:10696000002B14BF1846304605F038F802902998DD
:106970001022784F0021002808BF304605F02EF87D
:106980004FF4027208EE900A39462CA8FBF7D8FFA4
:10699000061E40F3FC81012D00F0B681022D7FF42C
:1069A000B2AC13ABDFF888E10DF1400C1FFA86F9A9
:1069B00001934FF000086546B9F1070FBEE80F00DC
:1069C000ACE80F009EE80300029A019B8CE80300EC
:1069D0001092CDF84C80C3F804805DD9C9F303232D
:1069E000386829468DF84D6043F01003CDF84E000D
:1069F0004E488DF84C30BB88ADF85230FCF7BEFDE8
:106A000068B94521544803F0FDFD4B4802F074F885
:106A1000FEF7F5BE3846013602F06EF8A4E50AAB83
:106A200005AE18EE900A8DF814801A4631468DF89E
:106A300028800093FEF7E0FC002840F03D81012310
:106A400008EE105A82464D460622994601990023C7
:106A5000C1E9003349F020018DF84C1013A90191D0
:106A600005E045450BD917F8080001F8010F02EBC6
:106A70000308062B03F101031FFA88F8F1DD18EE75
:106A8000101A2A48FCF77AFD0028BAD0454500F2D2
:106A90001C8118EE105A0DE039464A460DF14D00A2
:106AA0008DF84C6002F0EEFB29462048FCF766FDAD
:106AB0000028A6D04FF00008DBF8003041F27077D4
:106AC000DFF868A04646C1461F44CDF80080DBF8D9
:106AD0000030FB1A002B43DD204B1B781BB1FEF767
:106AE000B5F9FBF795FFDFF848E00DF1280CBEE89B
:106AF0000F00ACE80F009EE803008CE803000AA931
:106B00005046FEF785F90028E1D00A9B18EE902A3E
:106B10009A42DCD19DF83420130900F0B680012B95
:106B20007BD0022B39D04FF00109D0E7A0490020DB
:106B3000C002002088200020D0110020A8050020DD
:106B4000480300203C030020600600205003002082
:106B5000A010002040730020D8070020409B002098
:106B6000002E50D0009B002B4DD00C21A54803F0E7
:106B700049FD3146A44801F0B3FF2F2003F02CFD5E
:106B80004146A14801F0ACFF3321A04803F03AFD93
:106B90009D4801F0B1FFFEF732BEF31D9C4A0DA9DE
:106BA0009BB2B218464506F1010033D286B211F805
:106BB000010FB34202F8010BF4D1DBF8003041F2CF
:106BC000707746451F44AED3374603219148904D18
:106BD0000026DFF8348203F015FD06E0002399F863
:106BE00000101022404601F095FFB742A94606F179
:106BF00001063EF49BAE2B7801350F2BEED83020EA
:106C000003F0EAFCEAE7844D844BB9F1000F08BFBA
:106C10001D469AE5DBF80030D6E713029DF8358073
:106C20000DF13502002603F4706348EA0308784B3F
:106C3000464506F1010106D08EB212F8010F062E6C
:106C400003F8010BF4D10123DFF8FCE1AC464FF06F
:106C50000009009341F27077BEE80F00ACE80F0026
:106C60009EE80300029B8CE8030010932946019BD9
:106C70005046C3E900994FF030038DF84C30FCF7D3
:106C80007DFCDBF800301F444DE717460DF1350160
:106C90005F4802F0F7FA032F97D15D4A13787F2BF4
:106CA00093D19378782B90D1DBF8003041F2707754
:106CB0004FF001091F440AE73E21594803F0A2FCA6
:106CC000514801F019FFFEF79ABD9DF828000028F1
:106CD00066D0020662D500F10F03DBB2082B5CD848
:106CE000504AA0F1F00350485168504A1268B2FB74
:106CF000F0F2642000FB03F302FB03F3494A5268FD
:106D0000521A9342FAD84BE0B3B23A4618EE901AB0
:106D10000298FEF77BF9FEF772BD45493A48FBF74A
:106D2000E9FEFEF76CBD032F4AD1424E1022209897
:106D30000091002808BF304604F050FE0546239815
:106D400010220099002808BF304604F047FE4FF497
:106D500002720646384926A8FBF7F2FD031E16DD2F
:106D60009BB231462846344AFEF750F9FEF747BD3C
:106D70000521324803F046FC00230A22314622480E
:106D800001F0C8FE204801F0B7FEFEF738BD2C49DF
:106D90001D48FBF7AFFEFEF732BD012002F016FAE8
:106DA0009DF814300AF1010A013B5FFA8AFADBB25E
:106DB0009A451CD809F10109424609F00F0945E638
:106DC000114805251F490C26FBF794FE07A801F082
:106DD00023FF06FB0540013D01F01EFF6B1CF8D1AF
:106DE000FEF717BD3846013601F086FE47E5009AEA
:106DF000314618EE900AFEF7FFFA00287FF45CAFE8
:106E00008246D7E724080020D01100203408002053
:106E10005087002020080020600700201407002071
:106E200098070020001000E040420F00CC11002025
:106E300088060020A010002048750020AC05002026
:106E4000A8060020C4060020C00200202DE9F0475B
:106E5000554D86B0554C564E564F03F069FB90B1D8
:106E600003F0AAFBC1B20A2965D00D2963D0A2683C
:106E700040F24B439A42F0D8204601F071FF03F0F4
:106E800057FB0028ECD12B78002B00F09D804A4B5B
:106E90001B78002B00F0CF806F46484DDFF824812F
:106EA0003C46474E0FCD0FC495E8030084E803002D
:106EB00039464046FDF7A6FC002800F0BC809DF84E
:106EC0000740002C00F06D8154201C2403F084FB4B
:106ED0000099002310223046E140043C01F00F01EC
:106EE00001F018FE231DF3D19DF80B100023102292
:106EF000304601F00F0101F00DFE9DF80B30002B24
:106F000000F04B810DF10B050BE00A3C0023102231
:106F1000304601F0FFFDE41B9DF80B30A34240F327
:106F20003C812C4615F8011F0F29EED8302003F0C4
:106F300053FB2978E9E7A368002B8ED0297859BB49
:106F4000204601F055FF00F0DF03542B20D0522BD8
:106F50001ED0A368012B00F05081022B0DD15328C5
:106F60000BD10121204601F043FF2F2805D9012133
:106F7000204601F03DFF38280AD92146684601F035
:106F80002FFE6846FEF78AFA684601F045FE05E0E6
:106F90000123A2682B700AB1FCF748FC3146204659
:106FA00001F08CFE59E700BF499B0020849A002025
:106FB00090080020091A08003E9B0020C002002013
:106FC000D0110020882000209B4B1B78002B40F024
:106FD000DA809A4B1E6876B3DFF87882984F994A28
:106FE000D8F80030396812685B1A934223D3964B65
:106FF0006C46964D4FF0000CD3F800A043F60269A2
:107000004FF0800E012E0FCD0FC495E8030084E8E9
:107010000300CDF800A08DF813C0CDF80FC0ADF877
:107020000C908DF80EE000F0FC80022E00F0FE8047
:10703000D8F800303B60864B1B78002B00F0A08016
:10704000844B854A1E681368F31AC72B40F2988058
:10705000824B834D186816602A6882491A60101A9C
:10706000814B824A14681A681C60A41A0A6890420C
:1070700040F2BB80024608607D4B1F68BC4240F274
:10708000AC8027461C60012A4FF00C084FF000032B
:1070900038BF0122A0FB080103F00AFD012F0346BF
:1070A000A4FB0801734C3A4638BF01221F46002357
:1070B00003F0FEFC2378804633B16F4B1B68F61A51
:1070C00040F2DB539E4206D95B4B6C4C1A786C4BFA
:1070D000002A08BF1C4600226A48114601F01EFA29
:1070E0000A226949674801F0D3FC204604F0D0FF2A
:1070F00021460246634801F0CBFC624801F0BEFA2B
:10710000022200215F4801F009FA04225F495D482C
:1071100001F0BEFC002329680A225A4801F0FAFC5B
:1071200005225B49574801F0B3FC5A4900230A2263
:107130000968544801F0EEFC524801F09FFA03221E
:107140000021504801F0EAF9052253494D4801F069
:107150009FFC524900230A2209684A4801F0DAFCE0
:10716000484801F08BFA42464D490520FBF7D4FC14
:107170003A464C49062006B0BDE8F047FBF7CCBCC8
:1071800006B0BDE8F087FDF761FEFBF741FC2B4B35
:107190001E68002E7FF420AF4DE70D2003F01CFA8F
:1071A00086E6742003F018FA009923461022C1F3F2
:1071B0000321304601F0AEFC009923461022C1F3B2
:1071C0000311304601F0A6FC00992346102201F07D
:1071D0000F01304601F09EFC86E6012F7FF653AF8B
:1071E000791EA1EB17171F604DE7012A7FF644AF08
:1071F000531EA3EB12120A603EE756280DD8422810
:107200007FF6BBAEA0F14303DBB227FA03F3DA0744
:107210007FF5B3AE01232B70BEE676287FF4ADAECA
:10722000F8E769462048FCF755FA01E769461F4828
:10723000FCF7A4F9FCE600BF409B0020D8720020B8
:10724000E8720020C8720020CC720020C00200202A
:107250003F9B00201C9B00200C730020E07200204C
:1072600008730020A8150020DC720020D0720020D6
:10727000A4150020EC720020E4720020D804002045
:10728000E80F0020A89A0020F00F0020FC0F00203B
:1072900004100020B87200200C10002000730020A1
:1072A000141000201810002088200020A049002081
:1072B00083889BB20F2B03D8838801339BB28380D2
:1072C0004288B0F802C0038802F00F021FFA8CFC5B
:1072D0009BB2023283F0100340F822109C4504D187
:1072E0000388013303F01F0303804388013303F055
:1072F0001F034380704700BF83889BB20F2B03D8C6
:10730000838801339BB283804288B0F802C003882F
:1073100002F00F021FFA8CFC9BB200EB420283F0DA
:107320001003D1809C4504D10388013303F01F036F
:1073300003804388013303F01F034380704700BF7D
:107340002DE9F04F934D9BB0934F08AC05900FCDB6
:107350000FC495E8030084E803007E6AB96AD7F891
:107360002C90386B3B68039113F40043049003D1D5
:107370003A68950000F11881049B43F00103B9F1CC
:10738000000F00F00281B9FA89F3834DC3F1400385
:107390002C68DFB214F00054029700F09E82FBF7D5
:1073A0000FF92B68044603F07F030133834240F258
:1073B000C280874240F2BF80059B671CDFF8D8B1CE
:1073C00003F50053FDB2019706931AE0042A00F07A
:1073D0005881082A00F0E281DBF800309DF8044073
:1073E00003F07F03029A0133A24288BFAB4205F14A
:1073F000010594BF01230023002B40F09C80631CF7
:107400000193C4F12002039BA4F1200A06FA02F1C1
:10741000E3400B4326FA0AF10B43DF07DCD5049B5C
:1074200009FA02F2E340134329FA0AF21343D80798
:10743000D2D5DFF87081A0444FEA0818D8F80030A0
:10744000190EC3F3036201F00B010229BED1D8F873
:10745000041003F4001021F06041002812BF4FF027
:10746000010C4FF0000C890C062A8DF827C00891FA
:1074700002D101228DF82920ADF82430C3F3034353
:107480008DF8344000288DF82B30069B93F8153981
:107490008DF83530D8F808308DF82F30D8F808300E
:1074A0004FEA13238DF82E30D8F808304FEA1343F3
:1074B0008DF82D30D8F808304FEA13638DF82C3052
:1074C000D8F80C308DF83330D8F80C304FEA13234D
:1074D0008DF83230D8F80C304FEA13438DF8313044
:1074E000D8F80C304FEA13638DF8303014BF4FF0EA
:1074F0008C634FF080631F2CC8F80030DBF8083035
:107500004FF0010331D8A34021460598CBF8303025
:10751000089AFBF7B9FE002832D108A90598FDF7B3
:10752000EFF908A8AFF3008008A8AFF3008008A81F
:10753000AFF3008050E7184E184D346A2A68184B94
:107540006240134043B1059B03F58053B3F8D43C2C
:107550009BB20F2B40F2DB810F4A136A2343136265
:10756000BFF34F8F1BB0BDE8F08F03FA0AF321463B
:107570000598CBF82C30089AFBF786FE0028CCD073
:1075800008A90598FDF75CF9C7E7B3FA83F3203340
:10759000FBE600BFC002002000401D4054970020C1
:1075A000BFFF070008D401048C067FF5E5AE810615
:1075B0007FF5E2AED7F88020C94C02F40011C2F387
:1075C0000050ADF824200029C2F303414FEAD25203
:1075D0008DF82B10D7F884108DF8280018BF0120E3
:1075E00021F0604108BF00208DF826204FF00002F6
:1075F00008BF890C8DF827000CA80891D4F88810D2
:10760000D1400832202A00F8011DF7D10DA9B44855
:10761000D0F88C20DA400833202B01F8012DF7D167
:10762000059A02F5005292F815298DF8352063224B
:107630008DF8342082680363049B5A0601D54023E9
:107640000363049B1B0602D5A54B80221A63059C8D
:1076500008A92046FDF754F908A8AFF3008008A850
:10766000AFF3008008A8AFF3008008992046FBF72D
:1076700093FD00283FF480AE08A90598FDF7E0F8D7
:107680007AE603F40012002AD8F80420ADF824307A
:10769000C3F303438DF8344022F060428DF82B3061
:1076A00018BF0121069B04BF920C002193F81539E5
:1076B00008928DF83530D8F80830059A8DF82F30BB
:1076C000D8F808308DF827101B0A8DF82E30D8F81E
:1076D00008301B0C8DF82D30D8F808301B0E8DF8B3
:1076E0002C30D8F80C308DF83330D8F80C301B0A19
:1076F0008DF83230D8F80C301B0C8DF8313004F690
:10770000022352F82330D8F80C20120E8DF83020C6
:107710000BB108A89847069BD3F808390BB108A805
:107720009847059901F58052B2F81E3B17469BB267
:10773000002B00F0D780B2F81A3B1A220DF1500C42
:1077400003F00F03E04602FB031341F632320EA9A9
:1077500003EB020A98588E460791DAF80820DAF807
:107760000410DAF80C30ACE80F00DAF81000DAF8A0
:107770001410ACE80300B8E80F00AEE80F0098E87A
:1077800003008EE803009DF94C30591C00F0D880AE
:107790009C427FF421AE079AE1B2D3E003F40012D9
:1077A000002AD8F80420ADF82430C3F303438DF841
:1077B000344022F060428DF82B3018BF0121069B27
:1077C00004BF920C002193F8153908928DF83530DA
:1077D000D8F80830059A8DF82F30D8F808308DF891
:1077E00027101B0A8DF82E30D8F808301B0C8DF8A6
:1077F0002D30D8F808301B0E8DF82C30D8F80C300E
:107800008DF83330D8F80C301B0A8DF83230D8F8A8
:107810000C301B0C8DF83130D8F80C301B0E8DF865
:10782000303004F6022352F823300BB108A89847F1
:10783000069BD3F808390BB108A89847059901F5BC
:107840008058B8F81E3B9BB2002B58D0B8F81A3BB2
:107850001A220DF1500C03F00F03674602FB0313CD
:1078600041F632320EA903EB020A98588E46079170
:10787000DAF80820DAF80410DAF80C30ACE80F0077
:10788000DAF81000DAF81410ACE803000FCFAEE815
:107890000F0097E803008EE803009DF94C305A1C56
:1078A00067D09C427FF498AD079AE1B20598FBF748
:1078B00037FCB8F81A3B013303F01F03A8F81A3B52
:1078C000B8F81E3B9BB2002B3FF486ADB8F81E3BC8
:1078D000013B9BB2A8F81E3B7EE52B686CE500BF20
:1078E00000401D401F2C4FF0010320D903FA0AF37A
:1078F000CBF82C304FF00063C8F800306CE51F2C3B
:107900004FF0010317D8A340CBF8303064E5059F52
:1079100041F6D04021463844FFF7CAFCF16941F6F0
:10792000985089B23844FFF7E7FC2C6014E6A34076
:10793000CBF83030DEE703FA0AF3CBF82C304BE516
:10794000079A21460598FBF7EBFBB7F81A3B013382
:1079500003F01F03A7F81A3BB7F81E3B9BB2002B9E
:107960003FF43AADB7F81E3B013B9BB2A7F81E3B74
:1079700032E5079A214699E72DE9F04F934D9BB0E8
:10798000934F08AC05900FCD0FC495E8030084E831
:1079900003007E6AB96AD7F82C90386B3B68039174
:1079A00013F40043049003D13A68950000F1188164
:1079B000049B43F00103B9F1000F00F00281B9FA12
:1079C00089F3834DC3F140032C68DFB214F00054F7
:1079D000029700F09E82FAF7CFFD2B68044603F071
:1079E0007F030133834240F2C280874240F2BF806E
:1079F000059B671CDFF8D8B103F50053FDB2019772
:107A000006931AE0042A00F05881082A00F0E28167
:107A1000DBF800309DF8044003F07F03029A013345
:107A2000A24288BFAB4205F1010594BF01230023A8
:107A3000002B40F09C80631C0193C4F12002039B47
:107A4000A4F1200A06FA02F1E3400B4326FA0AF1F8
:107A50000B43DF07DCD5049B09FA02F2E340134332
:107A600029FA0AF21343D807D2D5DFF87081A0446F
:107A70004FEA0818D8F80030190EC3F3036201F07A
:107A80000B010229BED1D8F8041003F4001021F034
:107A90006041002812BF4FF0010C4FF0000C890C20
:107AA000062A8DF827C0089102D101228DF82920DD
:107AB000ADF82430C3F303438DF8344000288DF82B
:107AC0002B30069B93F815398DF83530D8F80830EF
:107AD0008DF82F30D8F808304FEA13238DF82E3068
:107AE000D8F808304FEA13438DF82D30D8F8083015
:107AF0004FEA13638DF82C30D8F80C308DF8333002
:107B0000D8F80C304FEA13238DF83230D8F80C3007
:107B10004FEA13438DF83130D8F80C304FEA136335
:107B20008DF8303014BF4FF08C634FF080631F2C02
:107B3000C8F80030DBF808304FF0010331D8A3401B
:107B400021460598CBF83030089AFBF77BFC0028DB
:107B500032D108A90598FCF7CDFB08A8AFF3008047
:107B600008A8AFF3008008A8AFF3008050E7184ED4
:107B7000184D346A2A68184B6240134043B1059B84
:107B800003F58053B3F8D43C9BB20F2B40F2DB815A
:107B90000F4A136A23431362BFF34F8F1BB0BDE834
:107BA000F08F03FA0AF321460598CBF82C30089A97
:107BB000FBF748FC0028CCD008A90598FCF73AFB55
:107BC000C7E7B3FA83F32033FBE600BFC00200200F
:107BD00000001D4050970020BFFF070008D001049F
:107BE0008C067FF5E5AE81067FF5E2AED7F8802002
:107BF000C94C02F40011C2F30050ADF82420002952
:107C0000C2F303414FEAD2528DF82B10D7F88410FB
:107C10008DF8280018BF012021F0604108BF002026
:107C20008DF826204FF0000208BF890C8DF8270040
:107C30000CA80891D4F88810D1400832202A00F806
:107C4000011DF7D10DA9B448D0F88C20DA400833D3
:107C5000202B01F8012DF7D1059A02F5005292F878
:107C600015298DF8352063228DF83420826803634E
:107C7000049B5A0601D540230363049B1B0602D5CF
:107C8000A54B80221A63059C08A92046FCF732FB0D
:107C900008A8AFF3008008A8AFF3008008A8AFF3EE
:107CA000008008992046FBF755FB00283FF480AE82
:107CB00008A90598FCF7BEFA7AE603F40012002A38
:107CC000D8F80420ADF82430C3F303438DF83440D2
:107CD00022F060428DF82B3018BF0121069B04BFB3
:107CE000920C002193F8153908928DF83530D8F8A8
:107CF0000830059A8DF82F30D8F808308DF8271005
:107D00001B0A8DF82E30D8F808301B0C8DF82D305A
:107D1000D8F808301B0E8DF82C30D8F80C308DF8C0
:107D20003330D8F80C301B0A8DF83230D8F80C30CC
:107D30001B0C8DF8313004F6022352F82330D8F8AA
:107D40000C20120E8DF830200BB108A89847069B26
:107D5000D3F808390BB108A89847059901F5805266
:107D6000B2F81E3B17469BB2002B00F0D780B2F84A
:107D70001A3B1A220DF1500C03F00F03E04602FBF0
:107D8000031341F632320EA903EB020A98588E46CD
:107D90000791DAF80820DAF80410DAF80C30ACE8C9
:107DA0000F00DAF81000DAF81410ACE80300B8E8B5
:107DB0000F00AEE80F0098E803008EE803009DF97D
:107DC0004C30591C00F0D8809C427FF421AE079AB9
:107DD000E1B2D3E003F40012002AD8F80420ADF891
:107DE0002430C3F303438DF8344022F060428DF811
:107DF0002B3018BF0121069B04BF920C002193F881
:107E0000153908928DF83530D8F80830059A8DF874
:107E10002F30D8F808308DF827101B0A8DF82E3037
:107E2000D8F808301B0C8DF82D30D8F808301B0E10
:107E30008DF82C30D8F80C308DF83330D8F80C3061
:107E40001B0A8DF83230D8F80C301B0C8DF831300D
:107E5000D8F80C301B0E8DF8303004F6022352F89F
:107E600023300BB108A89847069BD3F808390BB10B
:107E700008A89847059901F58058B8F81E3B9BB2B1
:107E8000002B58D0B8F81A3B1A220DF1500C03F011
:107E90000F03674602FB031341F632320EA903EBD0
:107EA000020A98588E460791DAF80820DAF804108A
:107EB000DAF80C30ACE80F00DAF81000DAF8141039
:107EC000ACE803000FCFAEE80F0097E803008EE8A0
:107ED00003009DF94C305A1C67D09C427FF498AD4A
:107EE000079AE1B20598FBF7DFF8B8F81A3B0133BF
:107EF00003F01F03A8F81A3BB8F81E3B9BB2002BF7
:107F00003FF486ADB8F81E3B013B9BB2A8F81E3B80
:107F10007EE52B686CE500BF00001D401F2C4FF074
:107F2000010320D903FA0AF3CBF82C304FF0006399
:107F3000C8F800306CE51F2C4FF0010317D8A340A0
:107F4000CBF8303064E5059F41F6D04021463844F7
:107F5000FFF7AEF9F16941F6985089B23844FFF75E
:107F6000CBF92C6014E6A340CBF83030DEE703FAFF
:107F70000AF3CBF82C304BE5079A21460598FBF71E
:107F800093F8B7F81A3B013303F01F03A7F81A3B25
:107F9000B7F81E3B9BB2002B3FF43AADB7F81E3B3F
:107FA000013B9BB2A7F81E3B32E5079A214699E7B1
:107FB00033480021334A00F5005C38B500F58053A2
:107FC000314C324D81822860C1820460018302F508
:107FD0000050A3F81A1B2E4CA3F81C1B2D4DA3F820
:107FE0001E1BA3F8D01CA3F8D21CA3F8D41CA3F822
:107FF000981DA3F89A1DA3F89C1D02F580538CF8D8
:10800000001714608CF80117CCF80C199182CCF889
:108010001019D1828CF814191183A3F81A1BA3F834
:108020001C1BA3F81E1BA3F8D01CA3F8D21CA3F89A
:10803000D41CA3F8981DA3F89A1DA3F89C1D164BF9
:108040002A604FF48072154C80F800179A6180F80E
:108050000117134AC0F80C19C0F8101980F8141948
:108060001048DA61186020465960C3E9041100F035
:1080700099FD20460C4A0D49BDE8384002F012BD7A
:1080800088200020A0490020CC0A0020C0720020D7
:10809000F00A0020C4720020A89A0020849A0020D0
:1080A000E0110020140B0020B8150020C96A000060
:1080B00090F8A32090F8A200101A704790F8A23010
:1080C00090F8A3209A4205D95A1C034480F8A220B4
:1080D000987E70474FF0FF30704700BF90F8A23095
:1080E00090F8A3209A4202D91844807E70474FF03E
:1080F000FF307047704700BF0346B0F8300178B1D9
:1081000093F82F21882A03D9012200205A60704752
:1081100002F1010C01201A4483F82FC182F8A51046
:10812000704700BF38B5B0F830410CB9204638BDB3
:1081300090F82F310546C3F18904A2420DD81446A8
:1081400005F1A5002246184401F09CF895F82F315E
:108150002046234485F82F3138BD01224260EFE7E5
:108160002DE9F04FD0F814A01524017E8146437EFE
:1081700083B00AEB0111384A0AEB0313374F097A2F
:1081800093F8283002EB01150901E86852F80180E4
:1081900002EB0311D5F804B01B01CE68D558CBF81B
:1081A0000040C8F88400D8F804304A6803432C49DA
:1081B0000192C8F804301460C5F884606B683343DA
:1081C0006B60284B4C683A68A3FB0232920C02EBBE
:1081D000820252004B681B1B9A42FBD84FF0090CDD
:1081E0001F4ADFF880E0D8F80830034202D0AB68BD
:1081F00033422FD1C5F8886054683968AEFB01312D
:10820000890C01EB810153681B1B9942FBD8C5F80F
:10821000846054683968AEFB0131890C01EB81013F
:1082200053681B1B9942FBD8BCF1010CDBD16046A3
:1082300099F81830019A0AEB0313DB68CBF8003089
:1082400099F819300AEB031ADAF82C30136003B0EE
:10825000BDE8F08F0120EBE7780C0020CC11002066
:10826000001000E083DE1B430E4A10B5116804695C
:1082700005E0DB0107D413685B1A102B08D863698B
:1082800013F0007FF5D14FF4FE430120636110BD70
:10829000FFF766FF0028FAD04FF4FE430120636128
:1082A000F5E700BF1C9B00202DE9F04790F82FA1B7
:1082B0000569BAF1000F4FD081468846FFF7D4FF19
:1082C000002849D0374E0024376818E06B6919053B
:1082D00051D4DA0455D4580559D4990441D432689C
:1082E000D21B322A3DD8544507D9EA6D520704D132
:1082F0009B0555D4B8F1000F52D002F001FA544555
:10830000E4D8EA6D500702F00703DFD413E099F8D0
:10831000A5200133022442F48062042B2A661ED079
:108320008A4503F1010309EB01020ED992F8A52059
:10833000042B2A66CAD00121002CE8D02146013343
:1083400001348A4509EB0102F0D8B8F1000FBDD025
:108350004FF400732B66B9E70420BDE8F0870124D1
:10836000B4E72B694FF40072042043F440732B618F
:108370002A66BDE8F0872B69042043F440732B6123
:10838000EBE72B69052043F440732B61E5E72B698C
:108390004FF40072022043F440732B612A66DCE73D
:1083A0000020DAE71C9B0020F8B506690446D6F8E1
:1083B000145115F4706301D0C6F81431A8070BD519
:1083C000D6F8702111043ED50023012184F8A23093
:1083D000234484F8A3109A76EB0710D594F83071F3
:1083E000FFB194F82E7194F82F31BB4227D97B1C32
:1083F000274484F82E3197F8A530C6F8603115F47B
:10840000407F0DD094F8A30018B1D4F83C3103B1EB
:1084100098470023A4F8A230A4F82E3184F8303114
:10842000F8BDD4F8383103B19847002384F82E31D1
:10843000012384F8303194F82F31BB42D7D8002380
:10844000C6F86031DBE794F8A330872BC4D8591CF9
:10845000C9B2BDE70148FFF7A7BF00BFE011002088
:108460000148FFF7A1BF00BF201300200148FFF71C
:108470009BBF00BF6014002010B4144C002203699D
:10848000A1421A6114D8124C012012494FF4303223
:108490009C6458629962DA629C6C00204FF0011172
:1084A00001221C6518625DF8044B99651A617047DA
:1084B0000948814207D9094C09480A499C645A6213
:1084C0009862D962E8E7084C0848F6E77F1A060088
:1084D0003B372819B80B05053F420F000A0907046E
:1084E00060090101007F05001C1A120C100E020227
:1084F00070B5037B04460172002219440368CDB2B3
:108500001B6901F00F0198472368290920460022C2
:108510001B6941F01001BDE87040184770B5837ABF
:10852000054614468B4201D9FFF7E2FFEB7AB4EB24
:10853000D30F0DD2E97B28462B68002221446C72B0
:108540001B6901F00701BDE8704041F0B001184718
:1085500070BD00BF2DE9F047994600239DF82080AB
:10856000054643740F46C37A9246B8EBD30F03D344
:10857000DA08013A5FFA82F8C8453AD34E46AB7A38
:10858000BB4203D939462846FFF7B2FFEB7AB6EB78
:10859000D30F0BD2E97B00222B68284631446E7240
:1085A0001B6901F0070141F0B001984757451CD8FD
:1085B0003C4604E06B740134E4B2A24515D3697CF7
:1085C0004B1E0029F6D195F808C00222AB7A284646
:1085D0009C45F0D22B6801341B69E4B298472B7A92
:1085E000A24503F101032B72E9D20136F6B2B04580
:1085F000C5D24A4639462846BDE8F047FFF78EBF48
:1086000030B500230568044683B0C3811A46402173
:108610002D69A84794F80BC0A07A00234FEADC0C20
:10862000421E20460CF1FF3C1946D2B25FFA8CF490
:108630000094FFF78FFF03B030BD00BF002370B57B
:10864000038105464A790B680E7982728A79C27273
:10865000CA79027366B1013E5C1E53FA86F62B6836
:10866000002214F8011F28461B699847B442F6D12E
:108670002846BDE87040FFF7C3BF00BF827A017A89
:10868000013A437A10B5446982B0D2B23CB1E47881
:1086900090F819C00734E41014FB0CF4E4B203F1B1
:1086A000FF3C6444E4B20094FFF754FF02B010BDF5
:1086B000416131B10B88B3F5807318BF0123437357
:1086C0007047012343737047437C10B5044613B1D0
:1086D000013B437410BD027A837A9A42FAD2037E38
:1086E0000222594003681B699847237A0133237299
:1086F00010BD00BF4269002A00F02D810D292DE92F
:10870000F04F2DED028B8DB09378D778044604930B
:1087100007F1070392F804E055794FEAE3064FEAC0
:10872000D30300960A9300F018810A2900F01D81F6
:1087300002F1060C7145CDF820C032D30EEB0503D3
:10874000284699422DDAA1EB0E01B2F800E0667BD3
:108750009EFA9EFE637EC9B216FB03F61FFA8EFEDA
:10876000BEF1010FF6B240F2218117F0070740F089
:10877000458169B1481E05325CFA80F8002012F884
:1087800001EF7044904580B2F9D1009A02FB00508D
:108790001CF801204FF0000804920CEB0002089234
:1087A0000AE0202940F09C80637E4FF00108667B40
:1087B000002713FB06F6F6B2227A08EE102A627A38
:1087C0000B92627C0792009A002A72D0089A049950
:1087D0000132013952FA81FA0022059201220392F4
:1087E0009DF80C200992013AD2B20692002B54D087
:1087F00000239B460193079B6374069B53EA0B037C
:1088000040F0A080049B13B3089B059A02965E4635
:108810009D18A346DDF80C904446002C7CD195F8B9
:1088200000801FB1009B4B4500F087809BF81930FA
:10883000022B74D09BF81130002B57D0013B8BF8E2
:10884000113001355545E8D1A046029E5C46DEB1A7
:10885000002504E062740135EBB29E4214D9637CBA
:108860005A1E002BF6D1217A0222A37A2046994281
:10887000F1D223680135217E1B699847237A0133A1
:108880002372EBB29E42EAD8019B01331A46019350
:10889000637E5FFA82FB5B45ADD80399049A013190
:1088A00092440391059911440591DDE909128A4228
:1088B00096D8E37A0B98B0EBD30F0BD2E17B236809
:1088C0006072014400221B69204601F0070141F05B
:1088D000B001984701200DB0BDEC028BBDE8F08FD0
:1088E00000200DB0BDEC028BBDE8F08F9BF8082096
:1088F0009BF80A309A42A4D29BF8183002225846BC
:1089000088EA0301DBF800301B6998479BF80830C0
:1089100001338BF8083094E74FF0000881E74EB13F
:108920004FEA1811374B584613F801804146FFF7BC
:10893000CBFE7FE708F00F01F4E748FA07F15FFA92
:1089400081F873E7627A18EE101A20460132D2B22B
:10895000FFF7E4FD56E710467047837A002BB9D045
:108960000021FFF7C5FD0120BBE7837A13B1002189
:10897000FFF7BEFD0A9A607E617A10FB02F0E37A8F
:10898000257CC0B2DA080144A0EBD303C9B20B4482
:10899000DBB22DB15EB2002ECCBF002601268EB117
:1089A0008A4297D9E07B236861728AE700984FF08A
:1089B0000008049A474600FB02F2089801FB0202F5
:1089C0000892F9E6121A20466272E27B134403F021
:1089D0000703E373FFF752FE257C012D7FF47AAF86
:1089E000E37B32462068DB0003F03801A17341F0DD
:1089F0004001036920469847284672E7C7F10807F7
:108A0000FFB2B6E694080020084601F0E5BD00BFBD
:108A1000012A70B508BF0A228AB091B34FF0210E27
:108A200001E05FFA86FE0EF1FF36B1FBF2F502FBC4
:108A300015145FFA84FC092C0CF137040CF1300C8E
:108A400098BF5FFA8CF40EF1280C88BFE4B2914213
:108A5000EC4429460CF8244CE3D24BB10EF1FF3E16
:108A60002D225FFA8EFE0EF128036B4403F8242CAE
:108A7000036801A9CEF122025B68714498470AB0ED
:108A800070BD30224FF0210E8DF82520E5E700BFA4
:108A90002DE9F0410C46D1B1EAB180468E1800258F
:108AA0000E4F04E001F098FDB44205440CD0D8F814
:108AB000003014F8010B1B68BB42F3D0014640465E
:108AC0009847B4420544F2D12846BDE8F0810D46EE
:108AD0002846BDE8F0811546F6E700BFB9680000FA
:108AE000002903DB00230A22FFF792BF49422D230E
:108AF0000A22FFF78DBF00BF00B5036883B040F6C0
:108B00000D2C022201A95B68ADF804C0984703B0A0
:108B10005DF804FB5AB90368C9B2074A1B6893425F
:108B200000B506D108465DF804EB01F055BDFFF72E
:108B30006FBF5DF804EB1847B9680000884200DB9E
:108B4000704730B4124C091A2368EBB1114A124D28
:108B500082FB032CDA179C44C2EB2C4244F2A71C84
:108B600005FB12330D4D05FB02F20CFB0322002A1C
:108B70000CDA6FF0004313442360B3FBF1F201FB06
:108B8000123330BC18447047054BF5E71346F3E742
:108B9000BC7200205F0B4E831DF30100ECF4FFFF5D
:108BA00042CE0C1FF8B500260446C0E90066866078
:108BB00029B108460D4603F06BFA074608B920466E
:108BC000F8BD013002F0F6F80028F8D0294606700A
:108BD0002060C4E9017703F0E9F92046F8BD00BF41
:108BE000F8B588424FF0000504468560C0E900559D
:108BF00002D08E680F680EB92046F8BD701C02F0D6
:108C0000D9F80028F8D0394605702060C4E901661B
:108C100003F0CCF92046F8BD10B50446006802F018
:108C2000D1F8204610BD00BFF8B50446154632B94C
:108C3000036803B11A7000232046A360F8BD43689F
:108C40000E469A421CD9511C006802F07FFB074671
:108C500060B1A368C4E900050BB903702768314609
:108C60003846A56003F0A2F92046F8BD206810B18F
:108C700002F0A8F8276000232046C4E90133F8BDBC
:108C800007683146A560384603F090F9ECE700BF6D
:108C9000884238B505460ED000680C4608B102F08F
:108CA00091F8A0680023D4E90012A860C5E9001279
:108CB000C4E90033A360284638BD00BF38B5054677
:108CC0000C4649B1084603F0E3F92146024628461E
:108CD000FFF7AAFF284638BD2846A96038BD00BF67
:108CE0002DE9F843044600680D4616468842A368FD
:108CF00009D8C218914206D20F1A4FF0010936B9AD
:108D00002046BDE8F8834FF00009002EF8D003EBB1
:108D10000608626890450CD908F1010102F016FBC3
:108D20000028EDD0A368C4E9000813B903702068D7
:108D3000A368B9F1000F08D12946184403F036F9A9
:108D40002046C4F80880BDE8F8833246C1191844AB
:108D500000F098FA2368002203F80820F0E700BF2B
:108D600010B582B00023044601228DF8041001A939
:108D70008DF80530FFF7B4FF204602B010BD00BFEC
:108D8000826808B50B463AB161B1006802F0A4FFF1
:108D9000B0FA80F0400908BD31B11878B0FA80F01F
:108DA000400908BD0368F8E7012008BD88421AD0D1
:108DB00083688A68934214D1ABB170B505680E68B8
:108DC000013D08E002F026FE044616F8010B02F011
:108DD00021FE844209D115F8010F0028F2D10120AB
:108DE00070BD0020704701207047002070BD00BF9B
:108DF00083688B4203D9006810B1405C7047002043
:108E0000704700BF9A422DE9F04105460E4602D94F
:108E100011461A460B460021A960B7689742C5E97A
:108E2000001114D39F4228BF1F46336813F80780F0
:108E3000D95533689C180DD0204603F029F92146F6
:108E400002462846FFF7F0FE336803F807802846FD
:108E5000BDE8F081AC60F8E738B50468054644B178
:108E6000207830B102F0E0FD207014F8010F0028E6
:108E7000F8D1284638BD00BF2DE9F0410768064605
:108E8000E7B18468D4B1B846454618F8010B02F042
:108E9000B9FD0028F8D1013C3C4402E0A54205D8C8
:108EA000013C207802F0AEFD0028F7D1621CAF42F1
:108EB000A2EB0502B26004D30023BB543046BDE8E8
:108EC000F0813846294600F0DDF93768B268F3E7EB
:108ED000006808B101F06ABF704700BFA249A34B08
:108EE00088422DE9F047A24C5E699A69D4F80C805B
:108EF0001BD9A04B984240F20281C31A9E491B0A1B
:108F0000A1FB031340F22761DB0903EB830303EBAF
:108F1000830303F2E2438B4228BF0B46A3F5487755
:108F2000964BA3FB0737FF0804E0954FB8428CBF70
:108F30000E2706278D4908F01F09D1F88030B94562
:108F400043F0C003C1F880300CD228F01F08A1F50F
:108F5000F82148EA0708C1F80C800B68002BFCDAFE
:108F600008F01F0916F0007324D186490C69864960
:108F7000A14300F0EA8082F4805134464FF48055DA
:108F800014F0605F04D026F060561E43774B5E619C
:108F900011F4405F07D022F4405274492A438A6199
:108FA0008B6C1A07FCD446F00076704A5661936CBD
:108FB0009B06FCD4754CA04200F2CE804FF0010C11
:108FC0000146634603FB011203F1010E0CF101059A
:108FD000A24218D8BEF1080F4FF0010340F08D8077
:108FE000BCF1040F00F291800A18A24200F2A480A2
:108FF00005FB00F1AC4603F1010E03FB01120CF17D
:109000000105A242E6D90CF1FF318C0286EA8121EA
:109010005F4810445F4A90427FD9DFF8A4A16C22D8
:109020005D48584DB0FBFEF0D5F800E0B0FBFCF019
:10903000DFF890C10EEA0C0CD44509D042F400527E
:109040004FF4805CC5F800C02A602A68002AFCDA68
:10905000464A156905F007059D4203D01361936CDC
:10906000DD03FCD411F4E05F09D026F4E05604F4EB
:10907000E0543E4A26435661936C9907FCD4474915
:10908000474A014491423CD8464BC909A3FB0131F0
:10909000090B4B1E1B0286EA030212F4407F06D026
:1090A00026F4407603F44073304A334353612F4A29
:1090B000536923F000735361936C9B06FCD43A4BC5
:1090C0004F45A3FB00234FF0FF324FEA9343B0FB21
:1090D000F1F1B2FBF3F3354A1060354A1160354ABD
:1090E000136008D228F01F08214A48EA0707D76012
:1090F0001368002BFCDABDE8F087734662E712279D
:1091000018E74FF440730421C5E70CF1FF31204804
:1091100007238C02104486EA8121274ADFF8A8A0A1
:10912000A2FB0020020D2548362A38BF362202FB5A
:1091300000F042EA0A0A74E74FEA8C24002386EA28
:109140008C214FF0010EAC4662E71D4686F0C054FC
:1091500011464FF0C05313E700244FF0010C0246B4
:1091600031462346E64653E700A4781F00C00F406F
:10917000000008400046C32323B24C001F85EB517A
:1091800000366E0100800D4040300080FFB19F2608
:10919000808D5B00FF7EF64D00643F4D7FD1F0086F
:1091A0007F17B42C9F10E50083DE1B43CC110020F9
:1091B000C8110020149B0020819F5E16001BB70081
:1091C0006C2000807F3001800020008000B9704753
:1091D0002DE9F84F01218146214C224D224E54E8C1
:1091E000003F2A68306844E80013002BF7D11F497C
:1091F0004B684FF47A7BDFF878A01B1A01270BFB32
:1092000002F8DAF80020A3FB02325A4594BF9044DA
:10921000D84454E8003F2A68306844E80073002BC3
:10922000F7D14B68DAF800C01B1A0BFB02F2A3FB64
:109230000C3CBCF57A7F94BF624402F57A72A2EBD3
:109240000802B2F57A7F06D3B9F1010908F57A78F8
:10925000DFD1BDE8F88F01F053FA0449D9E700BF28
:10926000209B00201C9B0020189B0020001000E089
:10927000149B002008B5F9F72FFEFDF7E7FD01F07C
:109280003FFAFAE7844641EA000313F003036DD185
:10929000403A41D351F8043B40F8043B51F8043BB9
:1092A00040F8043B51F8043B40F8043B51F8043BC0
:1092B00040F8043B51F8043B40F8043B51F8043BB0
:1092C00040F8043B51F8043B40F8043B51F8043BA0
:1092D00040F8043B51F8043B40F8043B51F8043B90
:1092E00040F8043B51F8043B40F8043B51F8043B80
:1092F00040F8043B51F8043B40F8043B51F8043B70
:1093000040F8043B51F8043B40F8043B51F8043B5F
:1093100040F8043B403ABDD2303211D351F8043BFF
:1093200040F8043B51F8043B40F8043B51F8043B3F
:1093300040F8043B51F8043B40F8043B103AEDD2AE
:109340000C3205D351F8043B40F8043B043AF9D2FF
:10935000043208D0D2071CBF11F8013B00F8013BD2
:1093600001D30B8803806046704700BF082A13D3DF
:109370008B078DD010F003038AD0C3F10403D21AF7
:10938000DB071CBF11F8013B00F8013B80D331F82B
:10939000023B20F8023B7BE7043AD9D3013A11F8AB
:1093A000013B00F8013BF9D20B7803704B78437016
:1093B0008B7883706046704701F1FF3C70B566465C
:1093C000002400E00134B0FBF2F502FB1503092B89
:1093D00003F1370E03F130035FFA8EFE98BF5FFA98
:1093E00083FE9042284606F801EFEBD2631C002270
:1093F000C818CA547CB162461CF8015F10F8016DB0
:10940000A1EB0C0302328CF80060013B521A05708C
:1094100023449A42EFDB084670BD00BF72B6EFF3FB
:109420000583524CC4F884301EF0040F0CBFEFF3D8
:109430000882EFF309824FF0E0234D4E4D4DD3F8F3
:10944000280DD3F82C1DC4E92201D3F8341DD3F81C
:10945000383DC4E924139369C4F89830D369C4F83B
:109460009C3000F0BDF884ED280A01F0A1FA0B2130
:109470004FF0FF32C4F8A4000B46C4F880103E49F8
:10948000301D5A40202402F00103013C01FB03F38C
:1094900083EA5202F7D1A84202D073680646EFE78A
:1094A000324BC3F8A820BFF34F8F4FF0E023304971
:1094B000324AC3F8701FC3F8702FBFF34F8FBFF34A
:1094C0006F8F2F4A02252F48D36E2F4943F4405304
:1094D000D3660560D3692D4823F07F0343F0400332
:1094E000D3610B6883423DD8264D00214FF0E02325
:1094F0004FF0FF3229600126C5F808112449C5F84C
:109500000011C5F80861C3F88021C3F88421C3F8AD
:109510008821C3F88C21C3F8902101E000F052F9B2
:10952000D5F80C31002BF9D00134C5F80C614F2C63
:10953000F4D9184B022018494FF00042C1F84001FD
:109540005A63D5F80C313BB9144815490D4A0163EB
:10955000D2F80C31002BFAD04FF0E023114AC3F8B7
:109560000C2DFEE7FFF7BAFCBEE700BF00FF272087
:1095700080FF2720A8FF27202083B8EDA0FF272009
:1095800000C00F4000400840CC110020803DCD0BB2
:10959000009F240000900D4000002E4000800F40EE
:1095A000F100AD0B0400FA050A490A6838B108B5A4
:1095B00013180948834204D810460B6008BD1046B2
:1095C000704702F04DFB0C234FF0FF320360104652
:1095D00008BD00BFB415002000002820FFF71EBF03
:1095E000124AD2F880305B07FBD5D2F880301048A1
:1095F000C3F30B230F4990ED007A07EE903A91EDFB
:10960000006AB8EE477A0C4AF8EEE77A0B4BD2EDD7
:10961000006A77EEC77A93ED007AB8EE477A67EE84
:10962000867A87EEA60A37EE400A704700810D4021
:10963000049B00200C9B0020109B0020089B002016
:10964000836BF0B41BB1536843F40043536072B6AC
:10965000446B3CB31A4B2260D3F8B0410C421DD18D
:10966000184E776804E07468E41BB4F5166F0BD2EB
:10967000D3F8404144F48044C3F84041D3F8B85192
:10968000D3F840416404EED50D4007D10C4CC0E93D
:109690000225D4F8B0310B43C4F8B031426362B64E
:1096A000F0BC7047064DC0E90224D5F8B0310B4339
:1096B000C5F8B0310263426362B6F0BC704700BFC8
:1096C00000002E40001000E070B5056B9DB106460D
:1096D0002A46002403E012680134012A0CD05368A2
:1096E00013F08003F7D032632CB12846B36B2D689A
:1096F0009847013CF9D170BDC6E90C33F4E700BFCF
:1097000030B4D9B91F4C204B0021204A01254FF01D
:10971000011099601D60C4E9023180245C60C2F8C8
:10972000BC01D2F8B0311A482B43C2F8B031016005
:10973000D2F8B031002BFBD130BC70470904154B77
:10974000104C012541F080019860104A596000F5E5
:1097500080511D60D96000F50051A364196100F5C6
:10976000405100F58040596100219861E164D2F8D0
:10977000B03143F48033C2F8B031D2F8B031002BAD
:10978000FBD1C0E700000020C01E002000002E40DA
:10979000689A0020E01E0020084901220B7802FA96
:1097A00000F023EA0000087030B9054AD2F84831C9
:1097B00023F08003C2F84831704700BF4A9B002065
:1097C00000002E402DE9F04F974C83B0D4F844713F
:1097D000FB07C4F8447153D5D4F8AC21002A4AD011
:1097E000924EDFF860A2DFF87492DFF874B2DFF80F
:1097F0007482C4F8AC21D6E90A20D4F8403143F48D
:109800000053C4F84031D4F840319D04F5D5D4F864
:10981000403123F40053C4F840314FF00113C4F831
:10982000B431D4F8B45115F00115FAD193B284468D
:10983000CAF80050B3F5086F00F0CF8100F2DB806A
:1098400040F202318B4200F0E78100F29A80822BD5
:1098500000F0CB81B3F5817F40F08A8010F0780F63
:1098600083B200F003824FF00113C4F8C031D4F882
:10987000AC21002ABDD16C4AD2F8BC31002B42D1B8
:109880007E0616D5684BD3F8AC21C3F8AC21D3F8CB
:10989000BC21C3F8BC21D3F8B041002CFBD14FF060
:1098A000FF32C3F8B421D3F8843100F02DFD604BB2
:1098B0001C60FC0103D55F4B1B6803B19847B801DE
:1098C00003D55D4B1B6803B19847790708D5564B04
:1098D000D3F8843113F4007347D0584B01221A7027
:1098E000514BD3F848311A060AD53B0608D5544ADD
:1098F00013782BB1013BDBB21370002B00F07282A6
:1099000003B0BDE8F08F4F49C2F8BC31086803428C
:1099100040F0D181464A14681C40B1D05FEA144837
:1099200010D0424E4FF0010998FAA8F5B5FA85F526
:1099300006EBC51009FA05F54030FFF7C5FE38EA19
:109940000508F1D1A4B2002C9AD0384E4FF001088E
:1099500094FAA4F5B5FA85F506EBC51008FA05F5F5
:10996000FFF7B2FEAC43F3D18AE7344A1370B7E78E
:10997000802B7FF478AF344802210580FFF7C0FECA
:1099800075E7B3F5A06F00F00B81A3F5D063012B51
:109990003FF669AF2D4B5D68002D3FF464AF1FFAB1
:1099A0008CFC4FEA124E04E01D690C33002D3FF48D
:1099B0005AAF1A887245F7D15A886245F4D14FEAF6
:1099C0001E22032A00F0A5811A89000C824228BFBA
:1099D0000246BEF5007F40F0A181184B1C49187863
:1099E0001C4B0192002818BF19461B48FFF74AFC80
:1099F000194D019AE1E142F221218B427CD033D909
:109A000042F221318B4200F081804FF6C0018B423F
:109A10007FF429AF10F47F4F83B27FF424AF43F477
:109A20006E4363F30F0CB5E700002E4000000020EA
:109A30006C9A0020309B0020349B0020509B00201B
:109A4000519B0020689A0020CC9A00201C10002016
:109A50007C200060E020006000002420609A00204C
:109A60005DCFC6B8C0012E40B3F5106F66D042F28C
:109A700021018B427FF4F7AE030C072B7FF4F3AE8A
:109A8000B24BB349F560D960B249B360C3F80890EE
:109A9000C1E9002001221A60AF4A5A60AF4A1A6138
:109AA000D4F8B01141F00101C4F8B01102F58051B1
:109AB00002F5005259619A61D4F8B031002BFBD104
:109AC000A74AF36493600123B264136048F28003F1
:109AD00053604FF00113C4F8BC31D4F8B03143F4F3
:109AE0008033C4F8B0314FF48033CAF80030D4F872
:109AF000B031002BFBD1BAE680B238B9994BC2F332
:109B000007421968984B1960984B1A70944B0022C1
:109B10009A60F2640122B3641A6080225A604FF0A6
:109B20000113C4F8BC31D4F8B03143F48033C4F825
:109B3000B031D4F8B031002BFBD198E6C2F3074224
:109B40008B4B1A708B4BC4F8C8318B4BC4F8CC319B
:109B50008A4BC4F8D03100F0D9FB802229468848CE
:109B600001F0E8FF874B8022C6F8A0B0C6F8E030CD
:109B70007B4BF5645A600122B3649D601A604FF01C
:109B80000113C4F8BC31D4F8B03143F48033C4F8C5
:109B9000B031CAF80050D4F8B031002BFBD166E6E2
:109BA0006F4B0121F564196080219D60B364596099
:109BB0004FF00113C4F8BC31D4F8B03143F4803312
:109BC000C4F8B031D4F8B031002BFBD1130C5B06D4
:109BD00043F08073C4F8543149E6654B01216A486B
:109BE0001B780370FFF78CFD41E683B210F078001C
:109BF0007FF439AE03F07F0258F82210624A1080D9
:109C0000180600F19E80CB0701D5012313700221B5
:109C10005D48FFF775FD2AE610F0780F83B27FF4F8
:109C200022AE03F07F0213F0800F58F8223014BFE9
:109C300043F4803343F0010348F822300022484BBC
:109C4000F2649A600122B3641A6080225A604FF075
:109C50000113C4F8BC31D4F8B03143F48033C4F8F4
:109C6000B031D4F8B031002BFBD100E603F07F0215
:109C700013F0800F58F8223014BF23F4803323F000
:109C8000010348F822300022354BF2649A60012229
:109C9000B3641A6080225A604FF00113C4F8BC31DB
:109CA000D4F8B03143F48033C4F8B031D4F8B031D3
:109CB000002BFBD1DBE50020086026490C884868B2
:109CC00042F221018C427FF425AE80B200287FF45D
:109CD00021AE2E492E4C03C9A18086284FEA11419E
:109CE0002060A1717FF416AE72B62A48017841F067
:109CF00008010170D2F848110D0605D480200143F7
:109D0000C2F84401C2F8481162B6234A50211170CA
:109D100000E6000C2A78824228BF0246BEF5E06FBA
:109D200044D11E4B1E4D18781E491F4B019200282E
:109D300018BF19462846FFF7A5FA07236B70019A4A
:109D40003BE0C9033FF561AF61E700BFE01E0020C3
:109D500060AA0020802000208000070060BA002058
:109D6000C01E00201C9B00202C9B00204E9B00202E
:109D70004F9B00200200CC00C80002000200C80077
:109D8000800000201993D574CC9A0020609A00209E
:109D9000249B00204A9B0020519B0020509B0020C8
:109DA00000002420E02000607C2000602946104D47
:109DB00001922846FFF766FA019A25F01F03154421
:109DC000BFF34F8F4FF0E021C1F8703F20339D4229
:109DD000FAD8BFF34F8FBFF36F8F05481146FFF7D7
:109DE0008FFC44E50320FFF7D7FC02F059FB00BFCE
:109DF000000024202DE9F0471F46831E022B01D9C5
:109E0000BDE8F087DFF84C9015460C463C2209EB84
:109E1000C01806464FEAC01A002108F104002404C5
:109E200001F088FEB5FA85F20123520944EA427432
:109E300049F80A40C8F83870C8F80830002FDFD059
:109E4000034AB34011680B431360BDE8F08700BFBD
:109E50006C9A0020000000202DE9F0470D46811E7D
:109E6000022901D9BDE8F087C701DFF84C9092467E
:109E7000044640373C2200211E4609EB07082D040A
:109E800008F1040001F056FEBAFA8AF2520945EAD6
:109E9000427249F807200122C8F83860C8F8082043
:109EA000002EDFD0034B10341968A2400A431A6019
:109EB000BDE8F0876C9A0020000000201204816049
:109EC000C36101F5405342F0800210B401244260A6
:109ED00001F50052046001F5805401F58041C46031
:109EE00081615DF8044BC0E904237047831E0A4674
:109EF000022B00D97047064B00F110014FF0010C06
:109F000003EBC0100CFA01F14030FFF799BB00BF22
:109F100000000020831E0A46022B00D97047012151
:109F2000024B814003EBC010FFF78ABB000000200A
:109F300040687047124A134BD2F8200220F07F404D
:109F4000984210B584B002D200EB800040000E4C65
:109F500001A90A22FFF730FA01A90023204611F8CF
:109F6000012B01333AB10A2B20F8022FF7D1162327
:109F7000237004B010BD5B00DBB2237004B010BDD1
:109F800000441F4080969800201A002000F0DCBAA0
:109F900000F0ACBA00F010BB00F0CABA00F066BB2B
:109FA00000F03CBB0846114600F02CBBF8B5144C41
:109FB0004FF0E025134E4FF4003204EB4024124FD3
:109FC00006EB40160346C5F88C2121463A883046F8
:109FD000FFF774FF3B882344BFF34F8FC5F85C4FF6
:109FE0002034A342FAD8BFF34F8FBFF36F8F032003
:109FF0003146FFF78FFF4FF40033C5F80C31F8BD41
:10A0000080002420001F0020389B0020244B2DE9D5
:10A01000F0411C884368C569C3F30E43E41A002C61
:10A0200024DD204920480A780078D3B21F4E8242AE
:10A030001F4807D010F8038036F81870C7F5007273
:10A04000944218D90133002226F81540082B194EE6
:10A0500088BF134626F8152098BFDAB2C554164BB0
:10A060000A701A6814441C60BDE8F0812846BDE8F7
:10A07000F041FFF79BBF07EB4820104922462744D9
:10A08000084401EB4521FFF7FDF80B4A284626F866
:10A09000187013682344BDE8F0411360FFF786BFD2
:10A0A000389B0020479B0020489B0020D89A002026
:10A0B000F89A0020E89A0020D49A002080002420FA
:10A0C0001D4B1A78002A36D102F0FF031B4A127882
:10A0D0008AB32DE9F0411A4D2A8852B3194EC2F5C0
:10A0E0000068194F3278194C07EB421704EBC22471
:10A0F000424638462146FFF7E1FE04EB0802BFF373
:10A100004F8F4FF0E023C3F8704F2034A242FAD8AB
:10A11000BFF34F8FBFF36F8F04203946FFF7E6FE82
:10A1200033780133DBB2032B88BF00233370002365
:10A130002B80BDE8F08170474D9B00204F9B002095
:10A140003A9B00204C9B00200020002080102420FF
:10A150002DE9F04F85B0CDE90110002900F0BF8056
:10A160000023604CDFF89881DFF898A15E4F0093E0
:10A1700001235E4A23705E4B1978B8F8003002EB79
:10A180004119002B40F0A7801E461D469B464846BD
:10A19000FFF7CEFE10F0800000F08C80BFF34F8FF1
:10A1A0009AF8003084F800B005B93E68002B7DD1E4
:10A1B0003B689B1B782B00F287804E4B1B78002B53
:10A1C00074D000F09DFA0122B8F8003015462270D4
:10A1D000002BDCD0464AC3F5006011781A4600EB2C
:10A1E000C120454DC9022844019D954217D20393D1
:10A1F000DDE901512A46FFF745F8039B4FF0404245
:10A200005B1BA8F800303D4BC3F88420BFF34F8F91
:10A21000009800232844237005B0BDE8F08F364B2A
:10A22000CD180299FFF72EF800234FF4006229465B
:10A230004846FFF743FEBFF34F8F05F1200205F5B7
:10A240000063934234BF012340234FF0E02205EB2B
:10A250004313C2F8705F2035AB42FAD1BFF34F8F82
:10A26000BFF36F8F04204946FFF740FE204A137862
:10A270000133DBB2032B84BF00231D4A1370B8F8EF
:10A280000030019AD11A009A1A4401910092029A60
:10A290001A4400230292194AA8F80030C2F8843008
:10A2A000BFF34F8F237000297FF462AF009805B091
:10A2B000BDE8F08F4FF400620D4B8AF8000019786A
:10A2C0001346A8F800208AE7012300988AF8003096
:10A2D00005B0BDE8F08F1A46C3F500607FE701982E
:10A2E000E5E700BF4D9B00201C9B002000200020C4
:10A2F0004C9B00204F9B00208010242000002E400B
:10A300003A9B00204B9B0020704700BF2D4B002143
:10A3100080222D4870B51B7800242C4D8B422C4E8A
:10A320000CBF40234FF400732B80338001F002FCFC
:10A33000284A2146284B14704FF4807227481C800D
:10A3400001F0F8FB264A1021264B0220C2E9004406
:10A35000C2E90244244AC3E900441470234AC3E911
:10A360000244234B1C70234614602246FFF774FD01
:10A370002246318803201F4BFFF73CFD2346012274
:10A3800029880420FFF768FD20460134FFF70EFE00
:10A39000082CF9D1184B00214A221848184C0460A7
:10A3A000C3F88410C3F88020D3F84821154942F03F
:10A3B0008072C3F8482121B1134A137843F0010396
:10A3C000137070BD509B0020002000203C9B00209B
:10A3D000389B00204C9B00203A9B0020001F00204F
:10A3E000D89A0020E89A0020479B0020D49A0020A9
:10A3F000489B0020BD7E000000002E40309B0020C6
:10A40000717F000000000000529B00202DE9F04FFA
:10A410004FF0E0234FF40032DFF8C8A083B0C3F858
:10A420008C218B469AF8004000294FD08046E4B238
:10A430000027DFF8B490264BABEB070225491B78C9
:10A44000A34204F101043FD0092C234B404628BF0E
:10A4500000241E5D39F816C00CEB462319441F4B2F
:10A4600033F81650A5EB0C05AA421CD20CEB462C77
:10A4700018491B4C61440192FEF704FF216839F82A
:10A4800016505846019AA1EB0B012A44394429F889
:10A49000162021604FF0E0234FF40032C3F80C2166
:10A4A00003B0BDE8F08F2A462F44FEF7EBFE0C49BF
:10A4B000E3B230460A68A844521B0A608AF80030AA
:10A4C000FFF774FDBB45B6D83846E3E70846E1E739
:10A4D000479B002080002420F89A0020D89A002072
:10A4E000D49A0020489B0020E89A00200B4B0C4A8D
:10A4F00012781978D3B28A420DD0013309480A4A3A
:10A50000092B0A4928BF0023C35C31F8131002EB62
:10A510004323585C70474FF0FF307047479B002043
:10A52000489B0020F89A002080002420E89A002010
:10A53000044B10B51C680CB1204610BD00F0E0F8CB
:10A54000204610BDD49A00202DE9F84F144E154D29
:10A5500033782A78934221D0DCB2DFF85090DFF8CC
:10A5600050B0DFF85080104F0134082C5FFA84FAA5
:10A5700001D90024A24619F80400DBF8003038F8AD
:10A58000102037F81010521A9B1ACBF80030FFF742
:10A590000DFD86F800A02B78A342E5D1BDE8F88F29
:10A5A000489B0020479B0020E89A0020F89A002052
:10A5B000D49A0020D89A002000B583B001210DF173
:10A5C0000700FFF723FF20B19DF8070003B05DF8F7
:10A5D00004FB4FF0FF30F9E7094B00B583B01B785F
:10A5E0008DF807003BB101210DF10700FFF7B0FD29
:10A5F00003B05DF804FB03F0FF0003B05DF804FB5B
:10A600004F9B0020044B1B7803F0FF020BB1FFF7B8
:10A610009FBD1046704700BF4F9B00202DE9F041C1
:10A620000024DFF8448001230D4D27460D4E88F8A5
:10A630000030337828462035A34204F1010405D0C8
:10A64000FFF776FC030658BF07F50067042CF0D12E
:10A65000BFF34F8F0023384688F80030BDE8F08103
:10A66000002000204C9B00204D9B00202DE9F8434A
:10A670001D4B1B7813B11D4D2A880AB9BDE8F8831C
:10A680001B4EC2F500691B4933784A461A4C01EB50
:10A6900043181A4F04EBC324012340463B70214664
:10A6A0000023FFF70BFC04EB0902BFF34F8F4FF0C1
:10A6B000E023C3F8704F2034A242FAD8BFF34F8F83
:10A6C000BFF36F8F04204146FFF710FC337801334E
:10A6D000DBB2032B88BF0023337000232B80BFF332
:10A6E0004F8F3B70BDE8F8834F9B00203A9B0020C2
:10A6F0004C9B002000200020801024204D9B002037
:10A700002DE9F8432D4B1E7866B12D4F3B784BB9A0
:10A710000123F1073B7043D4B20726D400233B70DA
:10A72000730701D4BDE8F883264B1A68002AF9D0D4
:10A73000EFF30582002AF5D1EFF3108572B61868A1
:10A74000002834D0204C2178002930D101222270F9
:10A7500042691A60002A2ED0916105B962B60025BF
:10A760008368457798472570DCE7DFF8648098F8C0
:10A770000030002BD2D00025DFF858902B4659F836
:10A7800023400135236820461B69984710B163694F
:10A790009B68984798F80020EBB29A42EFD8BDE743
:10A7A000FFF7C6FE0028B7D0AFF30080B4E7002D56
:10A7B000B8D162B6B6E7054B1A60CEE7529B0020CF
:10A7C000449B002010730020429B00201C7300203B
:10A7D000439B00202073002070B5EFF3108272B607
:10A7E0000C4C206880B10C4E00254369236073B186
:10A7F0009D6102B962B6836845779847EFF310828E
:10A8000072B620680028F0D102B962B670BD33601C
:10A81000EFE700BF1873002014730020FFF7DCBFC0
:10A820000449054A4968054B1960136801331360F0
:10A83000704700BF001000E01C9B0020189B002008
:10A8400000230F2248F2B82C194610B54FF470447B
:10A850004FF4806EA0F88C414FF46044A0F88E2134
:10A860000A46A0F89031B0F888319BB243F0F0036B
:10A87000A0F8883101EB4103013100EB43130429B7
:10A880009C80A3F806E05A841A865A805A81A3F85D
:10A890000EC05A82DA825A83DA83EBD1B0F888315B
:10A8A0009BB243F00F03A0F88831B0F888319BB217
:10A8B00043F47063A0F8883110BD00BF374B384AAD
:10A8C000996F384841F47F0170B5996741F20106EC
:10A8D000D3F8801045F6C05543F226040A43C3F866
:10A8E0008020FFF7ADFF00F58040FFF7A9FF00F5DE
:10A8F0008040FFF7A5FF00F58040FFF7A1FF002291
:10A90000A0F503104FF00F0E114600EB42134FEA73
:10A91000421C01329981042A5981A3F80EE09E82DB
:10A92000DD8020F80C1019829C81EED100221E4897
:10A930004FF00F0E41F20106114645F6C05543F2A5
:10A94000260400EB42134FEA421C01329981042A8B
:10A950005981A3F80EE09E82DD8020F80C10198248
:10A960009C81EED1002211480F2641F201051146CB
:10A9700045F6C05443F2260E00EB42134FEA421C48
:10A9800001329981042A5981DE819D82DC8020F880
:10A990000C101982A3F80CE0EED170BD00C00F407E
:10A9A000000003FC00C03D4000001E4000401E406F
:10A9B000074A506A936A19468446506A936A9942D4
:10A9C000F9D18445F7D1DB0B43EA4040704700BF23
:10A9D00000400D4008B5D0E900325BB1BAB10F4B71
:10A9E000A3FB0213DB0803EB4303B2EB83030AD19F
:10A9F000012008BD094BA3FB0213DB0803EB430353
:10AA0000B2EB830301D0D21A4260F02AF0D801F0F1
:10AA100027F91C22034600201A6008BDABAAAAAA87
:10AA200070B5044638B319B1B2FA82F67609A2B904
:10AA3000206800B36268F2B1184B194902FB03F3B6
:10AA4000B1EBB30F17D3A368E3B90022012322604F
:10AA50006260A260E260184670BD1D46049BC0E9BA
:10AA60000012C360FFF7B6FF03460028F3D06DB9AC
:10AA70000123184670BD01F0F3F81622002302608E
:10AA8000184670BD002101F055F8DEE762683146D6
:10AA90002068A56001F04EF80123DCE7ABAAAAAA62
:10AAA0005555551503460846194600F0A5BF00BF89
:10AAB00053B94AB9002908BF00281CBF4FF0FF3125
:10AAC0004FF0FF3000F070B9ADF1080C6DE904CE25
:10AAD00000F006F8DDF804E0DDE9022304B0704779
:10AAE0002DE9F047089E0D4604460F46002B4AD13B
:10AAF0008A42944665D9B2FA82F343B102FA03FC62
:10AB0000C3F120029F4020FA02F217439C404FEA13
:10AB10001C4E1FFA8CF5B7FBFEF1220C0EFB1177D1
:10AB200042EA074201FB05F090420AD91CEB0202FF
:10AB300001F1FF3780F01C81904240F21981023907
:10AB40006244121AA4B2B2FBFEF00EFB102244EAD9
:10AB5000024400FB05F5A5420AD91CEB040400F1F0
:10AB6000FF3280F00781A54240F20481644402383C
:10AB700040EA0140641B00211EB1DC400023C6E90D
:10AB80000043BDE8F0878B4208D9002E00F0ED802D
:10AB90000021C6E900050846BDE8F087B3FA83F155
:10ABA000002949D1AB4202D3824200F2F880841AD4
:10ABB00065EB030201201746002EE2D0C6E90047EC
:10ABC000DFE702B9FFDEB2FA82F3002B40F090809B
:10ABD0008A1A4FEA1C471FFA8CFE0121B2FBF7F5D7
:10ABE00007FB1520220C42EA00420EFB05F09042C2
:10ABF00008D91CEB020205F1FF3802D2904200F2A4
:10AC0000CB804546121AA4B2B2FBF7F007FB102224
:10AC100044EA02440EFB00FEA64508D91CEB0404DE
:10AC200000F1FF3202D2A64500F2BB801046A4EB31
:10AC30000E0440EA05409FE7C1F120078B4022FA4D
:10AC400007FC4CEA030C05FA01F420FA07F3FD4077
:10AC50004FEA1C492343B5FBF9F81FFA8CFE09FBA8
:10AC600018551C0C44EA054408FB0EF5A54202FAEF
:10AC700001F200FA01F00BD91CEB040408F1FF3AD1
:10AC800080F08880A54240F28580A8F102086444E3
:10AC9000641B9DB2B4FBF9F309FB134445EA044479
:10ACA00003FB0EFEA64508D91CEB040403F1FF3597
:10ACB0006CD2A6456AD9023B644443EA0843A3FB2D
:10ACC0000295A4EB0E04AC42C846AE4656D353D010
:10ACD00056B1B0EB080264EB0E0404FA07F7CA4061
:10ACE000CC401743C6E9007418460021BDE8F08740
:10ACF000C3F1200102FA03FC20FA01F225FA01F166
:10AD00009D402A434FEA1C471FFA8CFEB1FBF7F027
:10AD100007FB1015110C41EA054100FB0EF58D42B1
:10AD200004FA03F408D91CEB010100F1FF382FD21B
:10AD30008D422DD902386144491B92B2B1FBF7F51F
:10AD400007FB151142EA014205FB0EF1914208D9B9
:10AD50001CEB020205F1FF3816D2914214D9023DD4
:10AD60006244521A45EA004138E73146304608E766
:10AD70003946E6E61046FBE64845A9D2B9EB02089B
:10AD800065EB0C0E013BA3E74546EAE72B4694E74B
:10AD90004046D1E7D0467BE7023D624432E70846B1
:10ADA0000AE76444023842E7704700BF0A220021E4
:10ADB00000F066BD024B0146186800F00BB800BFFA
:10ADC000CC190020024B0146186801F063BA00BF9D
:10ADD000CC1900202DE9F04F01F10B06162E83B09F
:10ADE000044624D8102900F2BA8000F0A3FA1026F5
:10ADF00018220220B54F3A44A2F1080153688B4251
:10AE000000F0BA805A68D96822F003021A449D689B
:10AE1000E9608D60516841F001012046516003F105
:10AE2000080500F08DFA284603B0BDE8F08F36F033
:10AE3000070600F19480B14200F2918000F07AFAA6
:10AE4000B6F5FC7FC0F09A81730A00F08F80042B66
:10AE500000F26F81B30903F1390003F1380CC3002C
:10AE60009A4F3B44A3F108055B689D4206D10CE074
:10AE7000002980F22781DB689D4206D05A6822F0C3
:10AE80000302911B0F29F3DD60463D69DFF850C2D4
:10AE900065457CD06A6822F00302931B0F2B00F3F8
:10AEA0007B81002BC7E904CC80F26C81B2F5007F76
:10AEB00080F01A81D308796801334FEA521E0122CB
:10AEC00002FA0EF20A4357F833E0C5F808E007EB40
:10AED000C3010839E9607A6047F83350CEF80C5066
:10AEE000831001219940914257D8114206D120F098
:10AEF00003004900114200F10400FAD007EBC00939
:10AF00004D468646D5F80C80454508D11DE1002BFD
:10AF100080F22481D8F80C80454500F01681D8F8DD
:10AF2000042022F00302931B0F2BF0DD2046D8E90A
:10AF3000025408EB060146F00106C8F80460EC6014
:10AF4000A56043F00104C7E90411C1E902CC4C60DB
:10AF500048F8023000F0F4F908F1080502E00C238B
:10AF600023600025284603B0BDE8F08F4FF400733E
:10AF700040204FF03F0C73E7D3689A4208BF02307D
:10AF80007FF440AF3D69DFF858C1654582D17A68EA
:10AF90008310012199409142A7D9BD686B6823F0C5
:10AFA00003094E4503D8A9EB06030F2B7ADCDFF823
:10AFB00034B1474BDBF800201B680132334405EB0A
:10AFC000090A00F0338103F580530F3323F47F68BF
:10AFD00028F00F084146204600F030FE411C024692
:10AFE00000F0F380824500F2EE803A4B196841444C
:10AFF0001960084600F04E81DBF800100193013122
:10B000001BBFA2EB0A010918CBF80020196012F04F
:10B01000070B00F01781CBF108010A44CBF58051F2
:10B0200090440831A1EB0801C1F30B0A51462046B8
:10B03000009200F003FE421CDDE9002300F04F8186
:10B04000801A00EB0A081968BA6048F00100514400
:10B05000BD425060196000F02981B9F10F0F40F234
:10B0600027816868A9F10C0C2CF0070C00F0010096
:10B0700040EA0C0068604FF0050E05EB0C00BCF1D7
:10B080000F0FC0E901EE00F2328150681546124BF5
:10B090001A688A4238BF1960104B1A688A4238BF52
:10B0A000196094E0AA1943F0010346F001066E60AE
:10B0B0002046BA60536000F043F90835284603B0D3
:10B0C000BDE8F08FD9681A44A1E600BFBC15002086
:10B0D00024990020F49800201C9900202099002039
:10B0E000C4150020C4190020B2F5206F4FEA522386
:10B0F00063D3142B00F2B78003F15C01C9005B330A
:10B1000007EB010E7958AEF1080E8E4500F09180E4
:10B110004B6823F00303934202D989688E45F7D127
:10B12000D1F80CE07A68C5E9021ECEF80850CD606F
:10B13000D6E6142B59D9542B00F29D80330B03F122
:10B140006F0003F16E0CC3008AE60EF1010E1EF0D3
:10B15000030F05F108057FF4D5AE51E042444546A2
:10B160005368D8F80C1043F00103536055F8083FBA
:10B170002046D9608B6000F0E3F8F3E6F00806F1B2
:10B18000080237E62A442046536843F0010353601F
:10B19000083500F0D5F8E5E6A919204646F0010685
:10B1A00043F001046E60C7E90411C1E902CC4C60B0
:10B1B000AB5000F0C5F80835D4E6930903F1390126
:10B1C000C90038339CE7BD425FD0BD68686820F095
:10B1D00003084645A8EB060302D80F2B3FF762AFE2
:10B1E000204600F0ADF80025BCE603F15C0003F159
:10B1F0005B0CC30034E659F808394B4540F09680A3
:10B2000010F0030F00F1FF30F5D17B6823EA010352
:10B210007B60490099423FF6C0AE19B9BDE64900CE
:10B220000EF1040E1942FAD0704667E603F11008D9
:10B23000D0E69A104FF001087B6808FA02F21A4330
:10B240007A6070E702EB08014942C1F30B0A5146EC
:10B250002046009200F0F2FC431CDDE900237FF45D
:10B26000EFAEDA46EFE6542B25D8130B03F16F014E
:10B27000C9006E3344E7B3F5AA7F25D8F30B03F179
:10B28000780003F1770CC300EAE5294B18684044C5
:10B290001860B1E6CAF30B0CBCF1000F7FF4ACAE42
:10B2A000BD68C84448F001006860F0E61546EEE667
:10B2B0000123536094E7B3F5AA7F23D8D30B03F19E
:10B2C0007801C90077331BE740F25452934223D8E8
:10B2D000B30C03F17D0003F17C0CC300C0E5ABF1BE
:10B2E000080BD844A8EB02084FF0000AABE605F1C2
:10B2F00008012046009300F0CDFFBD68009B686800
:10B300001968C4E640F254518B420BD8930C03F1F8
:10B310007D01C9007C33F3E64FF47E737F204FF04C
:10B320007E0C9DE54FF47E717E23E9E67B6870E735
:10B33000F4980020014800F0BDBC00BFF098002048
:10B34000014800F0B9BC00BFF098002010B4044CD4
:10B3500003460A4620685DF8044B194600F002B81F
:10B36000CC1900202DE9F84F1746002900F09880ED
:10B370000C4607F10B058046FFF7DCFF162D54F84D
:10B38000041C5BD810252A46AF425CD821F0030686
:10B390009642A4F1080962DABC4BD3F808C009EB65
:10B3A0000600844500F09780D0F804C02CF001031B
:10B3B00003445B68DB0768D42CF0030C06EB0C033A
:10B3C000934247DACB0710D454F8083CA9EB030AA0
:10B3D000DAF8043023F003018C44B444944580F23D
:10B3E00011817318934280F2E88039464046FFF796
:10B3F000F1FC0746E0B154F8043C23F001034B4450
:10B40000A0F10802934200F0D280321F242A00F2F9
:10B41000F580132A00F2AC800346224611681960B9
:10B420005168596092689A602146404600F032FFA8
:10B430004046FFF785FF3846BDE8F88F25F0070541
:10B44000002D2A46A0DA0C23C8F800300027384621
:10B45000BDE8F88F1E46D0E90223D3609A60731BC3
:10B460000F2B22D8D9F8043003F0010333434E44A4
:10B47000C9F80430736843F00103736040462746FF
:10B48000FFF75EFF3846BDE8F88FC907ADD454F822
:10B49000083CA9EB030ADAF8041021F00301A0E745
:10B4A000BDE8F84F1146FFF795BCD9F8042009EB29
:10B4B000050102F001024E4443F001032A43C9F89A
:10B4C00004204B60736843F0010308317360404609
:10B4D00000F0E0FED2E7DCF8040020F0030B06EBFE
:10B4E0000B0C05F1100084454DDAC9073FF57DAF1F
:10B4F00054F8081CA9EB010ADAF8041021F0030142
:10B500008B44B34458453FF76CAF5746DAF80C10FC
:10B5100057F8080F321F242AC160886000F2DB80D0
:10B52000132A40F2D6802168CAF808106168CAF868
:10B530000C101B2A00F2DF8008340AF11002216887
:10B54000116061685160A16891600AEB0501ABEB85
:10B55000050242F0010299604A60DAF8043003F013
:10B5600001032B434046CAF80430FFF7E9FE6EE7BB
:10B5700023680360636843601B2A68D804F10802EB
:10B5800000F108034AE709EB05029A60ACEB0503FA
:10B5900043F00103536054F8043C03F001032B43D0
:10B5A000404644F8043CFFF7CBFE27464FE750F8EF
:10B5B000043C23F003031E4451E75746DAF80C100D
:10B5C00057F8080F321F242AC16088604CD8132A0C
:10B5D00048D92168CAF808106168CAF80C101B2AFB
:10B5E00056D808340AF110021E46236813606368B7
:10B5F0005360A3689360D1463C4630E7214600F093
:10B600001DFA11E7D0E902135746CB60996057F84D
:10B61000081FDAF80C30CB60321F242A99602DD82D
:10B62000132A29D92368CAF808306368CAF80C308D
:10B630001B2A42D808340AF1100322681A60626893
:10B640005A60A2689A606646D1463C4607E7A368FE
:10B650008360E368C360242A26D004F1100200F15D
:10B660001003DBE63A46BFE7214638461E46D14680
:10B6700000F0E4F93C46F2E63B46DEE72146384678
:10B680006646D14600F0DAF93C46E8E6BC150020F3
:10B69000A168CAF81010E168CAF81410242A20D052
:10B6A00010340AF118029FE723690361616941615F
:10B6B00004F1180200F11803B0E6A368CAF81030CC
:10B6C000E368CAF81430242A21D010340AF1180390
:10B6D000B3E73A4633E72146384600F0AFF9164B58
:10B6E00033E72269CAF818206269CAF81C201834A6
:10B6F0000AF1200278E7A168CAF81010E168CAF8D8
:10B700001410242A0DD010340AF1180217E7236907
:10B71000CAF818306369CAF81C3018340AF12003DB
:10B720008BE72269CAF818206269CAF81C2018340D
:10B730000AF1200203E700BFBC150020012B2DE910
:10B74000F84F40D0242B98463DD84C4D8E46764637
:10B750001EF801BB15F80B4014F00804F7D1BBF13B
:10B760002D0F72D0BBF12B0F08BF9EF800B06FF009
:10B77000004908BF06F1020E002B42D0102B57D013
:10B78000B9FBF8F700252E4608FB179A05E033D0E1
:10B7900008FB06C601251EF801BBABF1300CBCF15D
:10B7A000090F06D9ABF1410CBCF1190F12D8ABF15E
:10B7B000370C634517DDB5F1FF3FECD0B742E6D259
:10B7C0004FF0FF35E7E700F04BFA16230360002047
:10B7D000BDE8F88FABF1610CBCF1190F03D8ABF1E8
:10B7E000570C6345E7DC6B1C27D08CB90AB1A5BBAD
:10B7F00011603046BDE8F88FE245C9DA4FF0FF35F9
:10B80000C9E7BBF1300F05D04FF00A084346B7E750
:10B810007642EBE79EF8003003F0DF03582B21D18E
:10B820004FF010089EF801B043460EF1020EA7E754
:10B83000BBF1300F1AD09846A2E72223036072B101
:10B840000EF1FF314E461160D3E79EF800B04FF085
:10B85000004906F1020E01248EE7B146F0E74E469C
:10B860003046C7E74FF00808434689E79EF8005086
:10B8700005F0DF05582DD3D0984681E7750B0020E1
:10B8800010B4054C8446134620685DF8044B0A4604
:10B890006146FFF753BF00BFCC1900202DE9F047E8
:10B8A00007464C480E46354616F801EB10F80EC018
:10B8B0001CF0080CF7D1BEF12D0F5AD0BEF12B0FA2
:10B8C00003BF96F800E06446AE1C64465BB1102BE3
:10B8D00054D04FF0FF38B8FBF3F803FB08FA6FEAD7
:10B8E0000A0A994608E0BEF1300F5AD00A23DFF861
:10B8F000E8804FF0050A99460025284605E02CD03F
:10B9000009FB00C0012516F801EBAEF1300CBCF1CB
:10B91000090F06D9AEF1410CBCF1190F0BD8AEF1ED
:10B92000370C634510DDB5F1FF3FECD04045E6D95B
:10B930004FF0FF35E7E7AEF1610CBCF1190F03D80A
:10B94000AEF1570C6345EEDC6B1C0BD004B14042EA
:10B950000AB165B91160BDE8F087D445D0DD4FF07C
:10B96000FF35D0E722233B602846002AF3D0711E22
:10B97000F0E796F800E00124AE1CA7E7BEF1300F17
:10B9800021D1307800F0DF00582816D14FF010098F
:10B9900096F801E04FF00F0A02366FF070484B4600
:10B9A000AAE7337803F0DF03582BEFD008234FF0DA
:10B9B000070A6FF0604899469EE799466FF0704815
:10B9C0004FF00F0A98E74FF00F0A6FF07048994652
:10B9D00092E700BF750B00209999991910B4054C96
:10B9E0008446134620685DF8044B0A466146FFF71B
:10B9F00055BF00BFCC19002013460A46014602205D
:10BA000000F0B4BB024B1844407800F008007047C7
:10BA1000740B0020034B1B5C03F00303012B08BFD6
:10BA200020307047750B0020034B1B5C03F00303B1
:10BA3000022B08BF20387047750B002088420DD9B3
:10BA40008B1883420AD900EB020CBAB1624613F894
:10BA500001CD02F801CD9942F9D170470F2A0ED8D5
:10BA6000034602F1FF3C4AB10CF1010C013B8C444E
:10BA700011F8012B03F8012F6145F9D1704740EA15
:10BA800001039B0750D1A2F1100370B501F1200C06
:10BA900023F00F0501F1100E00F11004AC441B0956
:10BAA0005EF8105C44F8105C5EF80C5C44F80C5CCA
:10BAB0005EF8085C44F8085C5EF8045C44F8045CDA
:10BAC0000EF1100EE64504F11004E9D1013312F035
:10BAD0000C0F01EB031102F00F0400EB031327D04E
:10BAE000043C24F003064FEA940C1E441C1F8E46AF
:10BAF0005EF8045B44F8045FB442F9D10CF1010430
:10BB000002F0030203EB840301EB840102F1FF3C2A
:10BB10004AB10CF1010C013B8C4411F8012B03F8E4
:10BB2000012F6145F9D170BD02F1FF3C03469BE74F
:10BB30002246EBE7830730B548D0541E002A3FD099
:10BB4000CAB2034601E0013C3AD303F8012B9D073A
:10BB5000F9D1032C2DD9CDB245EA05250F2C45EAA4
:10BB6000054536D9A4F1100222F00F0C03F1200E86
:10BB7000E6444FEA121C03F1100242E9045542E97F
:10BB8000025510327245F8D10CF1010214F00C0F7D
:10BB900003EB021204F00F0C13D0ACF1040323F0FA
:10BBA00003030433134442F8045B9342FBD10CF0CB
:10BBB00003042CB1C9B21C4403F8011B9C42FBD105
:10BBC00030BD64461346002CF4D1F9E70346144611
:10BBD000BFE71A46A446E0E740EA01039B0730B5F9
:10BBE00001D1032A0FD8844601F1FF3E07E01EF879
:10BBF000011F03F8011B541EC1B19C462246634637
:10BC0000002AF4D130BD0B468446194653F8045B34
:10BC1000A5F1013424EA050414F0803FE4D1043A8C
:10BC2000032A4CF8045B1946EFD8DDE79444002C56
:10BC3000E8D003F8011B6345FBD130BD38B5074D93
:10BC40000022044608462A60FDF7AEFC431C00D0E3
:10BC500038BD2B68002BFBD0236038BD709A0020C4
:10BC6000014B1868704700BFCC19002070B50D4E0D
:10BC70000D4D761BB61006D0002455F8043B013458
:10BC80009847A642F9D1094E094D761B00F010FCE9
:10BC9000B61006D0002455F8043B01349847A6425C
:10BCA000F9D170BD501F0060501F0060581F006028
:10BCB000501F0060704700BF704700BF00000000C9
:10BCC0000000000000000000000000000000000074
:10BCD000A2EB0300704700BF02780B78012A28BF4F
:10BCE0009A42F5D16DE9044540EA0104CDE90267C5
:10BCF0006FF0000C4FEA447212B380EA010414F0B2
:10BD0000070F6AD100F0070420F0070004F00305D4
:10BD100021F007014FEAC505F0E8042314F0040FF1
:10BD2000F1E804670CFA05F462EA040266EA040624
:10BD30000AD063EA0403624667EA0407664603E042
:10BD4000F0E80423F1E8046782FA4CF582EA06047D
:10BD5000A4FA8CF46CBB83FA4CF583EA0705A5FAC8
:10BD60008CF595B950E9022351E9026782FA4CF546
:10BD700082EA0604A4FA8CF483FA4CF583EA0705F8
:10BD8000A5FA8CF52543DBD09CB92DBAB5FA85F41C
:10BD900024F0070427FA04F1DDE9026723FA04F32B
:10BDA00003F0FF0001F0FF01FDE80445A0EB0100F6
:10BDB000704724BAB4FA84F424F0070426FA04F194
:10BDC000DDE9026722FA04F202F0FF0001F0FF0150
:10BDD000FDE80445A0EB0100704714F0030F3CD1CF
:10BDE00010F0030428D150F8082B51F8083B82FAD0
:10BDF0004CF582EA0305A5FA8CF55DB950F8042CE0
:10BE000051F8043C82FA4CF582EA0305A5FA8CF558
:10BE1000002DE8D02DBAB5FA85F424F0070423FAF2
:10BE200004F122FA04F202F0FF0001F0FF01FDE844
:10BE30000445A0EB010070474FEAC40420F0030062
:10BE400050F8082B21F0030151F8083B0CFA04F4D8
:10BE500062EA040263EA0403C9E710F003041AD09B
:10BE6000A1EB040120F00300E40750F8042B06D0F6
:10BE70000FD28B785FFAA2F4E41A06D12BB1CB78FB
:10BE80005FFAB2F4E41A00D11BB920465DF8104BFA
:10BE9000704701F1040150F8042BCC0721F0030195
:10BEA00051F8043B48D824D222F07F4482FA4CF562
:10BEB00094EA1325A5FA8CF50AD165B951F8043B2B
:10BEC00084EA0204B4EB036F0ED150F8042BEBE7C5
:10BED0004FEA132355E035F07F454DD10878FDE852
:10BEE0000445C0F1000070474FEA126203F0FF03FF
:10BEF00047E002EA1C4482FA4CF594EA1345A5FA9D
:10BF00008CF50AD165B951F8043B84EA0204B4EB1C
:10BF1000034F0CD150F8042BEBE74FEA134330E00A
:10BF200015EA1C4528D10B884FEA124229E04FEA56
:10BF3000124203EA1C4324E002F0FF0482FA4CF5AB
:10BF400094EA1365A5FA8CF50AD165B951F8043B5A
:10BF500084EA0204B4EB032F09D150F8042BEBE779
:10BF60004FEA13630DE015F0FF0F05D10B684FEAA0
:10BF7000122223F07F4304E04FF00000FDE8044567
:10BF8000704712BA1BBA82FA4CF482EA0304A4FA8C
:10BF90008CF5B5FA85F402FA04F203FA04F34FEAD9
:10BFA0001260FDE80445A0EB1360704780EA0102CF
:10BFB000844612F0030F4FD111F0030F32D14DF828
:10BFC000044D11F0040F51F8043B0BD0A3F10132E2
:10BFD0009A4312F0803F04BF4CF8043B51F8043BF5
:10BFE00016D100BF51F8044BA3F101329A4312F06D
:10BFF000803FA4F101320BD14CF8043BA24312F074
:10C00000803F04BF51F8043B4CF8044BEAD0234670
:10C010000CF8013B13F0FF0F4FEA3323F8D15DF822
:10C02000044B704711F0010F06D011F8012B0CF8EA
:10C03000012B002A08BF704711F0020FBFD031F862
:10C04000022B12F0FF0F16BF2CF8022B8CF80020E9
:10C0500012F47F4FB3D1704711F8012B0CF8012B6C
:10C06000002AF9D1704700BF000000000000000066
:10C0700000000000000000000000000000000000C0
:10C0800000000000000000000000000000000000B0
:10C0900090F800F06DE9024520F007016FF0000C08
:10C0A00010F0070491F820F040F049804FF00004B0
:10C0B0006FF00700D1E9002391F840F000F108008B
:10C0C00082FA4CF2A4FA8CF283FA4CF3A2FA8CF3C3
:10C0D0004BBBD1E9022382FA4CF200F10800A4FA2A
:10C0E0008CF283FA4CF3A2FA8CF3E3B9D1E904237E
:10C0F00082FA4CF200F10800A4FA8CF283FA4CF3B5
:10C10000A2FA8CF37BB9D1E9062301F1200182FA6E
:10C110004CF200F10800A4FA8CF283FA4CF3A2FA74
:10C120008CF3002BC6D0002A04BF04301A4612BA82
:10C13000B2FA82F2FDE8024500EBD2007047D1E985
:10C14000002304F00305C4F100004FEAC50514F014
:10C15000040F91F840F00CFA05F562EA05021CBFE5
:10C1600063EA050362464FF00004A9E72DE9F047B2
:10C17000DFF87CA00646DAF8000098460F469146A4
:10C18000FFF798FD184B1C6824B365681F2D24DC4D
:10C190005EB96B1C0235DAF80000636044F8257064
:10C1A000FFF78AFD0020BDE8F08704EB850101233D
:10C1B000C1F88890D4F88821AB401A43022EC4F805
:10C1C0008821C1F80881E4D1D4F88C211A43C4F83D
:10C1D0008C21DEE7054C1C60D7E7DAF80000FFF79A
:10C1E0006BFD4FF0FF30DEE7589700205C97002092
:10C1F000B0150020F8B5244F0C460646FFF79AF814
:10C20000BB685D68C4F57E610F3125F003054B19ED
:10C2100023F47F6323F00F03A3F58054B4F5805F0C
:10C2200007DB00213046FFF709FDBB682B4498422D
:10C2300004D03046FFF784F80020F8BD6142304654
:10C24000FFF7FCFC01300DD0104ABB682D1B45F0F8
:10C2500001055D60136830461B1B1360FFF770F823
:10C260000120F8BD00213046FFF7E8FCBA68831AC8
:10C270000F2BDEDD43F001035360054B03491B68C0
:10C28000C01A0860D5E700BFBC150020F498002054
:10C29000C4190020002961D0F8B50C460646FFF706
:10C2A00049F854F8042C7B4FA4F1080522F0010151
:10C2B00005EB010CB868DCF80430604523F003039B
:10C2C00000F08B80D207CCF8043032D454F8082C1C
:10C2D000AD1A1144AA6807F1080082426AD00CEB3B
:10C2E0000304D4F804E0EC68D4601EF0010FA260EF
:10C2F00000F0978041F001036B60CCF80010B1F5BD
:10C30000007F35D27868CB080122490901338A4081
:10C31000024357F833107A6007EBC302083AC5E9C5
:10C32000021247F83350CD603046BDE8F840FFF7C1
:10C3300007B80CEB03025268D00710D4194407F178
:10C340000800DCF80830834273D0DCF80C20DA6097
:10C35000936041F001036B606950D0E7704741F092
:10C360000103B1F5007F44F8043CCCF80010C9D3B8
:10C37000B1F5206F4FEA512348D28B0903F1390000
:10C3800003F13802C300F818FB580838984259D016
:10C390005A6822F003028A4202D99B689842F7D178
:10C3A000D868C5E902308560DD603046BDE8F840F8
:10C3B000FEF7C6BF0CEB03025268D20763D40B44EE
:10C3C000DCE90212CA60916043F001026A60304603
:10C3D000EB50BDE8F840FEF7B3BF0B44D10707D4DC
:10C3E00054F8082CAD1A1344D5E90212CA609160C2
:10C3F00043F001026A60284ABD6012689A4293D8ED
:10C40000264B30461968FFF7F5FE8DE7142B0AD945
:10C41000542B1FD80B0B03F16F0003F16E02C30006
:10C42000B1E719448DE703F15C0003F15B02C3003F
:10C43000A9E741F00103C7E90455C5E902006B60B3
:10C44000695071E779689210012404FA02F20A43F4
:10C450007A60A6E7B3F5AA7F06D8CB0B03F1780084
:10C4600003F17702C3008EE740F25452934206D89C
:10C470008B0C03F17D0003F17C02C30083E74FF4D2
:10C480007E737E227FE741F001036B60CCF80010E1
:10C490004AE700BFBC150020C819002024990020DD
:10C4A0005FF800F0591E00605FF800F02D17006083
:10C4B0005FF800F0011F00600000000000000000B5
:04C4C000F8B500BF0C
:08C4C400E0E5FF7F010000002C
:10C4CC000000000000000000000000000000000060
:10C4DC000000000000000000000000000000000050
:10C4EC000000000000000000000000000000000040
:10C4FC000000000000000000000000000000000030
:10C50C00000000000000000000000000000000001F
:10C51C00000000000000000000000000000000000F
:10C52C0000000000000000000000000000000000FF
:10C53C0000000000000000000000000000000000EF
:10C54C0000000000000000000000000000000000DF
:10C55C0000000000000000000000000000000000CF
:10C56C0000000000000000000000000000000000BF
:10C57C0000000000000000000000000000000000AF
:10C58C00000000000000000000000000000000009F
:10C59C00000000000000000000000000000000008F
:10C5AC00000000000000000000000000000000007F
:10C5BC00000000000000000000000000000000006F
:10C5CC00000000000000000000000000000000005F
:10C5DC00000000000000000000000000000000004F
:10C5EC00000000000000000000000000000000003F
:10C5FC00000000000000000000000000000000002F
:10C60C00000000000000000000000000000000001E
:10C61C00000000000000000000000000000000000E
:10C62C0000000000000000000000000000000000FE
:10C63C0000000000000000000000000000000000EE
:10C64C0000000000000000000000000000000000DE
:10C65C0000000000000000000000000000000000CE
:10C66C0000000000000000000000000000000000BE
:10C67C0000000000000000000000000000000000AE
:10C68C00000000000000000000000000000000009E
:10C69C00000000000000000000000000000000008E
:10C6AC00000000000000000000000000000000007E
:10C6BC00000000000000000000000000000000006E
:10C6CC00000000000000000000000000000000005E
:10C6DC00000000000000000000000000000000004E
:10C6EC00000000000000000000000000000000003E
:10C6FC00000000000000000000000000000000002E
:10C70C00000000000000000000000000000000001D
:10C71C00000000000000000000000000000000000D
:10C72C0000000000000000000000000000000000FD
:10C73C0000000000000000000000000000000000ED
:10C74C0000000101000101010102010102020102CC
:10C75C00030102030202040202050202050302069F
:10C76C000302070302070403070403070504070574
:10C77C00040706050706060706060707070707004E
:10C78C000000000000000000000000080000000095
:10C79C00000000000000000049646C65000000000F
:10C7AC00000000000000000000000000000000007D
:10C7BC00000000000000000000000000000000006D
:10C7CC00000000000000000000000000000000005D
:10C7DC00000000000000000010270000204E0000A8
:10C7EC0050C30000A086010048E8010090D003006F
:10C7FC0020A1070000350C0040420F004552523A70
:10C80C0074782D6661696C004F4B3A73656E7400D9
:10C81C005544530043414E5800000000524157000C
:10C82C005343414E0000000050494E4700000000A9
:10C83C00504F4E4700000000534C43414E00000047
:10C84C004F4B3A736C63616E20284C61776963655A
:10C85C006C206D6F6465206F6E20486561642031BB
:10C86C003B20726573657420626F61726420746F13
:10C87C002065786974290000494E464F000000007D
:10C88C0043455242455255533A000000302E382E43
:10C89C00322D6F6C656400002043414E313D000029
:10C8AC002043414E323D000020746D6F3D0000006E
:10C8BC0020726573706D61783D343039360000003C
:10C8CC00206D6F6E72696E673D00000053544154C9
:10C8DC00530000004552523A6275732028317C3265
:10C8EC002900000049646C65000000004E6F742044
:10C8FC0073796E6368726F6E697A656420746F20E9
:10C90C0043414E20627573005472616E736D69748D
:10C91C0074696E6700000000526563656976696E24
:10C92C00670000004572726F72204163746976650E
:10C93C0000000000427573206F666600535441542A
:10C94C00533A6275733D00002073746174653D0049
:10C95C0020666C74636F6E663D0000002072786513
:10C96C0072723D002074786572723D002061636BB9
:10C97C003D000000206372633D0000002066726D74
:10C98C003D000000207374663D000000206573724A
:10C99C00313D3078000000004D4F4E004F4B3A6D4A
:10C9AC006F6E2D6F66662064726F707065643D00EB
:10C9BC00207065616B3D00007374617400000000B1
:10C9CC004D32535441543A6F6E3D000020646570F3
:10C9DC0074683D002064726F707065643D000000E7
:10C9EC0020746F74616C3D00206361703D00000029
:10C9FC006F6E00004F4B3A6D6F6E2D6F6E00000026
:10CA0C004552523A666F726D617420284D4F4E3A02
:10CA1C006F6E5B3A69646C6F3A696468695D207C1F
:10CA2C00204D4F4E3A6F6666207C204D4F4E3A7328
:10CA3C007461742900000000534E49464600000002
:10CA4C004552523A666F726D61742028534E4946B6
:10CA5C00463A6275733A6D735B3A69646C6F3A6906
:10CA6C006468695D2900000052583A00444F4E45F5
:10CA7C003A000000206F76657272756E3A00000005
:10CA8C005450000053544F50000000004F4B3A7468
:10CA9C00702D6F6666000000300000004552523A5F
:10CAAC00666F726D6174202854503A6275733A54F3
:10CABC00583A6D73207C2054503A53544F502900EF
:10CACC004F4B3A74702D6F6E206275733D000000F1
:10CADC002074783D00000000206D733D00000000C4
:10CAEC00464F554E443A00004552523A666F726DAD
:10CAFC00617420285241573A6275733A49443A4856
:10CB0C00455829004552523A68657820283E38200D
:10CB1C006279746573202F206F6464290000000013
:10CB2C004552523A666F726D6174202843414E58DB
:10CB3C003A6275733A49443A4845585B3A776169A9
:10CB4C00746D735D290000004552523A666F726D28
:10CB5C00617420285544533A6275733A54583A52CA
:10CB6C00583A4845582900004552523A6865782091
:10CB7C0028746F6F206C6F6E67202F206F64642990
:10CB8C00000000004552523A756E6B6E6F776E2046
:10CB9C002850494E477C494E464F7C5343414E7C6E
:10CBAC00534E4946467C4D4F4E7C53544154537C16
:10CBBC0054507C5241577C43414E587C5544537CD5
:10CBCC00534C43414E7C54583A52583A4845582994
:10CBDC00000000004552523A6E6F2D726573706FF3
:10CBEC006E736520284E4F5448494E47206F6E2077
:10CBFC005258494420E280942077726F6E67206906
:10CC0C0064202F206E6F7420726F75746564202FF2
:10CC1C00206D6F64756C652073696C656E7429008A
:10CC2C004552523A6E6F2D726573706F6E7365203C
:10CC3C00286672616D6573206F6E205258494420CE
:10CC4C00627574206E6F74206120757361626C65FF
:10CC5C00207265706C7929004552523A6E6F2D66C0
:10CC6C006C6F772D636F6E74726F6C20286D6F64B0
:10CC7C00756C65206E657665722073656E742043E5
:10CC8C00545320746F206F75722046697273742030
:10CC9C004672616D652900004552523A74782D66D2
:10CCAC0061696C20286672616D65206E65766572AF
:10CCBC002041434B6564206F6E2074686520776952
:10CCCC00726520E280942062757320646F776E2009
:10CCDC002F2077726F6E67206865616429000000F1
:10CCEC004F4B3A004552523A7061727469616C3A1A
:10CCFC000000000020284669727374204672616D32
:10CD0C0065207365656E2C207468656E207468658B
:10CD1C0020726F75746564206275732077656E740C
:10CD2C002071756965742900070000007A0D0000F8
:10CD3C005A0D000056303430300D0000763034304F
:10CD4C00300D00004E434230310D00004630300DA6
:10CD5C000000000000030C0F30333C3FC0C3CCCFAD
:10CD6C00F0F3FCFFAC08002019804000AED580A881
:10CD7C003FD300408D142002A1C8DA12817FD9F173
:10CD8C00DB40A4A6AF000000205B000000000507FC
:10CD9C002061000000000000005F00000007000799
:10CDAC0000147F147F14242A7F2A12231308646230
:10CDBC0036495522500005030000001C224100009A
:10CDCC0041221C00082A1C2A0808083E08080050AA
:10CDDC0030000008080808080060600000201008F7
:10CDEC0004023E5149453E00427F40004261514998
:10CDFC00462141454B311814127F102745454539C2
:10CE0C003C4A4949300171090503364949493606FE
:10CE1C004949291E0036360000005636000000082D
:10CE2C001422411414141414412214080002015148
:10CE3C000906324979413E7E1111117E7F494949DB
:10CE4C00363E414141227F4141221C7F49494941A3
:10CE5C007F090901013E414151327F0808087F00DA
:10CE6C00417F41002040413F017F081422417F4017
:10CE7C004040407F0204027F7F0408107F3E414106
:10CE8C00413E7F090909063E4151215E7F0919295E
:10CE9C0046464949493101017F01013F4040403F2D
:10CEAC001F2040201F7F2018207F63140814630369
:10CEBC0004780403615149454300007F4141020459
:10CECC0008102041417F0000040201020440404050
:10CEDC004040000102040020545454787F484444DC
:10CEEC00383844444420384444487F385454541807
:10CEFC00087E090102081454543C7F08040478008D
:10CF0C00447D40002040443D00007F1028440041F7
:10CF1C007F40007C041804787C080404783844446E
:10CF2C0044387C14141408081414187C7C08040469
:10CF3C00084854545420043F4440203C4040207C3A
:10CF4C001C2040201C3C4030403C44281028440C01
:10CF5C005050503C4464544C44000836410000008E
:10CF6C007F0000004136080008082A1C08081C2A0B
:10CF7C0008080006090906004D323A003A4F56528D
:10CF8C000000000000000000000000002958000014
:10CF9C009D000000751E0000A10300008515000017
:10CFAC00A5030000A9030000000000000000000021
:10CFBC00F151000019020000251C0000950300002F
:10CFCC002D140000990300009D03000000000000D8
:10CFDC0000000000A5650000416900006900000028
:10CFEC006D000000AD030000000000000000000018
:10CFFC00B9680000557E0000517E00004D7E000097
:10D00C00497E0000457E0000417E00003D7E000010
:10D01C000000000000000000A95F0000D55F0000C8
:10D02C0069000000A55F0000615F00006D5F0000FB
:10D03C008D5F000000202020202020202020282888
:10D04C0028282820202020202020202020202020BC
:10D05C0020202020208810101010101010101010FC
:10D06C00101010101004040404040404040404102C
:10D07C0010101010101041414141414101010101BA
:10D08C000101010101010101010101010101010184
:10D09C001010101010104242424242420202020290
:10D0AC000202020202020202020202020202020254
:10D0BC001010101020000000000000000000000004
:10D0CC000000000000000000000000000000000054
:10D0DC000000000000000000000000000000000044
:10D0EC000000000000000000000000000000000034
:10D0FC000000000000000000000000000000000024
:10D10C000000000000000000000000000000000013
:10D11C000000000000000000000000000000000003
:10D12C0000000000000000000000000000000000F3
:10D13C00000000000000000000000042C8801F40FA
:10D14C00B8821F400800000000000042C4801F404D
:10D15C00B4821F400400000000C0004224801F4025
:10D16C0014821F401000000000C0004228801F40A5
:10D17C0018821F402000000000C000422C801F407D
:10D18C001C821F404000000000C0004234801F4041
:10D19C0024821F40000100000040004264811F40B7
:10D1AC0054831F40000400000040004280811F4057
:10D1BC0070831F4000000200004000427C811F4031
:10D1CC006C831F40000001000040004268811F403A
:10D1DC0058831F4000080000004000423C811F4063
:10D1EC002C831F40010000000040004244811F407E
:10D1FC0034831F40040000000040004240811F4067
:10D20C0030831F40020000000040004248811F4054
:10D21C0038831F40080000000000004204811F40BA
:10D22C00F4821F40000004000000004208811F40EF
:10D23C00F8821F40000008000000004218811F40C7
:10D24C0008831F40000080000000004214811F4032
:10D25C0004831F40000040000000004200811F407A
:10D26C00F0821F400000020000000042FC801F40C2
:10D27C00EC821F40000001000000004224811F408E
:10D28C0014831F40000000040000004228811F404E
:10D29C0018831F4000000008000000421C811F4042
:10D2AC000C831F40000000010000004220811F4041
:10D2BC0010831F400000000200000042EC801F4061
:10D2CC00DC821F400010000000000042F0801F4074
:10D2DC00E0821F40002000000000004234811F400B
:10D2EC0024831F40000000400000004238811F4092
:10D2FC0028831F40000000800080004294801F4063
:10D30C0084821F400000040000C0004290801F4037
:10D31C0080821F400000008000800042A8801F40D7
:10D32C0098821F400000800000800042A4801F40B3
:10D33C0094821F4000004000004000426C811F405E
:10D34C005C831F400010000000C0004230801F4072
:10D35C0020821F408000000000400042B0811F402E
:10D36C00A0831F400000002000400042AC811F4001
:10D37C009C831F40000000100040004284811F402D
:10D38C0074831F40000004000040004288811F404D
:10D39C0078831F4000000800000000422C811F40D1
:10D3AC001C831F40000000100000004230811F4011
:10D3BC0020831F4000000020000000420C811F4011
:10D3CC00FC821F40000010000000004210811F4032
:10D3DC0000831F400000200000800042C8811F40D5
:10D3EC00B8831F400080000000800042C4811F40B1
:10D3FC00B4831F400040000000800042C0811F40E9
:10D40C00B0831F400020000000800042BC811F4000
:10D41C00AC831F400010000000800042D0811F40F0
:10D42C00C0831F400000020000800042CC811F40DE
:10D43C00BC831F400000010000C0004274801F40EC
:10D44C0064821F400000000100C0004280801F4029
:10D45C0070821F400000000800C0004284801F4002
:10D46C0074821F400000001000C000426C801F40FE
:10D47C005C821F400000400000C000427C801F40C6
:10D48C006C821F400000000400C0004278801F40E6
:10D49C0068821F400000000200C0004288801F40CC
:10D4AC0078821F400000002049444C4500000000D9
:10D4BC00434552424552555320200000746F74204E
:10D4CC000000000020647270200000007065616B29
:10D4DC00200000004831000048320000000100002C
:10D4EC00D01900201200000000060000442100604A
:10D4FC000A00000000020000E02000606200000052
:10D50C00000700007C20006062000000EE030000B9
:10D51C000C1A002012000000000004EEE419002098
:10D52C0028000000000300007820006000000000CC
:10D53C0001030904602000600000000002030904DC
:10D54C00482000600000000003030904201A00209A
:10D55C0000000000000000000000000000000000BF
:10D56C0000000000000000000000000028990020CE
:10D57C0090990020F89900200000000000000000A5
:10D58C00000000000000000000000000000000008F
:10D59C00000000000000000000000000000000007F
:10D5AC00000000000000000000000000000000006F
:10D5BC00000000000000000000000000000000005F
:10D5CC00000000000000000000000000000000004F
:10D5DC00000000000000000000000000000000003F
:10D5EC00000000000000000000000000000000002F
:10D5FC00000000000000000000000000000000001F
:10D60C0001000000000000000E33CDAB34126DE6BB
:10D61C00ECDE05000B000000000000000000000024
:10D62C0000000000000000000000000000000000EE
:10D63C0000000000000000000000000000000000DE
:10D64C0000000000000000000000000000000000CE
:10D65C0000000000000000000000000000000000BE
:10D66C0000000000000000000000000000000000AE
:10D67C00000000000000000000000000000000009E
:10D68C0000000000000000000029DE07007B9A1754
:10D69C00300B002000000000E80300000000000038
:10D6AC00580B002000000000E80300000000000000
:10D6BC0000003F40F81F0060000000000000000068
:10D6CC00000000000000000000000000000000004E
:10D6DC00000000000000000000000000000000003E
:10D6EC00000000000000000000000000000000002E
:10D6FC00000000000000000000000000000000001E
:10D70C00000000000000000000000000000000000D
:10D71C0000000000000000000000000000000000FD
:10D72C0000000000000000000000000000000000ED
:10D73C0000000000000000000000000000000000DD
:10D74C0000000000000000000000000000000000CD
:10D75C0000000000000000000000000000000000BD
:10D76C0000000000000000000000000000000000AD
:10D77C00000000000000000000000000000000009D
:10D78C00000000000000000000000000000000008D
:10D79C00000000000000000000000000000000007D
:10D7AC00000000000000000000000000000000006D
:10D7BC00000000000000000000000000000000005D
:10D7CC00000000000000000000000000000000004D
:10D7DC00000000000000000000000000000000003D
:10D7EC00580B002000000000E803000000000000BF
:10D7FC0000803F40A81F00600000000000000000F7
:10D80C00000000000000000000000000000000000C
:10D81C0000000000000000000000000000000000FC
:10D82C0000000000000000000000000000000000EC
:10D83C0000000000000000000000000000000000DC
:10D84C0000000000000000000000000000000000CC
:10D85C0000000000000000000000000000000000BC
:10D86C0000000000000000000000000000000000AC
:10D87C00000000000000000000000000000000009C
:10D88C00000000000000000000000000000000008C
:10D89C00000000000000000000000000000000007C
:10D8AC00000000000000000000000000000000006C
:10D8BC00000000000000000000000000000000005C
:10D8CC00000000000000000000000000000000004C
:10D8DC00000000000000000000000000000000003C
:10D8EC00000000000000000000000000000000002C
:10D8FC00000000000000000000000000000000001C
:10D90C00000000000000000000000000000000000B
:10D91C0000000000000000000000000000000000FB
:10D92C00580B002000000000E8030000000000007D
:10D93C0000C03F40581F00600000000000000000C5
:10D94C0000000000000000000000000000000000CB
:10D95C0000000000000000000000000000000000BB
:10D96C0000000000000000000000000000000000AB
:10D97C00000000000000000000000000000000009B
:10D98C00000000000000000000000000000000008B
:10D99C00000000000000000000000000000000007B
:10D9AC00000000000000000000000000000000006B
:10D9BC00000000000000000000000000000000005B
:10D9CC00000000000000000000000000000000004B
:10D9DC00000000000000000000000000000000003B
:10D9EC00000000000000000000000000000000002B
:10D9FC00000000000000000000000000000000001B
:10DA0C00000000000000000000000000000000000A
:10DA1C0000000000000000000000000000000000FA
:10DA2C0000000000000000000000000000000000EA
:10DA3C0000000000000000000000000000000000DA
:10DA4C0000000000000000000000000000000000CA
:10DA5C0000000000000000000000000000000000BA
:10DA6C0020A107000100000001000000FF070000DA
:10DA7C00EC98002080302420000000000000000002
:10DA8C0000000000BC150020BC150020C4150020AF
:10DA9C00C4150020CC150020CC150020D415002076
:10DAAC00D4150020DC150020DC150020E415002026
:10DABC00E4150020EC150020EC150020F4150020D6
:10DACC00F4150020FC150020FC1500200416002085
:10DADC00041600200C1600200C1600201416002032
:10DAEC00141600201C1600201C16002024160020E2
:10DAFC00241600202C1600202C1600203416002092
:10DB0C00341600203C1600203C1600204416002041
:10DB1C00441600204C1600204C16002054160020F1
:10DB2C00541600205C1600205C16002064160020A1
:10DB3C00641600206C1600206C1600207416002051
:10DB4C00741600207C1600207C1600208416002001
:10DB5C00841600208C1600208C16002094160020B1
:10DB6C00941600209C1600209C160020A416002061
:10DB7C00A4160020AC160020AC160020B416002011
:10DB8C00B4160020BC160020BC160020C4160020C1
:10DB9C00C4160020CC160020CC160020D416002071
:10DBAC00D4160020DC160020DC160020E416002021
:10DBBC00E4160020EC160020EC160020F4160020D1
:10DBCC00F4160020FC160020FC1600200417002080
:10DBDC00041700200C1700200C170020141700202D
:10DBEC00141700201C1700201C17002024170020DD
:10DBFC00241700202C1700202C170020341700208D
:10DC0C00341700203C1700203C170020441700203C
:10DC1C00441700204C1700204C17002054170020EC
:10DC2C00541700205C1700205C170020641700209C
:10DC3C00641700206C1700206C170020741700204C
:10DC4C00741700207C1700207C17002084170020FC
:10DC5C00841700208C1700208C17002094170020AC
:10DC6C00941700209C1700209C170020A41700205C
:10DC7C00A4170020AC170020AC170020B41700200C
:10DC8C00B4170020BC170020BC170020C4170020BC
:10DC9C00C4170020CC170020CC170020D41700206C
:10DCAC00D4170020DC170020DC170020E41700201C
:10DCBC00E4170020EC170020EC170020F4170020CC
:10DCCC00F4170020FC170020FC170020041800207B
:10DCDC00041800200C1800200C1800201418002028
:10DCEC00141800201C1800201C18002024180020D8
:10DCFC00241800202C1800202C1800203418002088
:10DD0C00341800203C1800203C1800204418002037
:10DD1C00441800204C1800204C18002054180020E7
:10DD2C00541800205C1800205C1800206418002097
:10DD3C00641800206C1800206C1800207418002047
:10DD4C00741800207C1800207C18002084180020F7
:10DD5C00841800208C1800208C18002094180020A7
:10DD6C00941800209C1800209C180020A418002057
:10DD7C00A4180020AC180020AC180020B418002007
:10DD8C00B4180020BC180020BC180020C4180020B7
:10DD9C00C4180020CC180020CC180020D418002067
:10DDAC00D4180020DC180020DC180020E418002017
:10DDBC00E4180020EC180020EC180020F4180020C7
:10DDCC00F4180020FC180020FC1800200419002076
:10DDDC00041900200C1900200C1900201419002023
:10DDEC00141900201C1900201C19002024190020D3
:10DDFC00241900202C1900202C1900203419002083
:10DE0C00341900203C1900203C1900204419002032
:10DE1C00441900204C1900204C19002054190020E2
:10DE2C00541900205C1900205C1900206419002092
:10DE3C00641900206C1900206C1900207419002042
:10DE4C00741900207C1900207C19002084190020F2
:10DE5C00841900208C1900208C19002094190020A2
:10DE6C00941900209C1900209C190020A419002052
:10DE7C00A4190020AC190020AC190020B419002002
:10DE8C00B4190020FFFFFFFF00000200A8100020C3
:10DE9C0012010002EF020140C0168304800201024D
:10DEAC000301000028000000000104000100000034
:10DEBC0000000000020157494E555342000000007B
:10DECC0000000000000000000000000012034D00E4
:10DEDC00530046005400310030003000F8000000C0
:10DEEC000C03000000000000000000000000000017
:10DEFC000000000000000000000000000000000016
:10DF0C000000000000000000000000000000000005
:10DF1C0000000000000000000000000000000000F5
:10DF2C0000000000000000000000000000000000E5
:10DF3C0000000000000000000000000000000000D5
:10DF4C0000000000000000000000000000000000C5
:10DF5C0000000000000000000000000000000000B5
:10DF6C0000000000000000000000000000000000A5
:10DF7C000000000000000000000000000000000095
:10DF8C000000000000000000000000000000000085
:10DF9C000000000000000000000000000000000075
:10DFAC000000000000000000000000000000000065
:10DFBC000000000000000000000000000000000055
:10DFCC000000000000000000000000000000000045
:10DFDC000000000000000000000000000000000035
:10DFEC000000000000000000000000000000000025
:10DFFC000000000000000000000000000000000015
:10E00C000000000000000000000000000000000004
:10E01C0000000000000000000000000000000000F4
:10E02C0000000000000000000000000000000000E4
:10E03C0000000000000000000000000000000000D4
:10E04C0000000000000000000000000000000000C4
:10E05C0000000000000000000000000000000000B4
:10E06C0000000000000000000000000000000000A4
:10E07C000000000000000000000000000000000094
:10E08C000000000000000000000000000000000084
:10E09C000000000000000000000000000000000074
:10E0AC000000000000000000000000000000000064
:10E0BC000000000000000000000000000000000054
:10E0CC000000000000000000000000000000000044
:10E0DC000000000000000000000000000000000034
:10E0EC000000000000000000000000000000000024
:10E0FC000000000000000000000000000000000014
:10E10C000000000000000000000000000000000003
:10E11C0000000000000000000000000000000000F3
:10E12C0000000000000000000000000000000000E3
:10E13C0000000000000000000000000000000000D3
:10E14C0000000000000000000000000000000000C3
:10E15C0000000000000000000000000000000000B3
:10E16C0000000000000000000000000000000000A3
:10E17C000000000000000000000000000000000093
:10E18C000000000000000000000000000000000083
:10E19C000000000000000000000000000000000073
:10E1AC000000000000000000000000000000000063
:10E1BC000000000000000000000000000000000053
:10E1CC000000000000000000000000000000000043
:10E1DC000000000000000000000000000000000033
:10E1EC000000000000000000000000000000000023
:10E1FC000000000000000000000000000000000013
:10E20C000000000000000000000000000000000002
:10E21C0000000000000000000000000000000000F2
:10E22C0000000000000000000000000000000000E2
:10E23C0000000000000000000000000000000000D2
:10E24C0000000000000000000000000000000000C2
:10E25C0000000000000000000000000000000000B2
:10E26C0000000000000000000000000000000000A2
:10E27C000000000000000000000000000000000092
:10E28C000000000000000000000000000000000082
:10E29C000000000000000000000000000000000072
:10E2AC000000000000000000000000000000000062
:10E2BC000000000000000000000000000000000052
:10E2CC000000000000000000000000000000000042
:10E2DC000000000000000000000000000000000032
:10E2EC000000000000000000000000000000000022
:10E2FC000000000000000000000000000000000012
:10E30C000000000000000000000000000000000001
:10E31C0000000000000000000000000000000000F1
:10E32C0000000000000000000000000000000000E1
:10E33C0000000000000000000000000000000000D1
:10E34C0000000000000000000000000000000000C1
:10E35C0000000000000000000000000000000000B1
:10E36C0000000000000000000000000000000000A1
:10E37C000000000000000000000000000000000091
:10E38C00FFFFFFFFFFFFFFFFFFFFFFFFFFFFFFFF91
:10E39C00FFFFFFFFFFFFFFFFFFFFFFFFFFFFFFFF81
:10E3AC00FFFFFFFFFFFFFFFFFFFFFFFFFFFFFFFF71
:10E3BC00FFFFFFFFFFFFFFFFFFFFFFFFFFFFFFFF61
:10E3CC00FFFFFFFFFFFFFFFFFFFFFFFFFFFFFFFF51
:10E3DC00FFFFFFFFFFFFFFFFFFFFFFFFFFFFFFFF41
:10E3EC00FFFFFFFFFFFFFFFFFFFFFFFFFFFFFFFF31
:10E3FC00FFFFFFFF00000000000000000000000015
:10E40C000000000000000000000000000000000000
:10E41C0000000000000000000000000000000000F0
:10E42C0000000000000000000000000000000000E0
:10E43C0000000000000000000000000000000000D0
:10E44C0000000000000000000000000000000000C0
:10E45C0000000000000000000000000000000000B0
:10E46C0000000000000000000000000000000000A0
:10E47C000000000000000000000000000000000090
:10E48C000000000000000000000000000000000080
:10E49C000000000000000000000000000000000070
:10E4AC000000000000000000000000000000000060
:10E4BC000000000000000000000000000000000050
:10E4CC000000000000000000000000000000000040
:10E4DC000000000000000000000000000000000030
:10E4EC000000000000000000000000000000000020
:10E4FC000000000000000000000000000000000010
:10E50C0000000000000000000000000000000000FF
:10E51C0000000000000000000000000000000000EF
:10E52C0000000000000000000000000000000000DF
:10E53C0000000000000000000000000000000000CF
:10E54C0000000000000000000000000000000000BF
:10E55C0000000000000000000000000000000000AF
:10E56C00000000000000000000000000000000009F
:10E57C00000000000000000000000000000000008F
:10E58C00000000000000000000000000000000007F
:10E59C00000000000000000000000000000000006F
:10E5AC00000000000000000000000000000000005F
:10E5BC00000000000000000000000000000000004F
:10E5CC00000000000000000000000000000000003F
:10E5DC00000000000000000000000000000000002F
:10E5EC00000000000000000000000000000000001F
:10E5FC00000000000000000000000000000000000F
:10E60C0000000000000000000000000000000000FE
:10E61C0000000000000000000000000000000000EE
:10E62C0000000000000000000000000000000000DE
:10E63C0000000000000000000000000000000000CE
:10E64C0000000000000000000000000000000000BE
:10E65C0000000000000000000000000000000000AE
:10E66C00000000000000000000000000000000009E
:10E67C00000000000000000000000000000000008E
:10E68C00000000000000000000000000000000007E
:10E69C00000000000000000000000000000000006E
:10E6AC00000000000000000000000000000000005E
:10E6BC00000000000000000000000000000000004E
:10E6CC00000000000000000000000000000000003E
:10E6DC00000000000000000000000000000000002E
:10E6EC00000000000000000000000000000000001E
:10E6FC00000000000000000000000000000000000E
:10E70C0000000000000000000000000000000000FD
:10E71C0000000000000000000000000000000000ED
:10E72C0000000000000000000000000000000000DD
:10E73C0000000000000000000000000000000000CD
:10E74C0000000000000000000000000000000000BD
:10E75C0000000000000000000000000000000000AD
:10E76C00000000000000000000000000000000009D
:10E77C00000000000000000000000000000000008D
:10E78C00000000000000000000000000000000007D
:10E79C00000000000000000000000000000000006D
:10E7AC00000000000000000000000000000000005D
:10E7BC00000000000000000000000000000000004D
:10E7CC00000000000000000000000000000000003D
:10E7DC00000000000000000000000000000000002D
:10E7EC00000000000000000000000000000000001D
:10E7FC00000000000000000000000000000000000D
:10E80C0000000000000000000000000000000000FC
:10E81C0000000000000000000000000000000000EC
:10E82C0000000000000000000000000000000000DC
:10E83C0000000000000000000000000000000000CC
:10E84C0000000000000000000000000000000000BC
:10E85C0000000000000000000000000000000000AC
:10E86C00000000000000000000000000000000009C
:10E87C00000000000000000000000000000000008C
:10E88C00000000000000000000000000000000007C
:10E89C00000000000000000000000000000000006C
:10E8AC00000000000000000000000000000000005C
:10E8BC00000000000000000000000000000000004C
:10E8CC00000000000000000000000000000000003C
:10E8DC00000000000000000000000000000000002C
:10E8EC00000000000000000000000000000000001C
:10E8FC00000000000000000000000000000000000C
:10E90C0000000000000000000000000000000000FB
:10E91C0000000000000000000000000000000000EB
:10E92C0000000000000000000000000000000000DB
:10E93C0000000000000000000000000000000000CB
:10E94C0000000000000000000000000000000000BB
:10E95C0000000000000000000000000000000000AB
:10E96C00000000000000000000000000000000009B
:10E97C00000000000000000000000000000000008B
:10E98C00000000000000000000000000000000007B
:10E99C00000000000000000000000000000000006B
:10E9AC00000000000000000000000000000000005B
:10E9BC00000000000000000000000000000000004B
:10E9CC00000000000000000000000000000000003B
:10E9DC00000000000000000000000000000000002B
:10E9EC00000000000000000000000000000000001B
:10E9FC00000000000000000000000000000000000B
:10EA0C0000000000000000000000000000000000FA
:10EA1C0000000000000000000000000000000000EA
:10EA2C0000000000000000000000000000000000DA
:10EA3C0000000000000000000000000000000000CA
:10EA4C0000000000000000000000000000000000BA
:10EA5C0000000000000000000000000000000000AA
:10EA6C00000000000000000000000000000000009A
:10EA7C00000000000000000000000000000000008A
:10EA8C00000000000000000000000000000000007A
:10EA9C00000000000000000000000000000000006A
:10EAAC00000000000000000000000000000000005A
:10EABC00000000000000000000000000000000004A
:10EACC00000000000000000000000000000000003A
:10EADC00000000000000000000000000000000002A
:10EAEC00000000000000000000000000000000001A
:10EAFC00000000000000000000000000000000000A
:10EB0C0000000000000000000000000000000000F9
:10EB1C0000000000000000000000000000000000E9
:10EB2C0000000000000000000000000000000000D9
:10EB3C0000000000000000000000000000000000C9
:10EB4C0000000000000000000000000000000000B9
:10EB5C0000000000000000000000000000000000A9
:10EB6C000000000000000000000000000000000099
:10EB7C000000000000000000000000000000000089
:10EB8C000000000000000000000000000000000079
:10EB9C000000000000000000000000000000000069
:10EBAC000000000000000000000000000000000059
:10EBBC000000000000000000000000000000000049
:10EBCC000000000000000000000000000000000039
:10EBDC000000000000000000000000000000000029
:10EBEC000000000000000000000000000000000019
:10EBFC000000000000000000000000000000000009
:10EC0C0000000000000000000000000000000000F8
:10EC1C0000000000000000000000000000000000E8
:10EC2C0000000000000000000000000000000000D8
:10EC3C0000000000000000000000000000000000C8
:10EC4C0000000000000000000000000000000000B8
:10EC5C0000000000000000000000000000000000A8
:10EC6C000000000000000000000000000000000098
:10EC7C000000000000000000000000000000000088
:10EC8C000000000000000000000000000000000078
:10EC9C000000000000000000000000000000000068
:10ECAC000000000000000000000000000000000058
:10ECBC000000000000000000000000000000000048
:10ECCC000000000000000000000000000000000038
:10ECDC000000000000000000000000000000000028
:10ECEC000000000000000000000000000000000018
:10ECFC000000000000000000000000000000000008
:10ED0C0000000000000000000000000000000000F7
:10ED1C0000000000000000000000000000000000E7
:10ED2C0000000000000000000000000000000000D7
:10ED3C0000000000000000000000000000000000C7
:10ED4C0000000000000000000000000000000000B7
:10ED5C0000000000000000000000000000000000A7
:10ED6C000000000000000000000000000000000097
:10ED7C000000000000000000000000000000000087
:10ED8C000000000000000000000000000000000077
:10ED9C000000000000000000000000000000000067
:10EDAC000000000000000000000000000000000057
:10EDBC000000000000000000000000000000000047
:10EDCC000000000000000000000000000000000037
:10EDDC000000000000000000000000000000000027
:10EDEC000000000000000000000000000000000017
:10EDFC000000000000000000000000000000000007
:10EE0C0000000000000000000000000000000000F6
:10EE1C0000000000000000000000000000000000E6
:10EE2C0000000000000000000000000000000000D6
:10EE3C0000000000000000000000000000000000C6
:10EE4C0000000000000000000000000000000000B6
:10EE5C0000000000000000000000000000000000A6
:10EE6C000000000000000000000000000000000096
:10EE7C000000000000000000000000000000000086
:10EE8C000000000000000000000000000000000076
:10EE9C000000000000000000000000000000000066
:10EEAC000000000000000000000000000000000056
:10EEBC000000000000000000000000000000000046
:10EECC000000000000000000000000000000000036
:10EEDC000000000000000000000000000000000026
:10EEEC000000000000000000000000000000000016
:10EEFC000000000000000000000000000000000006
:10EF0C0000000000000000000000000000000000F5
:10EF1C0000000000000000000000000000000000E5
:10EF2C0000000000000000000000000000000000D5
:10EF3C0000000000000000000000000000000000C5
:10EF4C0000000000000000000000000000000000B5
:10EF5C0000000000000000000000000000000000A5
:10EF6C000000000000000000000000000000000095
:10EF7C000000000000000000000000000000000085
:10EF8C000000000000000000000000000000000075
:10EF9C000000000000000000000000000000000065
:10EFAC000000000000000000000000000000000055
:10EFBC000000000000000000000000000000000045
:10EFCC000000000000000000000000000000000035
:10EFDC000000000000000000000000000000000025
:10EFEC000000000000000000000000000000000015
:04EFFC000000000011
:040000056000100087
:00000001FF
