:0200000460009A
:100000004643464200000156000000000103030081
:1000100000000000000000000000000000000000E0
:1000200000000000000000000000000000000000D0
:1000300000000000000000000000000000000000C0
:1000400000000000010408000000000000000000A3
:100050000000200000000000000000000000000080
:100060000000000000000000000000000000000090
:100070000000000000000000000000000000000080
:10008000EB04180A063204260000000000000000FD
:10009000050404240000000000000000000000002F
:1000A0000000000000000000000000000000000050
:1000B0000604000000000000000000000000000036
:1000C0000000000000000000000000000000000030
:1000D00020041808000000000000000000000000DC
:1000E0000000000000000000000000000000000010
:1000F0000000000000000000000000000000000000
:10010000D8041808000000000000000000000000F3
:100110000204180804200000000000000000000095
:1001200000000000000000000000000000000000CF
:10013000600400000000000000000000000000005B
:1001400000000000000000000000000000000000AF
:10015000000000000000000000000000000000009F
:10016000000000000000000000000000000000008F
:10017000000000000000000000000000000000007F
:10018000000000000000000000000000000000006F
:10019000000000000000000000000000000000005F
:1001A000000000000000000000000000000000004F
:1001B000000000000000000000000000000000003F
:1001C000000100000010000001000000000000001D
:1001D000000001000000000000000000000000001E
:1001E000000000000000000000000000000000000F
:1001F00000000000000000000000000000000000FF
:10020000FFFFFFFFFFFFFFFFFFFFFFFFFFFFFFFFFE
:10021000FFFFFFFFFFFFFFFFFFFFFFFFFFFFFFFFEE
:10022000FFFFFFFFFFFFFFFFFFFFFFFFFFFFFFFFDE
:10023000FFFFFFFFFFFFFFFFFFFFFFFFFFFFFFFFCE
:10024000FFFFFFFFFFFFFFFFFFFFFFFFFFFFFFFFBE
:10025000FFFFFFFFFFFFFFFFFFFFFFFFFFFFFFFFAE
:10026000FFFFFFFFFFFFFFFFFFFFFFFFFFFFFFFF9E
:10027000FFFFFFFFFFFFFFFFFFFFFFFFFFFFFFFF8E
:10028000FFFFFFFFFFFFFFFFFFFFFFFFFFFFFFFF7E
:10029000FFFFFFFFFFFFFFFFFFFFFFFFFFFFFFFF6E
:1002A000FFFFFFFFFFFFFFFFFFFFFFFFFFFFFFFF5E
:1002B000FFFFFFFFFFFFFFFFFFFFFFFFFFFFFFFF4E
:1002C000FFFFFFFFFFFFFFFFFFFFFFFFFFFFFFFF3E
:1002D000FFFFFFFFFFFFFFFFFFFFFFFFFFFFFFFF2E
:1002E000FFFFFFFFFFFFFFFFFFFFFFFFFFFFFFFF1E
:1002F000FFFFFFFFFFFFFFFFFFFFFFFFFFFFFFFF0E
:10030000FFFFFFFFFFFFFFFFFFFFFFFFFFFFFFFFFD
:10031000FFFFFFFFFFFFFFFFFFFFFFFFFFFFFFFFED
:10032000FFFFFFFFFFFFFFFFFFFFFFFFFFFFFFFFDD
:10033000FFFFFFFFFFFFFFFFFFFFFFFFFFFFFFFFCD
:10034000FFFFFFFFFFFFFFFFFFFFFFFFFFFFFFFFBD
:10035000FFFFFFFFFFFFFFFFFFFFFFFFFFFFFFFFAD
:10036000FFFFFFFFFFFFFFFFFFFFFFFFFFFFFFFF9D
:10037000FFFFFFFFFFFFFFFFFFFFFFFFFFFFFFFF8D
:10038000FFFFFFFFFFFFFFFFFFFFFFFFFFFFFFFF7D
:10039000FFFFFFFFFFFFFFFFFFFFFFFFFFFFFFFF6D
:1003A000FFFFFFFFFFFFFFFFFFFFFFFFFFFFFFFF5D
:1003B000FFFFFFFFFFFFFFFFFFFFFFFFFFFFFFFF4D
:1003C000FFFFFFFFFFFFFFFFFFFFFFFFFFFFFFFF3D
:1003D000FFFFFFFFFFFFFFFFFFFFFFFFFFFFFFFF2D
:1003E000FFFFFFFFFFFFFFFFFFFFFFFFFFFFFFFF1D
:1003F000FFFFFFFFFFFFFFFFFFFFFFFFFFFFFFFF0D
:10040000FFFFFFFFFFFFFFFFFFFFFFFFFFFFFFFFFC
:10041000FFFFFFFFFFFFFFFFFFFFFFFFFFFFFFFFEC
:10042000FFFFFFFFFFFFFFFFFFFFFFFFFFFFFFFFDC
:10043000FFFFFFFFFFFFFFFFFFFFFFFFFFFFFFFFCC
:10044000FFFFFFFFFFFFFFFFFFFFFFFFFFFFFFFFBC
:10045000FFFFFFFFFFFFFFFFFFFFFFFFFFFFFFFFAC
:10046000FFFFFFFFFFFFFFFFFFFFFFFFFFFFFFFF9C
:10047000FFFFFFFFFFFFFFFFFFFFFFFFFFFFFFFF8C
:10048000FFFFFFFFFFFFFFFFFFFFFFFFFFFFFFFF7C
:10049000FFFFFFFFFFFFFFFFFFFFFFFFFFFFFFFF6C
:1004A000FFFFFFFFFFFFFFFFFFFFFFFFFFFFFFFF5C
:1004B000FFFFFFFFFFFFFFFFFFFFFFFFFFFFFFFF4C
:1004C000FFFFFFFFFFFFFFFFFFFFFFFFFFFFFFFF3C
:1004D000FFFFFFFFFFFFFFFFFFFFFFFFFFFFFFFF2C
:1004E000FFFFFFFFFFFFFFFFFFFFFFFFFFFFFFFF1C
:1004F000FFFFFFFFFFFFFFFFFFFFFFFFFFFFFFFF0C
:10050000FFFFFFFFFFFFFFFFFFFFFFFFFFFFFFFFFB
:10051000FFFFFFFFFFFFFFFFFFFFFFFFFFFFFFFFEB
:10052000FFFFFFFFFFFFFFFFFFFFFFFFFFFFFFFFDB
:10053000FFFFFFFFFFFFFFFFFFFFFFFFFFFFFFFFCB
:10054000FFFFFFFFFFFFFFFFFFFFFFFFFFFFFFFFBB
:10055000FFFFFFFFFFFFFFFFFFFFFFFFFFFFFFFFAB
:10056000FFFFFFFFFFFFFFFFFFFFFFFFFFFFFFFF9B
:10057000FFFFFFFFFFFFFFFFFFFFFFFFFFFFFFFF8B
:10058000FFFFFFFFFFFFFFFFFFFFFFFFFFFFFFFF7B
:10059000FFFFFFFFFFFFFFFFFFFFFFFFFFFFFFFF6B
:1005A000FFFFFFFFFFFFFFFFFFFFFFFFFFFFFFFF5B
:1005B000FFFFFFFFFFFFFFFFFFFFFFFFFFFFFFFF4B
:1005C000FFFFFFFFFFFFFFFFFFFFFFFFFFFFFFFF3B
:1005D000FFFFFFFFFFFFFFFFFFFFFFFFFFFFFFFF2B
:1005E000FFFFFFFFFFFFFFFFFFFFFFFFFFFFFFFF1B
:1005F000FFFFFFFFFFFFFFFFFFFFFFFFFFFFFFFF0B
:10060000FFFFFFFFFFFFFFFFFFFFFFFFFFFFFFFFFA
:10061000FFFFFFFFFFFFFFFFFFFFFFFFFFFFFFFFEA
:10062000FFFFFFFFFFFFFFFFFFFFFFFFFFFFFFFFDA
:10063000FFFFFFFFFFFFFFFFFFFFFFFFFFFFFFFFCA
:10064000FFFFFFFFFFFFFFFFFFFFFFFFFFFFFFFFBA
:10065000FFFFFFFFFFFFFFFFFFFFFFFFFFFFFFFFAA
:10066000FFFFFFFFFFFFFFFFFFFFFFFFFFFFFFFF9A
:10067000FFFFFFFFFFFFFFFFFFFFFFFFFFFFFFFF8A
:10068000FFFFFFFFFFFFFFFFFFFFFFFFFFFFFFFF7A
:10069000FFFFFFFFFFFFFFFFFFFFFFFFFFFFFFFF6A
:1006A000FFFFFFFFFFFFFFFFFFFFFFFFFFFFFFFF5A
:1006B000FFFFFFFFFFFFFFFFFFFFFFFFFFFFFFFF4A
:1006C000FFFFFFFFFFFFFFFFFFFFFFFFFFFFFFFF3A
:1006D000FFFFFFFFFFFFFFFFFFFFFFFFFFFFFFFF2A
:1006E000FFFFFFFFFFFFFFFFFFFFFFFFFFFFFFFF1A
:1006F000FFFFFFFFFFFFFFFFFFFFFFFFFFFFFFFF0A
:10070000FFFFFFFFFFFFFFFFFFFFFFFFFFFFFFFFF9
:10071000FFFFFFFFFFFFFFFFFFFFFFFFFFFFFFFFE9
:10072000FFFFFFFFFFFFFFFFFFFFFFFFFFFFFFFFD9
:10073000FFFFFFFFFFFFFFFFFFFFFFFFFFFFFFFFC9
:10074000FFFFFFFFFFFFFFFFFFFFFFFFFFFFFFFFB9
:10075000FFFFFFFFFFFFFFFFFFFFFFFFFFFFFFFFA9
:10076000FFFFFFFFFFFFFFFFFFFFFFFFFFFFFFFF99
:10077000FFFFFFFFFFFFFFFFFFFFFFFFFFFFFFFF89
:10078000FFFFFFFFFFFFFFFFFFFFFFFFFFFFFFFF79
:10079000FFFFFFFFFFFFFFFFFFFFFFFFFFFFFFFF69
:1007A000FFFFFFFFFFFFFFFFFFFFFFFFFFFFFFFF59
:1007B000FFFFFFFFFFFFFFFFFFFFFFFFFFFFFFFF49
:1007C000FFFFFFFFFFFFFFFFFFFFFFFFFFFFFFFF39
:1007D000FFFFFFFFFFFFFFFFFFFFFFFFFFFFFFFF29
:1007E000FFFFFFFFFFFFFFFFFFFFFFFFFFFFFFFF19
:1007F000FFFFFFFFFFFFFFFFFFFFFFFFFFFFFFFF09
:10080000FFFFFFFFFFFFFFFFFFFFFFFFFFFFFFFFF8
:10081000FFFFFFFFFFFFFFFFFFFFFFFFFFFFFFFFE8
:10082000FFFFFFFFFFFFFFFFFFFFFFFFFFFFFFFFD8
:10083000FFFFFFFFFFFFFFFFFFFFFFFFFFFFFFFFC8
:10084000FFFFFFFFFFFFFFFFFFFFFFFFFFFFFFFFB8
:10085000FFFFFFFFFFFFFFFFFFFFFFFFFFFFFFFFA8
:10086000FFFFFFFFFFFFFFFFFFFFFFFFFFFFFFFF98
:10087000FFFFFFFFFFFFFFFFFFFFFFFFFFFFFFFF88
:10088000FFFFFFFFFFFFFFFFFFFFFFFFFFFFFFFF78
:10089000FFFFFFFFFFFFFFFFFFFFFFFFFFFFFFFF68
:1008A000FFFFFFFFFFFFFFFFFFFFFFFFFFFFFFFF58
:1008B000FFFFFFFFFFFFFFFFFFFFFFFFFFFFFFFF48
:1008C000FFFFFFFFFFFFFFFFFFFFFFFFFFFFFFFF38
:1008D000FFFFFFFFFFFFFFFFFFFFFFFFFFFFFFFF28
:1008E000FFFFFFFFFFFFFFFFFFFFFFFFFFFFFFFF18
:1008F000FFFFFFFFFFFFFFFFFFFFFFFFFFFFFFFF08
:10090000FFFFFFFFFFFFFFFFFFFFFFFFFFFFFFFFF7
:10091000FFFFFFFFFFFFFFFFFFFFFFFFFFFFFFFFE7
:10092000FFFFFFFFFFFFFFFFFFFFFFFFFFFFFFFFD7
:10093000FFFFFFFFFFFFFFFFFFFFFFFFFFFFFFFFC7
:10094000FFFFFFFFFFFFFFFFFFFFFFFFFFFFFFFFB7
:10095000FFFFFFFFFFFFFFFFFFFFFFFFFFFFFFFFA7
:10096000FFFFFFFFFFFFFFFFFFFFFFFFFFFFFFFF97
:10097000FFFFFFFFFFFFFFFFFFFFFFFFFFFFFFFF87
:10098000FFFFFFFFFFFFFFFFFFFFFFFFFFFFFFFF77
:10099000FFFFFFFFFFFFFFFFFFFFFFFFFFFFFFFF67
:1009A000FFFFFFFFFFFFFFFFFFFFFFFFFFFFFFFF57
:1009B000FFFFFFFFFFFFFFFFFFFFFFFFFFFFFFFF47
:1009C000FFFFFFFFFFFFFFFFFFFFFFFFFFFFFFFF37
:1009D000FFFFFFFFFFFFFFFFFFFFFFFFFFFFFFFF27
:1009E000FFFFFFFFFFFFFFFFFFFFFFFFFFFFFFFF17
:1009F000FFFFFFFFFFFFFFFFFFFFFFFFFFFFFFFF07
:100A0000FFFFFFFFFFFFFFFFFFFFFFFFFFFFFFFFF6
:100A1000FFFFFFFFFFFFFFFFFFFFFFFFFFFFFFFFE6
:100A2000FFFFFFFFFFFFFFFFFFFFFFFFFFFFFFFFD6
:100A3000FFFFFFFFFFFFFFFFFFFFFFFFFFFFFFFFC6
:100A4000FFFFFFFFFFFFFFFFFFFFFFFFFFFFFFFFB6
:100A5000FFFFFFFFFFFFFFFFFFFFFFFFFFFFFFFFA6
:100A6000FFFFFFFFFFFFFFFFFFFFFFFFFFFFFFFF96
:100A7000FFFFFFFFFFFFFFFFFFFFFFFFFFFFFFFF86
:100A8000FFFFFFFFFFFFFFFFFFFFFFFFFFFFFFFF76
:100A9000FFFFFFFFFFFFFFFFFFFFFFFFFFFFFFFF66
:100AA000FFFFFFFFFFFFFFFFFFFFFFFFFFFFFFFF56
:100AB000FFFFFFFFFFFFFFFFFFFFFFFFFFFFFFFF46
:100AC000FFFFFFFFFFFFFFFFFFFFFFFFFFFFFFFF36
:100AD000FFFFFFFFFFFFFFFFFFFFFFFFFFFFFFFF26
:100AE000FFFFFFFFFFFFFFFFFFFFFFFFFFFFFFFF16
:100AF000FFFFFFFFFFFFFFFFFFFFFFFFFFFFFFFF06
:100B0000FFFFFFFFFFFFFFFFFFFFFFFFFFFFFFFFF5
:100B1000FFFFFFFFFFFFFFFFFFFFFFFFFFFFFFFFE5
:100B2000FFFFFFFFFFFFFFFFFFFFFFFFFFFFFFFFD5
:100B3000FFFFFFFFFFFFFFFFFFFFFFFFFFFFFFFFC5
:100B4000FFFFFFFFFFFFFFFFFFFFFFFFFFFFFFFFB5
:100B5000FFFFFFFFFFFFFFFFFFFFFFFFFFFFFFFFA5
:100B6000FFFFFFFFFFFFFFFFFFFFFFFFFFFFFFFF95
:100B7000FFFFFFFFFFFFFFFFFFFFFFFFFFFFFFFF85
:100B8000FFFFFFFFFFFFFFFFFFFFFFFFFFFFFFFF75
:100B9000FFFFFFFFFFFFFFFFFFFFFFFFFFFFFFFF65
:100BA000FFFFFFFFFFFFFFFFFFFFFFFFFFFFFFFF55
:100BB000FFFFFFFFFFFFFFFFFFFFFFFFFFFFFFFF45
:100BC000FFFFFFFFFFFFFFFFFFFFFFFFFFFFFFFF35
:100BD000FFFFFFFFFFFFFFFFFFFFFFFFFFFFFFFF25
:100BE000FFFFFFFFFFFFFFFFFFFFFFFFFFFFFFFF15
:100BF000FFFFFFFFFFFFFFFFFFFFFFFFFFFFFFFF05
:100C0000FFFFFFFFFFFFFFFFFFFFFFFFFFFFFFFFF4
:100C1000FFFFFFFFFFFFFFFFFFFFFFFFFFFFFFFFE4
:100C2000FFFFFFFFFFFFFFFFFFFFFFFFFFFFFFFFD4
:100C3000FFFFFFFFFFFFFFFFFFFFFFFFFFFFFFFFC4
:100C4000FFFFFFFFFFFFFFFFFFFFFFFFFFFFFFFFB4
:100C5000FFFFFFFFFFFFFFFFFFFFFFFFFFFFFFFFA4
:100C6000FFFFFFFFFFFFFFFFFFFFFFFFFFFFFFFF94
:100C7000FFFFFFFFFFFFFFFFFFFFFFFFFFFFFFFF84
:100C8000FFFFFFFFFFFFFFFFFFFFFFFFFFFFFFFF74
:100C9000FFFFFFFFFFFFFFFFFFFFFFFFFFFFFFFF64
:100CA000FFFFFFFFFFFFFFFFFFFFFFFFFFFFFFFF54
:100CB000FFFFFFFFFFFFFFFFFFFFFFFFFFFFFFFF44
:100CC000FFFFFFFFFFFFFFFFFFFFFFFFFFFFFFFF34
:100CD000FFFFFFFFFFFFFFFFFFFFFFFFFFFFFFFF24
:100CE000FFFFFFFFFFFFFFFFFFFFFFFFFFFFFFFF14
:100CF000FFFFFFFFFFFFFFFFFFFFFFFFFFFFFFFF04
:100D0000FFFFFFFFFFFFFFFFFFFFFFFFFFFFFFFFF3
:100D1000FFFFFFFFFFFFFFFFFFFFFFFFFFFFFFFFE3
:100D2000FFFFFFFFFFFFFFFFFFFFFFFFFFFFFFFFD3
:100D3000FFFFFFFFFFFFFFFFFFFFFFFFFFFFFFFFC3
:100D4000FFFFFFFFFFFFFFFFFFFFFFFFFFFFFFFFB3
:100D5000FFFFFFFFFFFFFFFFFFFFFFFFFFFFFFFFA3
:100D6000FFFFFFFFFFFFFFFFFFFFFFFFFFFFFFFF93
:100D7000FFFFFFFFFFFFFFFFFFFFFFFFFFFFFFFF83
:100D8000FFFFFFFFFFFFFFFFFFFFFFFFFFFFFFFF73
:100D9000FFFFFFFFFFFFFFFFFFFFFFFFFFFFFFFF63
:100DA000FFFFFFFFFFFFFFFFFFFFFFFFFFFFFFFF53
:100DB000FFFFFFFFFFFFFFFFFFFFFFFFFFFFFFFF43
:100DC000FFFFFFFFFFFFFFFFFFFFFFFFFFFFFFFF33
:100DD000FFFFFFFFFFFFFFFFFFFFFFFFFFFFFFFF23
:100DE000FFFFFFFFFFFFFFFFFFFFFFFFFFFFFFFF13
:100DF000FFFFFFFFFFFFFFFFFFFFFFFFFFFFFFFF03
:100E0000FFFFFFFFFFFFFFFFFFFFFFFFFFFFFFFFF2
:100E1000FFFFFFFFFFFFFFFFFFFFFFFFFFFFFFFFE2
:100E2000FFFFFFFFFFFFFFFFFFFFFFFFFFFFFFFFD2
:100E3000FFFFFFFFFFFFFFFFFFFFFFFFFFFFFFFFC2
:100E4000FFFFFFFFFFFFFFFFFFFFFFFFFFFFFFFFB2
:100E5000FFFFFFFFFFFFFFFFFFFFFFFFFFFFFFFFA2
:100E6000FFFFFFFFFFFFFFFFFFFFFFFFFFFFFFFF92
:100E7000FFFFFFFFFFFFFFFFFFFFFFFFFFFFFFFF82
:100E8000FFFFFFFFFFFFFFFFFFFFFFFFFFFFFFFF72
:100E9000FFFFFFFFFFFFFFFFFFFFFFFFFFFFFFFF62
:100EA000FFFFFFFFFFFFFFFFFFFFFFFFFFFFFFFF52
:100EB000FFFFFFFFFFFFFFFFFFFFFFFFFFFFFFFF42
:100EC000FFFFFFFFFFFFFFFFFFFFFFFFFFFFFFFF32
:100ED000FFFFFFFFFFFFFFFFFFFFFFFFFFFFFFFF22
:100EE000FFFFFFFFFFFFFFFFFFFFFFFFFFFFFFFF12
:100EF000FFFFFFFFFFFFFFFFFFFFFFFFFFFFFFFF02
:100F0000FFFFFFFFFFFFFFFFFFFFFFFFFFFFFFFFF1
:100F1000FFFFFFFFFFFFFFFFFFFFFFFFFFFFFFFFE1
:100F2000FFFFFFFFFFFFFFFFFFFFFFFFFFFFFFFFD1
:100F3000FFFFFFFFFFFFFFFFFFFFFFFFFFFFFFFFC1
:100F4000FFFFFFFFFFFFFFFFFFFFFFFFFFFFFFFFB1
:100F5000FFFFFFFFFFFFFFFFFFFFFFFFFFFFFFFFA1
:100F6000FFFFFFFFFFFFFFFFFFFFFFFFFFFFFFFF91
:100F7000FFFFFFFFFFFFFFFFFFFFFFFFFFFFFFFF81
:100F8000FFFFFFFFFFFFFFFFFFFFFFFFFFFFFFFF71
:100F9000FFFFFFFFFFFFFFFFFFFFFFFFFFFFFFFF61
:100FA000FFFFFFFFFFFFFFFFFFFFFFFFFFFFFFFF51
:100FB000FFFFFFFFFFFFFFFFFFFFFFFFFFFFFFFF41
:100FC000FFFFFFFFFFFFFFFFFFFFFFFFFFFFFFFF31
:100FD000FFFFFFFFFFFFFFFFFFFFFFFFFFFFFFFF21
:100FE000FFFFFFFFFFFFFFFFFFFFFFFFFFFFFFFF11
:100FF000FFFFFFFFFFFFFFFFFFFFFFFFFFFFFFFF01
:10100000D1002043ED15006000000000000000004A
:101010002010006000100060002801600000000047
:10102000000000600034010000000000FFFFFFFF2F
:10103000FFFFFFFFFFFFFFFFFFFFFFFFFFFFFFFFC0
:10104000FFFFFFFFFFFFFFFFFFFFFFFFFFFFFFFFB0
:10105000FFFFFFFFFFFFFFFFFFFFFFFFFFFFFFFFA0
:10106000FFFFFFFFFFFFFFFFFFFFFFFFFFFFFFFF90
:10107000FFFFFFFFFFFFFFFFFFFFFFFFFFFFFFFF80
:10108000FFFFFFFFFFFFFFFFFFFFFFFFFFFFFFFF70
:10109000FFFFFFFFFFFFFFFFFFFFFFFFFFFFFFFF60
:1010A000FFFFFFFFFFFFFFFFFFFFFFFFFFFFFFFF50
:1010B000FFFFFFFFFFFFFFFFFFFFFFFFFFFFFFFF40
:1010C000FFFFFFFFFFFFFFFFFFFFFFFFFFFFFFFF30
:1010D000FFFFFFFFFFFFFFFFFFFFFFFFFFFFFFFF20
:1010E000FFFFFFFFFFFFFFFFFFFFFFFFFFFFFFFF10
:1010F000FFFFFFFFFFFFFFFFFFFFFFFFFFFFFFFF00
:10110000FFFFFFFFFFFFFFFFFFFFFFFFFFFFFFFFEF
:10111000FFFFFFFFFFFFFFFFFFFFFFFFFFFFFFFFDF
:10112000FFFFFFFFFFFFFFFFFFFFFFFFFFFFFFFFCF
:10113000FFFFFFFFFFFFFFFFFFFFFFFFFFFFFFFFBF
:10114000FFFFFFFFFFFFFFFFFFFFFFFFFFFFFFFFAF
:10115000FFFFFFFFFFFFFFFFFFFFFFFFFFFFFFFF9F
:10116000FFFFFFFFFFFFFFFFFFFFFFFFFFFFFFFF8F
:10117000FFFFFFFFFFFFFFFFFFFFFFFFFFFFFFFF7F
:10118000FFFFFFFFFFFFFFFFFFFFFFFFFFFFFFFF6F
:10119000FFFFFFFFFFFFFFFFFFFFFFFFFFFFFFFF5F
:1011A000FFFFFFFFFFFFFFFFFFFFFFFFFFFFFFFF4F
:1011B000FFFFFFFFFFFFFFFFFFFFFFFFFFFFFFFF3F
:1011C000FFFFFFFFFFFFFFFFFFFFFFFFFFFFFFFF2F
:1011D000FFFFFFFFFFFFFFFFFFFFFFFFFFFFFFFF1F
:1011E000FFFFFFFFFFFFFFFFFFFFFFFFFFFFFFFF0F
:1011F000FFFFFFFFFFFFFFFFFFFFFFFFFFFFFFFFFF
:10120000FFFFFFFFFFFFFFFFFFFFFFFFFFFFFFFFEE
:10121000FFFFFFFFFFFFFFFFFFFFFFFFFFFFFFFFDE
:10122000FFFFFFFFFFFFFFFFFFFFFFFFFFFFFFFFCE
:10123000FFFFFFFFFFFFFFFFFFFFFFFFFFFFFFFFBE
:10124000FFFFFFFFFFFFFFFFFFFFFFFFFFFFFFFFAE
:10125000FFFFFFFFFFFFFFFFFFFFFFFFFFFFFFFF9E
:10126000FFFFFFFFFFFFFFFFFFFFFFFFFFFFFFFF8E
:10127000FFFFFFFFFFFFFFFFFFFFFFFFFFFFFFFF7E
:10128000FFFFFFFFFFFFFFFFFFFFFFFFFFFFFFFF6E
:10129000FFFFFFFFFFFFFFFFFFFFFFFFFFFFFFFF5E
:1012A000FFFFFFFFFFFFFFFFFFFFFFFFFFFFFFFF4E
:1012B000FFFFFFFFFFFFFFFFFFFFFFFFFFFFFFFF3E
:1012C000FFFFFFFFFFFFFFFFFFFFFFFFFFFFFFFF2E
:1012D000FFFFFFFFFFFFFFFFFFFFFFFFFFFFFFFF1E
:1012E000FFFFFFFFFFFFFFFFFFFFFFFFFFFFFFFF0E
:1012F000FFFFFFFFFFFFFFFFFFFFFFFFFFFFFFFFFE
:10130000FFFFFFFFFFFFFFFFFFFFFFFFFFFFFFFFED
:10131000FFFFFFFFFFFFFFFFFFFFFFFFFFFFFFFFDD
:10132000FFFFFFFFFFFFFFFFFFFFFFFFFFFFFFFFCD
:10133000FFFFFFFFFFFFFFFFFFFFFFFFFFFFFFFFBD
:10134000FFFFFFFFFFFFFFFFFFFFFFFFFFFFFFFFAD
:10135000FFFFFFFFFFFFFFFFFFFFFFFFFFFFFFFF9D
:10136000FFFFFFFFFFFFFFFFFFFFFFFFFFFFFFFF8D
:10137000FFFFFFFFFFFFFFFFFFFFFFFFFFFFFFFF7D
:10138000FFFFFFFFFFFFFFFFFFFFFFFFFFFFFFFF6D
:10139000FFFFFFFFFFFFFFFFFFFFFFFFFFFFFFFF5D
:1013A000FFFFFFFFFFFFFFFFFFFFFFFFFFFFFFFF4D
:1013B000FFFFFFFFFFFFFFFFFFFFFFFFFFFFFFFF3D
:1013C000FFFFFFFFFFFFFFFFFFFFFFFFFFFFFFFF2D
:1013D000FFFFFFFFFFFFFFFFFFFFFFFFFFFFFFFF1D
:1013E000FFFFFFFFFFFFFFFFFFFFFFFFFFFFFFFF0D
:1013F000FFFFFFFFFFFFFFFFFFFFFFFFFFFFFFFFFD
:10140000824205D051F8043B40F8043B8242F9D8AF
:10141000704700BF044A05494FF0000342F8043BFF
:101420009142FBD8704700BFC02A002000B70020BF
:1014300080B5BFF34F8F00F0ABF9534C534B0820EE
:101440005349C3F85401534AC3F800115248C3F832
:10145000F0405249FFF7D4FF514A52495248FFF732
:10146000CFFF524CFFF7D6FF4FF470004FF0E02152
:1014700000234F4AC1F8880D44F823200133B02BD4
:10148000FAD14C4B80214C4A03F8011B9342FBD10B
:101490004FF0E025494F4A4A4FF0FF31C5F8084D5B
:1014A0000026D5F8243D43F4E023C5F8243DFB692C
:1014B00023F07F0343F04003FB617B6A23F07F034B
:1014C00043F040037B629166D1661167516700F07B
:1014D00067F93C4B63223C49A3633C4BE363032322
:1014E0006A613B4AAE612B61C5F8202DD5F8FC2D11
:1014F000384B42F08072C5F8FC2D1A6842F00102A8
:101500001A605B680B6000F0D5F9334800F074FB9B
:10151000F96E324B324A41F44051F9661E60C3F80D
:101520000861C3F81861C3F82861C3F83861936B88
:10153000DB0708D442F615632A4951651365936B9E
:1015400043F001039363264A274C936843F0011349
:10155000936000F013FB00F05BFB00F0D9F900F0A2
:1015600019F92368132BFCD900F06AFA2368B3F544
:10157000967FFBD300F012F900F00EF900F044FB67
:1015800000F03EFB30BFFDE70C0D111300800D4055
:101590001B101820F8DA000000000000701E006028
:1015A000C02A00206CF90060000000200028002004
:1015B00025A5000000E400E0A0E400E000C00F402A
:1015C00000C00A4091C0000070B6002095C0000025
:1015D00000002020001000E00046C3230040084027
:1015E00000400D400000C05674B60020054B4FF47B
:1015F0002A01054A05485A641864054A99639546C4
:10160000FFF716FF00C00A40AFAAAAAA07002000F1
:101610000000072043690A4A03EB011010B4037A63
:10162000084C02EB0313D3E901321460C2681A605C
:1016300003690BB142691A605DF8044B704700BF43
:101640005018002061F801004369027E03EB02128A
:1016500092F808C08C451CD01A7AFF2A19D0914202
:1016600010B5044616D01A7EFF2A06D00121D3E910
:10167000002312681A4201D1217610BD064B0522C3
:10168000204603EB0C135B681A60FFF7C3FF21765B
:10169000F3E770470021EAE75018002043690A4A3F
:1016A00003EB011010B490F82830084C02EB031340
:1016B000D3E901321460C26A1A60036B0BB1426B4A
:1016C0001A605DF8044B70475018002061F8010063
:1016D0004369427E03EB021292F828C08C451ED06B
:1016E00093F82820FF2A1AD0914210B5044617D04B
:1016F00093F83820FF2A06D00121D3E9002312688D
:101700001A4201D1617610BD064B0522204603EB3B
:101710000C135B681A60FFF7C1FF6176F3E770474F
:101720000021EAE750180020164942698B6B23F428
:101730007C0343F4802370B58B630446124DD2E9D9
:1017400000130A681A4303690A60022200211A6121
:101750000E4A19619A6401225A629D624FF4303533
:10176000DD624FF001159E6C1E6519629D651A6160
:10177000017EFFF74FFF617E2046BDE87040FFF716
:101780008DBF00BF00C00F40B80B05053B372819BF
:10179000704700BF704700BF704700BF00BF704771
:1017A00010B44FF0E023002110243248C3F8941DF8
:1017B000C3F89C4D1124C3F8A00D2F48C3F89C4DCD
:1017C0001224C3F8A00D2D48C3F89C4D2C4AC3F831
:1017D000A00D2C4C42F015022B48C3F89C4DC3F8C9
:1017E000A00D2A4C2A48C3F89C4DC3F8A00D294CE3
:1017F000C3F89C2D2848294AC3F8A04DC3F89C0D76
:10180000C3F8A02D02F5A022254C0C322548C3F8C0
:101810009C4DC3F8A02D244AC3F89C0DC3F8A02DFD
:1018200002F14062214C02322148C3F89C4DC3F8BA
:10183000A02D0A32C3F89C0DC3F8A02D00BF00BF35
:1018400000BF00BF00BF0122C3F8942DBFF34F8F2C
:10185000BFF36F8FC3F8501FBFF34F8FBFF36F8F6E
:10186000D3F8142D5DF8044B42F44032C3F8142D24
:10187000704700BF3F000010250008070900100056
:1018800000B70020130020002100020714000020F0
:1018900025000813090000101600202027000B1354
:1018A00017000040180000602F000B07190000709F
:1018B0001A000080F0B4154A40274FF480314FF4ED
:1018C00080564FF400554FF4404443F242001369F0
:1018D00013F0020F0ED113F4005F0FD013F4805FEA
:1018E0000ED0002BF3DA13F4803F0BD15B060BD53F
:1018F000F0BC7047946151619061E8E75561E6E79B
:101900005661E4E79161E2E75761E0E700800D404E
:101910003F4A03203F49F3EE095AD2F880304FF096
:10192000000C9FED3D6A23F001039FED3C5A30B45B
:10193000C2F88030C2F89000D1F8E010384DCBB238
:10194000384C39482B6007EE903A0B0DC1F30B2150
:10195000F8EEE77A06EE903A07EE101A334BB8EE3F
:10196000C77A2160F8EEE66A314937EEC66A37EE8B
:10197000C55A76EEC76A77EEE57A26EE266AC3ED9B
:10198000006A25EE265AD2F8803067EEA64AC0EDEE
:10199000007AC6EE275A274885EE276AC4EEA76A62
:1019A00075EE875AFCEEE55A36EE076A15EE904A58
:1019B000BCEEC66A43EA045376EE877AC2F88030FA
:1019C00016EE103AD2F89041FCEEE77A01EA0341B4
:1019D000214317EE903AC2F89011C3F30B03D2F8EB
:1019E00090110B431449C2F89031D2F8803043F083
:1019F0000203C2F88030114B80F840C0C1F840317A
:101A00004FF0E023012230BCC3F80821704700BF2B
:101A100000810D4000441F400000AA420000B44273
:101A200060B600205CB6002064B6002068B60020D6
:101A30000000FF0F00E400E000280020E5A6000001
:101A4000314B40F6617210B5C3F8202140F20444D6
:101A500000F0CEF82D4A2E49D2F880302D4843F0C0
:101A60000303C2F880302C4BC1F8604102681A426F
:101A700003D1D1F8A8319A071BD0254A4FF0004175
:101A8000244B5963D2F8403143F00203C2F840318D
:101A9000D2F840319B07FBD44FF400304FF0E021E7
:101AA0001C4B4FF00042C1F88C0219209A6300F0E1
:101AB00097F8184A4FF08040154C002190630A2097
:101AC000164B11604FF44072C4F8A801184600F09C
:101AD0008BF84FF4800203464FF4810040F243112B
:101AE0001860C4F858311A640D4B0E4AC4F84811F6
:101AF000C3F804224FF0E0224FF400310123C2F872
:101B00000C11C4F8403110BD00800D4000C00F40E2
:101B100000002E4000900D40001C1E000000002020
:101B200000280020CDA8000008B50E4B1B6E9B07B7
:101B300000D4FBBE72B60C4B00200C4AC3F8400127
:101B400003F160430A49A3F55F2311649D46BFF387
:101B50004F8F4FF400130748074ADB6902609B6808
:101B6000984700BF00441F4000002E4000C00A40BC
:101B70000300200000802020000012EB104BA0206A
:101B8000104AD96E41F4403110B4D96640F237643E
:101B9000D96E41F44071D96654649064936C1B060D
:101BA000FCD4094A40F23761A02351649364936CDA
:101BB00013F08003FBD1054A13705DF8044B7047A6
:101BC00000C00F4000400C4000800C40BDB600201B
:101BD000F8B500BFF8BC08BC9E4670470000000086
:101BE0005FF800F0A1A000005FF800F069D10000EC
:101BF0005FF800F045B000005FF800F0B19D000014
:101C00005FF800F00DA200005FF800F0A1D2000024
:101C10005FF800F031A4000045000000A546000078
:101C200080C00F40000000031900000010000000F9
:101C3000E8841F4001000000FF000000FF000000DA
:101C4000000000000000000018000000100000006C
:101C5000E4841F4001000000FF000000FF000000BE
:101C600000000000000000001F000000698C000060
:101C700070C00F40000C00001100000011000000B7
:101C8000E0841F4002000000240000001200000059
:101C9000E0841F400100000010000000110000005F
:101CA000DC841F400200000025000000120000003C
:101CB000DC841F40010000001E0000005D8C00005D
:101CC00070C00F40C00000001200000013000000B0
:101CD000D0841F4001000000FF000000FF00000052
:101CE00000000000000000001300000013000000CE
:101CF000CC841F4001000000FF000000FF00000036
:101D000000000000000000001C000000518C0000DA
:101D100018034400750061006C002000530065004A
:101D20007200690061006C001803540065006500D2
:101D30006E00730079006400750069006E006F002A
:101D40000403090409028D00040100C032080B00DD
:101D50000202020100090400000102020100052440
:101D600000100105240101010424020605240600D7
:101D7000010705820310001009040100020A000097
:101D80000007050302400000070583024000000829
:101D90000B0202020201000904020001020201001A
:101DA0000524001001052401010104240206052474
:101DB0000602030705840310004009040300020A19
:101DC00000000007050502400000070585024000ED
:101DD0000000000009028D00040100C032080B0061
:101DE00002020201000904000001020201000524B0
:101DF0000010010524010101042402060524060047
:101E0000010705820310000509040100020A000011
:101E10000007050302000200070583020002000814
:101E20000B02020202010009040200010202010089
:101E300005240010010524010101042402060524E3
:101E40000602030705840310000509040300020AC3
:101E500000000007050502000200070585020002D8
:101E6000000000000A060002EF020140010000002D
:101E70000000000000000000000000000000000062
:101E80000000000000000000000000000000000052
:101E90000548064B1B1AD90F01EBA301491002D0CC
:101EA000034B03B118477047C02A0020C02A002006
:101EB0000000000008B5054B1BB105490548AFF30C
:101EC0000080BDE80840FFF7E3BF00BF000000004E
:101ED000B8B500200034016000207047704700BF93
:101EE00000207047034B186810B103681B6818473F
:101EF000704700BFB0800020034B186810B1036822
:101F00001B681847704700BFB48000202DE9F041DE
:101F100000F5005090B0574C9646574B0094C0F8CF
:101F200010191B6A5548C3F301230468403304F0B9
:101F300080746B4413F8406C514B03FB06F6036846
:101F4000B6FBF1F2B6FBF2F543F0A0434D1B036084
:101F50000368DF01FCD5052A4FF0000C2AD9604642
:101F6000831C0130B2FBF3F7192F07FB03F3F7D8FB
:101F70004FF00108B6FBF3F3CB1A002BB8BF5B425E
:101F8000AB420BDBA7F10C0318BF4FF00008062B88
:101F90000AD8B8F1000F07D08446E1E71D46A7F143
:101FA0000C038446062BF4D9052FD9D80CF1010374
:101FB000B2FBF3F2B5F5967FA2F105024CDC142AD0
:101FC0004AD802EB42022F4F6E46DFF8B08002F192
:101FD0004003BEF1020F0DEB03050FCF0FC60FCF6D
:101FE0000FC60FCF0FC697E80F0007C626F8023BB3
:101FF0004FEA1343337015F83F3C15F83E2C4FEA77
:10200000C34315F8401C4FEA024203F4601301F089
:10201000070102F4E02243EA020343EA010343F426
:10202000800343EA0C6343F48043C8F80430D8F8D3
:10203000043014BF23F0080343F00803C8F8043049
:102040003CB90E4A136823F0805313601368DB0118
:10205000FCD410B0BDE8F081002CFAD1074A136817
:1020600023F0805313601368D901FCD410B0BDE88D
:10207000F08100BF3C18500000C00F4000001D4020
:1020800040420F00000300202DE9F04100F5005010
:1020900090B0574C9646574B0094C0F810191B6AE5
:1020A0005548C3F301230468403304F080746B4443
:1020B00013F8406C514B03FB06F60368B6FBF1F2D4
:1020C000B6FBF2F543F0A0434D1B03600368DF014C
:1020D000FCD5052A4FF0000C2AD96046831C01303C
:1020E000B2FBF3F7192F07FB03F3F7D84FF0010802
:1020F000B6FBF3F3CB1A002BB8BF5B42AB420BDB52
:10210000A7F10C0318BF4FF00008062B0AD8B8F14E
:10211000000F07D08446E1E71D46A7F10C03844673
:10212000062BF4D9052FD9D80CF10103B2FBF3F239
:10213000B5F5967FA2F105024CDC142A4AD802EBD1
:1021400042022F4F6E46DFF8B08002F14003BEF12D
:10215000020F0DEB03050FCF0FC60FCF0FC60FCF2A
:102160000FC697E80F0007C626F8023B4FEA134355
:10217000337015F83F3C15F83E2C4FEAC34315F871
:10218000401C4FEA024203F4601301F0070102F41D
:10219000E02243EA020343EA010343F4800343EAF3
:1021A0000C6343F48043C8F80430D8F8043014BFFB
:1021B00023F0080343F00803C8F804303CB90E4A82
:1021C000136823F0805313601368DB01FCD410B054
:1021D000BDE8F081002CFAD1074A136823F0805340
:1021E00013601368D901FCD410B0BDE8F08100BFC2
:1021F0003C18500000C00F4000401D4040420F00FE
:10220000000300200020704700207047082070471E
:1022100000207047002070470820704770B590F884
:10222000213004460E461546102B24D80BBB94F8DB
:102230002020291EE3694FEA420218BF012183F8DA
:10224000A5200122890183F8302183F82F21E0693C
:1022500003681B689847E069314603681B68984724
:10226000022D10D194F821300133DBB284F82130F3
:1022700070BD002AEFD10121E06908F04BFB00237B
:1022800084F82130D3E70121E06908F043FB002303
:1022900084F8213070BD00BF10490B68486B0A6894
:1022A000496B02F07F02C1F3036101320431B2EBEA
:1022B000410F10D303F07F03C0F30360053B0130EF
:1022C000A3EB4003DBB2054A106800F07F00013049
:1022D000C01AC0B270470023F5E700BF00001D40E0
:1022E00010490B68486B0A68496B02F07F02C1F322
:1022F000036101320431B2EB410F10D303F07F03CD
:10230000C0F30360053B0130A3EB4003DBB2054A99
:10231000106800F07F000130C01AC0B2704700237F
:10232000F5E700BF00401D40104A136843F0A0438A
:1023300013601368D901FCD5136878B123F4003316
:102340001360536843F480535360084A136823F0C2
:10235000805313601368DB01FCD4704743F40033EF
:102360001360536823F480535360EEE700401D4030
:10237000104A136843F0A04313601368D901FCD5D9
:10238000136878B123F400331360536843F4805327
:102390005360084A136823F0805313601368DB010D
:1023A000FCD4704743F400331360536823F4805324
:1023B0005360EEE700001D4010B5044600230A22DA
:1023C00009F044FA2046BDE8104009F031BA00BFD8
:1023D00010B5044600230A2209F038FA2046BDE869
:1023E000104009F025BA00BF69B170B5054608462E
:1023F0000C460DF09DF82B680246214628465B6886
:10240000BDE8704018477047634A2DE9F0411468F1
:10241000136804F0807443F0A04313601368DD0177
:10242000FCD511680023DFF878C121F000515B4F23
:10243000594E1160194653629362126803EB0C0205
:10244000DD1901331201AD00D160DBB29160516042
:1024500011602960326802F07F0201329342EDD3AD
:10246000B1643161F26A336BF2623363336800281E
:1024700049D1DFF82C810546474E484F19E03368B3
:1024800003F07F030133B0EB930F34BF4FF0806351
:102490004FF08C631360736BC3F300439B070B60B7
:1024A0003368013503F07F03EDB2013328469D42C6
:1024B0001ED2336805EB0802E91903F07F0312010D
:1024C00089000133B0EB530FD9D34FF00063136091
:1024D00033689A0003D5FFF7DFFEA842E0D8012356
:1024E0001F2D03FA05F34CD8B26A1343B362D7E742
:1024F0003CB9294A136823F0805313601368DB0149
:10250000FCD4BDE8F08143F000533360356815F02A
:1025100000553ED0FFF7C0FE3368054603F07F0349
:1025200001338342E4D91E4F4FF00066DFF8688024
:102530000DE0D8F828201343C8F82830D8F8003028
:10254000013503F07F03EDB201339D42D0D2EB1988
:102550001B011E60D8F80030990003D5FFF79CFEE0
:102560008542EBD301231F2D03FA05F3E1D9A5F131
:1025700020010123D8F824208B401343C8F82430CD
:10258000DCE7A5F120010123726A8B4013437362DB
:1025900086E73368C7E700BF00001D4020420710F0
:1025A00008D00104634A2DE9F0411468136804F06F
:1025B000807443F0A04313601368DD01FCD51168FB
:1025C0000023DFF878C121F000515B4F594E1160B4
:1025D000194653629362126803EB0C02DD19013352
:1025E0001201AD00D160DBB29160516011602960D1
:1025F000326802F07F0201329342EDD3B16431615F
:10260000F26A336BF26233633368002849D1DFF832
:102610002C810546474E484F19E0336803F07F038D
:102620000133B0EB930F34BF4FF080634FF08C63F6
:102630001360736BC3F300439B070B603368013572
:1026400003F07F03EDB2013328469D421ED233686A
:1026500005EB0802E91903F07F0312018900013339
:10266000B0EB530FD9D34FF00063136033689A0077
:1026700003D5FFF735FEA842E0D801231F2D03FA4A
:1026800005F34CD8B26A1343B362D7E73CB9294A81
:10269000136823F0805313601368DB01FCD4BDE89A
:1026A000F08143F000533360356815F000553ED09B
:1026B000FFF716FE3368054603F07F0301338342BC
:1026C000E4D91E4F4FF00066DFF868800DE0D8F8BF
:1026D00028201343C8F82830D8F80030013503F01B
:1026E0007F03EDB201339D42D0D2EB191B011E6076
:1026F000D8F80030990003D5FFF7F2FD8542EBD3FF
:1027000001231F2D03FA05F3E1D9A5F120010123CF
:10271000D8F824208B401343C8F82430DCE7A5F117
:1027200020010123726A8B401343736286E733688A
:10273000C7E700BF00401D402052071008D4010425
:102740002DE9F047876817F001044AD1002F5DDDBD
:10275000054690464E1EA1462CE0A0F14103DBB297
:10276000052B46D837385FFA80FA09F1010128466F
:1027700009F0D0F9A0F13003DBB2092B0BD9A0F19D
:102780006103DBB2052B31D9A0F14103DBB2052B8C
:1027900027D83738C3B243EA0A020F2A21D809F1F1
:1027A000020943EA0A1301344F4506F8013F15DDDB
:1027B000A04513DD4946284609F0ACF9A0F1300ADE
:1027C0005FFA8AFABAF1090FCFD9A0F16103DBB23F
:1027D000052BC2D857385FFA80FAC6E76300BB42C0
:1027E00001D04FF0FF342046BDE8F0875738C3B220
:1027F000D1E709F10101284609F08CF9A0F1300375
:10280000DBB2092BEDD94FF0FF0AB8E72346E6E724
:1028100070B506460D461A48032114460AF0CAFE52
:10282000062118480AF0C6FE0F2E25D9314600238E
:102830001022154809F00AF8062114480AF0BAFED9
:10284000002C14DD621E104E6C1E154406E00023A1
:102850001022304608F0FAFFAC4208D014F8011FED
:102860000F29F4D830200AF08FFE2178EFE70648D0
:10287000BDE8704008F0DCBF30200AF085FED5E7E7
:102880003414002038140020A81C0020401400201C
:1028900038B5044649B108460D460CF049FE236898
:1028A000024629465B68204698472046BDE83840E6
:1028B00008F0BEBF70B515460C460246002125EA59
:1028C000E575144808F060F920460CF031FE0C2D37
:1028D000024621460F484FF000040E4EA8BF0C25BB
:1028E00008F042FF02220C490A4808F03DFFA542C9
:1028F000CCBF232120210134304608F031FA0C2CC2
:10290000F5D15D21034808F02BFA0248BDE870407C
:1029100008F0EAB9D0B500204814002070B5604B2B
:1029200082B06049002201930B6AC3F3012308338C
:102930006B4413F8043CC0E90122C0E90322002BD8
:1029400000F0858000F5005556492420564B01249F
:10295000564A0226C5F80C091220C3F8D0208A6E08
:10296000534B42F470328A6641F2B00185F8154942
:10297000504A514CC3F81C01C3F80C13E664C3F869
:102980002001C3F81013136823F000431360136889
:1029900043F0A04313601368DC01FCD5536845493C
:1029A00043F008035360136843F0804313600B68DF
:1029B000D802FCD40B683F4A43F000730B601368E5
:1029C0009901FCD43B4C2368DA01FCD52368002034
:1029D00043F400332360236843F480332360236887
:1029E00043F480532360236843F400532360236837
:1029F00043F480032360236843F4002323602368A7
:102A000023F408432360636B43F4E0236363236888
:102A100043F400132360236843F080632360FFF7CF
:102A2000F3FC2368234A23F0805323601368DB01FF
:102A3000FCD4D5F80C290121204B03EB521302F0F2
:102A40001F029B0001FA02F21A6002B070BD0B6A0D
:102A50001B4A23F47F7343F480730B621368E3B162
:102A6000144A00F500551C6818465268D5F810192C
:102A7000C2F3C002636852009847124B18680028DE
:102A80003FF462AF0B4A03685268D5F81019C2F3DD
:102A9000C0025B685200984756E700F50055ECE726
:102AA0003C18500000C00F400028002075000000B6
:102AB00000801F4000001D4000841F404038003847
:102AC000B0800020B480002070B5604B82B06049B7
:102AD000002201930B6AC3F3012308336B4413F8FC
:102AE000043CC0E90122C0E90322002B00F08580EC
:102AF00000F5005556492520564B0224564A01261A
:102B0000C5F80C091020C3F8D4208A6E534B42F448
:102B100070128A6641F2B00185F81549504A514C4D
:102B2000C3F8C400C3F8B4122665C3F8C800C3F8DC
:102B3000B812136823F000431360136843F0A043F6
:102B400013601368DC01FCD55368454943F0080362
:102B50005360136843F0804313600B68D802FCD4C1
:102B60000B683F4A43F000730B6013689901FCD473
:102B70003B4C2368DA01FCD52368002043F4003382
:102B80002360236843F480332360236843F4805335
:102B90002360236843F400532360236843F48003D5
:102BA0002360236843F400232360236823F408434D
:102BB0002360636B43F4E0236363236843F40013EF
:102BC0002360236843F080632360FFF7EBFC2368F6
:102BD000234A23F0805323601368DB01FCD4D5F82B
:102BE0000C290121204B03EB521302F01F029B0022
:102BF00001FA02F21A6002B070BD0B6A1B4A23F49C
:102C00007F7343F480730B621368E3B1144A00F5D9
:102C100000551C6818465268D5F81019C2F3C00256
:102C2000636852009847124B186800283FF462AF5F
:102C30000B4A03685268D5F81019C2F3C0025B68EA
:102C40005200984756E700F50055ECE73C18500055
:102C500000C00F40002800208900000000801F40B5
:102C600000401D4000841F4040380038B0800020E4
:102C7000B48000202DE9F843634D40F2EE28634C08
:102C8000634FDFF8C4912E680BF0A2F82378002B75
:102C900000F094803B78DB0740F190802B68D9F8F6
:102CA00000209B1A0E2B40F289805A48FFF736FE0F
:102CB000594B5A4C002219685648FFF727F92368E8
:102CC00043F0A04323602368DD01FCD50020256884
:102CD000FFF79AFBE26A236BE2622363236823F027
:102CE0007F032360236843F00F032360AC0073D499
:102CF0004A4A136823F0805313601368D801FCD448
:102D00000120474CFFF780FB4648FFF7DDFE464BAE
:102D1000022244481968FFF7B7F9236843F0A0433B
:102D200023602368D901FCD500202568FFF73AFC11
:102D3000E26A236BE262AA002363236823F07F0325
:102D40002360236843F00F03236057D4344A136889
:102D500023F0805313601368DB01FCD4334C012053
:102D6000FFF720FC012520460CF0EAFD3049204603
:102D700007F0B8FE78232946204684F8A53084F869
:102D8000305184F82F5107F0C5FD48BB3C2329483A
:102D900001242949294A0B7080F820300023284952
:102DA00080F82130147007F07FFF2248254907F092
:102DB000B5FF2048BDE8F84307F058BF2B682278DC
:102DC0009B1B32B1B3F5FA6F3FF66FAF0BF000F813
:102DD0005AE74345FAD968E70120FFF715FB87E773
:102DE0007A232946204684F8305184F8A53084F8A7
:102DF0002F5107F08FFD28B93D23C8E70120FFF7C9
:102E0000D1FBA3E7BDE8F88374B60020CCB6002060
:102E1000CBB60020082E00205C21002000001D40C1
:102E200000401D402057002060210020281D002068
:102E3000801A0600D0B50020B7B60020B0B600203A
:102E4000101400205814002090B600201F2910B440
:102E500022D8012318488B400363184B4FF00064BD
:102E6000D0790B441B011C60E8B1117A1068090588
:102E700020F0604041F4C0015860D0685DF8044B18
:102E800000BA9860106900BAD860D27A41EA02426A
:102E900042F040621A607047A1F120040123064805
:102EA000A340C362D9E714680548117A00EA844058
:102EB00009055860E1E700BF00001D4008D001048B
:102EC0000000FC1F1F2910B422D8012318488B4092
:102ED0000363184B4FF00064D0790B441B011C6056
:102EE000E8B1117A1068090520F0604041F4C00192
:102EF0005860D0685DF8044B00BA9860106900BA59
:102F0000D860D27A41EA024242F040621A607047C9
:102F1000A1F1200401230648A340C362D9E7146845
:102F20000548117A00EA844009055860E1E700BFCE
:102F300000401D4008D401040000FC1F00F5805330
:102F4000D3F8003EDB0069D5374B2DE9F04F5E6BBF
:102F50004FF0000E41F6146941F60467C6F30366AC
:102F600041F60868F600083609E013685B0F052B88
:102F700034D00EF1010E5FFA8EF39E4250D90EEB63
:102F80004E0500EBC50C0CF5F05213685B0F012BDE
:102F900013680DD05B0F022BE7D15CF807308B4232
:102FA000E7D85CF808308B42E3D30120BDE8F08F0E
:102FB00013F4607FDDD06D00002304E01468C4F3D7
:102FC000C21C6345D5D2013305EB030CDBB20CF513
:102FD000F06C50F82C408C42F0D1E6E7136813F403
:102FE000607FC6D0CC446D00012405E01368C3F3B4
:102FF000C21301339C42BCD22B19DCF800A001346F
:1030000003F5F0630AEA010AE4B250F82330DCF871
:1030100000B003EA0B039A45E8D1C6E701207047E8
:103020000020BDE8F08F00BF00401D4001EB4101D2
:1030300070B500EBC10404F5045EDEF80030DB007F
:1030400028D5DEF800305B0F012B0BD0DEF8003006
:103050005B0F022B42D0DEF800305B0F052B1BD03C
:10306000002070BDDEF8004014F4607FF8D000232B
:103070004D0005E0DEF80010C1F3C21C6345EFD23D
:10308000013305EB030CDBB20CF5046C50F82C405B
:103090009442EFD1012070BDDEF8005015F4607F3E
:1030A000DED042F2141549000123254407E0DEF882
:1030B0000040C4F3C21C0CF1010C6345D0D22C6853
:1030C00004EA020CCC18013304F50464DBB250F8B6
:1030D00024402E683440A445E9D1DBE742F20413D2
:1030E000E3589342BCD842F20813E058904234BFF0
:1030F0000020012070BD00BF00F58053D3F8003ED2
:10310000DB0069D5374B2DE9F04F5E6B4FF0000EB9
:1031100041F6146941F60467C6F3036641F6086890
:10312000F600083609E013685B0F052B34D00EF16A
:10313000010E5FFA8EF39E4250D90EEB4E0500EB66
:10314000C50C0CF5F05213685B0F012B13680DD002
:103150005B0F022BE7D15CF807308B42E7D85CF8B5
:1031600008308B42E3D30120BDE8F08F13F4607F79
:10317000DDD06D00002304E01468C4F3C21C634575
:10318000D5D2013305EB030CDBB20CF5F06C50F833
:103190002C408C42F0D1E6E7136813F4607FC6D070
:1031A000CC446D00012405E01368C3F3C21301335E
:1031B0009C42BCD22B19DCF800A0013403F5F0636B
:1031C0000AEA010AE4B250F82330DCF800B003EA5E
:1031D0000B039A45E8D1C6E7012070470020BDE8FF
:1031E000F08F00BF00001D4001EB410170B500EB06
:1031F000C10404F5045EDEF80030DB0028D5DEF8FB
:1032000000305B0F012B0BD0DEF800305B0F022B80
:1032100042D0DEF800305B0F052B1BD0002070BDC4
:10322000DEF8004014F4607FF8D000234D0005E084
:10323000DEF80010C1F3C21C6345EFD2013305EB89
:10324000030CDBB20CF5046C50F82C409442EFD127
:10325000012070BDDEF8005015F4607FDED042F230
:10326000141549000123254407E0DEF80040C4F3AB
:10327000C21C0CF1010C6345D0D22C6804EA020C8C
:10328000CC18013304F50464DBB250F824402E68F6
:103290003440A445E9D1DBE742F20413E3589342FA
:1032A000BCD842F20813E058904234BF00200120FD
:1032B00070BD00BF43884FF01A0C03F00F0310B528
:1032C0000CFB03034FEA122E044683F816E04388F2
:1032D00003F00F030CFB0303DA75408800F00F00C6
:1032E0000CFB004018300BF0FBFD6288238892B283
:1032F0009BB283F010039A4204D12388013303F078
:103300001F0323806388013303F01F036380A388B6
:103310009BB20F2B03D8A38801339BB2A38010BDAF
:103320008B7DF0B50D468DB00446504E002B45D137
:10333000336813F0005C25D0FEF7AEFF3368844697
:1033400003F07F03013383421ED94949474807E010
:1033500003685FFA82FC03F07F0301339C4513D2BC
:103360000CEB01030CF101021B011B68C3F30363A7
:10337000082BEDD120462A466146FFF767FD012064
:103380000DB0F0BD3368E0E7EE46384E0FCDF446A1
:10339000ACE80F0095E803008CE80300306A10F0F9
:1033A000200045D104F58053B3F81E3B9BB2102B8F
:1033B000E6D0FF2306AD8DF814302AE0306810F017
:1033C000005038D0FEF768FF336803F07F03013305
:1033D000984231D3274B4FF0FF3C1B68C3F3036384
:1033E000082B3BD0EE46214F0FCD76460FC695E811
:1033F000030086E80300386A10F0200018D104F5B5
:103400008053B3F81E3B9BB2102BB9D006AD8DF89C
:1034100014C0BEE80F000FC59EE80300182285E81F
:10342000030041F61A300DEB02012044FFF742FF82
:1034300001200DB0F0BD33680D490C4E05E0336836
:1034400003F07F0301339842C4D24318421C8446E0
:103450001B01D0B21A681201BFD4F0E720462A46F9
:103460005FFA8CF1FFF7F2FC012089E700001D40B4
:1034700008D0010470001D402DE9F04F924C87B038
:103480000021204608F046FB53283CD0433837281B
:103490003CD8DFE810F09D003B003B00A2003B0061
:1034A0003B003B003B003B00A500410058005F0093
:1034B0003B003B0041003B0071003B009A003B0099
:1034C0003B003B0041003B003B003B003B003B001E
:1034D0003B003B003B003B003B003B003B003B0014
:1034E0003B003B003B003B003B0041003B003B00FE
:1034F0003B003B0041003B00A8003B0072013B0049
:103500003B003B004100A368012B0BD8072007B00C
:10351000BDE8F04F0AF038B80D2007B0BDE8F04F15
:103520000AF032B80121204608F0F4FA3038C0B26F
:103530000828EBD8654B53F82030002BE6D0644ABE
:103540000D201360E3E70621624807B0BDE8F04FA5
:103550000AF030B85E4B002219685F48FEF7D6FCCF
:103560000120FEF751FF5D4B01220D201A7007B0BC
:10357000BDE8F04F0AF008B8A368092B40F2F780C5
:1035800001270025504E0BE00529A0F137004FF030
:10359000FF0398BFC3B201371D43092F00F0F0802D
:1035A0003946304608F0B6FAA0F13003A0F16102C6
:1035B000A0F14101DBB22D01092BD2B2C9B2EAD987
:1035C000052AE1D85738C3B2E5E706214448BCE7ED
:1035D000424B00220D201A7099E704214148B4E7BC
:1035E0003B4B0222B8E7A368042B40F2C0800121C4
:1035F000354808F08FFAA0F13003DBB2092B40F216
:103600008881A0F16103DBB2052B40F28C81A0F12F
:103610004103DBB2052B00F28B81A0F13706F6B235
:1036200036020221284808F075FAA0F13003DBB217
:10363000092B40F26C81A0F16103DBB2052B40F253
:103640006D81A0F14103DBB2052B00F27481A0F182
:103650003705EDB22D0103211B4808F05BFAA0F1FC
:1036600030033543DBB2092B0DD9A0F16103DBB286
:10367000052B40F25081A0F14103DBB2052B00F293
:103680005D813738C3B204210F481D4308F042FA68
:103690003038E946C6B2092E40F21781124F4FF07A
:1036A000080C4E46E2460FCF0FC697E8030086E8A7
:1036B000030000958DF80BC00DF10B084FF0060BC1
:1036C0000026014F43E000BFACB50020A00300205E
:1036D0007C800020F0130020082E0020ACB60020D3
:1036E000E0130020F813002040030020A0F1610344
:1036F000DBB2052B40F2E080A0F14103DBB2052BE9
:1037000000F2DF803738000100F0F00559463846F6
:1037100008F000FAA0F13003DBB2092B40F2B780C9
:10372000A0F16103DBB2052B40F2C280A0F141039E
:10373000DBB2052B00F2C78037380543EDB2013606
:103740000BF1020B08F8015F564580F2D380A368A5
:103750005B450CDD0BF1FF31384608F0DBF9A0F1D9
:103760003005EDB2092DC1D82D01EDB2CEE707200D
:1037700009F00AFF07B0BDE8F08F06217548E4E6BE
:103780003946754808F0C6F93038E946C6B2092E00
:1037900059D9724F4FF0080C4E464FF0010EE046DB
:1037A0000FCF0FC697E8030086E8030000958DF859
:1037B00007E08DF80BC00DF10B074FF00B0A002549
:1037C000654E2CE0A0F16103DBB2052B61D9A0F1BD
:1037D0004103DBB2052B66D83738000100F0F00B4F
:1037E0005146304608F096F9A0F13003DBB2092BC0
:1037F0004AD9A0F16103DBB2052B4FD9A0F14103F7
:10380000DBB2052B52D837384BEA000B5FFA8BF34B
:1038100001350AF1020A07F8013F45452BDAA36892
:103820005345A4DD0AF1FF31304608F073F9A0F1E9
:10383000300B5FFA8BFBBBF1090FC3D84FEA0B1BB0
:103840005FFA8BFBCCE7DFF814C1082E4F46B04679
:103850004FF0010EA8BF4FF00808BCE80F000FC7DB
:103860009CE8030087E8030000958DF807E08DF8D9
:103870000B80002E9FD13A4B1B78002B60D1012189
:10388000384809F097FE75E743EA0B03C0E71D438C
:1038900055E75738000100F0F00BA1E757384BEA25
:1038A0000003DBB2B4E74FF0F00B99E7FF23AFE77B
:1038B00057382843C5B242E75738000100F0F005F9
:1038C00024E7F02522E7FF2539E7DFF890C0082E2E
:1038D0004F46B246A8BF4FF0080ABCE80F000FC71A
:1038E0009CE8030087E8030000958DF80BA0002EEC
:1038F0007FF4E2AE1A4B1B78002BC0D049461A4821
:10390000FFF70EFD0028BAD002211848B9E71D01C3
:10391000A1E61E0285E65738C3B2B4E6A0F157050A
:10392000EDB22D0197E6A0F15706F6B2360278E621
:103930004FF47F4675E64FF47F658CE6FF23A2E6E1
:1039400049460948FFF7ECFC002898D002210848B6
:1039500097E700BFE8130020ACB50020400300202B
:10396000ACB60020D4130020082E0020D81300206D
:10397000DC1300208B7DF0B50D468DB00446504E13
:10398000002B45D1336813F0005C25D0FEF7A8FC6E
:103990003368844603F07F03013383421ED94949CB
:1039A000474807E003685FFA82FC03F07F030133B6
:1039B0009C4513D20CEB01030CF101021B011B68A7
:1039C000C3F30363082BEDD120462A466146FFF777
:1039D00079FA01200DB0F0BD3368E0E7EE46384ECD
:1039E0000FCDF446ACE80F0095E803008CE8030027
:1039F000306A10F0200045D104F58053B3F81E3B27
:103A00009BB2102BE6D0FF2306AD8DF814302AE0D0
:103A1000306810F0005038D0FEF762FC336803F0D5
:103A20007F030133984231D3274B4FF0FF3C1B6893
:103A3000C3F30363082B3BD0EE46214F0FCD7646F0
:103A40000FC695E8030086E80300386A10F02000EE
:103A500018D104F58053B3F81E3B9BB2102BB9D09C
:103A600006AD8DF814C0BEE80F000FC59EE8030038
:103A7000182285E8030041F61A300DEB02012044BC
:103A8000FFF718FC01200DB0F0BD33680D490C4E56
:103A900005E0336803F07F0301339842C4D2431832
:103AA000421C84461B01D0B21A681201BFD4F0E751
:103AB00020462A465FFA8CF1FFF704FA012089E7D5
:103AC00000401D4008D4010470401D402DE9F04322
:103AD000184C87B0276867B9174E0023174A184952
:103AE0001370184A236033800B80137007B0BDE851
:103AF000F083154DEC46104E4FF001084FF0A80E24
:103B0000022FB6F800900FCDACE80F0095E8030047
:103B1000CDF800908DF80B808DF80CE08CE8030058
:103B2000694603D00948FFF7FBFBD6E70848FFF7D3
:103B300021FFD2E7088100209EB60020B9B6002000
:103B40009CB60020B6B6002040030020082E0020BE
:103B5000205700200B78632B10B5044682B0104626
:103B600013D003F51C6304EB83035B6813B101926C
:103B70009847019804F50054D4F804381BB102B0FA
:103B8000BDE81040184702B010BD04F50054D4F849
:103B90000437002BF0D0019298470198ECE700BF62
:103BA0002DE9F04300F500578FB0044697F8003731
:103BB00013B9012387F80037238B9BB2002B57D111
:103BC000D7F80C2904F58056724B02F01F0103EB65
:103BD000521301229B008A401A60B6F81E3B9BB22A
:103BE00083B3B6F81A3B1A2208AD0DF1080C03F0A6
:103BF0000F03AE4602FB034341F6323203EB0208E9
:103C00009858D8F80410D8F80820D8F80C300FC508
:103C1000D8F81000D8F8141003C5BEE80F00ACE8BF
:103C20000F009EE803008CE803009DF91C104B1C5C
:103C300054D0594B0B441B011B68C3F30363082B7F
:103C400000F08B80D7F80C29544B02F01F0103EBD6
:103C5000521301229B008A4000211A60238BB6F880
:103C60001E0B9BB280B240EA03300FB0BDE8F08378
:103C7000A68A1A23B4F814C008ADF6B20CF1010CF0
:103C800003FB0646CCF3080CD6F81C01D6F820112D
:103C9000D6F82831D6F824210FC5D6F82C01D6F84D
:103CA0003011A4F814C0238B9BB203C51BB1238B26
:103CB000013B9BB2238308AD02AE0FCD0FC695E842
:103CC000030002AA86E803009DF81C300DF10701ED
:103CD00020468DF80730FFF73DFF71E7DFF8C08021
:103CE000D8F8005015F0005550D0FEF7F9FAD8F882
:103CF0000030054603F07F0301338342A2D9DFF889
:103D00009890DFF89C8008E0D8F80030013503F087
:103D10007F03EDB201339D4294D205EB09031B01F1
:103D20001B68C3F30363082BEED102AA2946204681
:103D3000FFF7C8F8B6F81A3B013303F01F03A6F8E3
:103D40001A3BB6F81E3B9BB2002BDDD0B6F81E3BEB
:103D5000013B9BB2A6F81E3BD6E702AAC9B2204699
:103D6000FFF7B0F8B6F81A3B013303F01F03A6F8CB
:103D70001A3BB6F81E3B9BB2002B3FF463AFB6F87C
:103D80001E3B013B9BB2A6F81E3B5BE7D8F8003018
:103D9000B5E700BF6038003808D401044038003867
:103DA00000401D400B78632B10B5044682B01046CE
:103DB00013D003F51C6304EB83035B6813B101921A
:103DC0009847019804F50054D4F804381BB102B0A8
:103DD000BDE81040184702B010BD04F50054D4F8F7
:103DE0000437002BF0D0019298470198ECE700BF10
:103DF0002DE9F04300F500578FB0044697F80037DF
:103E000013B9012387F80037238B9BB2002B57D1BE
:103E1000D7F80C2904F58056724B02F01F0103EB12
:103E2000521301229B008A401A60B6F81E3B9BB2D7
:103E300083B3B6F81A3B1A2208AD0DF1080C03F053
:103E40000F03AE4602FB034341F6323203EB020896
:103E50009858D8F80410D8F80820D8F80C300FC5B6
:103E6000D8F81000D8F8141003C5BEE80F00ACE86D
:103E70000F009EE803008CE803009DF91C104B1C0A
:103E800054D0594B0B441B011B68C3F30363082B2D
:103E900000F08B80D7F80C29544B02F01F0103EB84
:103EA000521301229B008A4000211A60238BB6F82E
:103EB0001E0B9BB280B240EA03300FB0BDE8F08326
:103EC000A68A1A23B4F814C008ADF6B20CF1010C9E
:103ED00003FB0646CCF3080CD6F81C01D6F82011DB
:103EE000D6F82831D6F824210FC5D6F82C01D6F8FB
:103EF0003011A4F814C0238B9BB203C51BB1238BD4
:103F0000013B9BB2238308AD02AE0FCD0FC695E8EF
:103F1000030002AA86E803009DF81C300DF107019A
:103F200020468DF80730FFF73DFF71E7DFF8C080CE
:103F3000D8F8005015F0005550D0FEF7ADF9D8F87C
:103F40000030054603F07F0301338342A2D9DFF836
:103F50009890DFF89C8008E0D8F80030013503F035
:103F60007F03EDB201339D4294D205EB09031B019F
:103F70001B68C3F30363082BEED102AA294620462F
:103F8000FEF764FFB6F81A3B013303F01F03A6F8EF
:103F90001A3BB6F81E3B9BB2002BDDD0B6F81E3B99
:103FA000013B9BB2A6F81E3BD6E702AAC9B2204647
:103FB000FEF74CFFB6F81A3B013303F01F03A6F8D7
:103FC0001A3BB6F81E3B9BB2002B3FF463AFB6F82A
:103FD0001E3B013B9BB2A6F81E3B5BE7D8F80030C6
:103FE000B5E700BF6038003808D001044038003819
:103FF00000001D4043884FF01A0CDBB210B50CFBDB
:1040000003034FEA122E044683F806E14388DBB22D
:104010000CFB030383F807214088C0B20CFB00406F
:1040200000F584700AF05CFF6288238892B29BB22C
:1040300083F480739A4204D123880133C3F30803C5
:10404000238063880133C3F308036380A3889BB292
:10405000FF2B03D8A38801339BB2A38010BD00BF00
:104060002DE9F04F8C468DB00E4607466C4605464E
:1040700000F110084FF00109DFF8A0A0BCE80F0024
:104080000FC49CE8030084E8030055F8044F5CB1BA
:104090009DF91420A36809FA02F1194223D023687C
:1040A000D3F800B0D34519D14545EED107F50053FB
:1040B00093F800373BB3306806AC7168B268F368B8
:1040C0000FC430691822716903C40DEB020107F1B6
:1040D0001400FFF78FFF0DB0BDE8F08F9DF815308D
:1040E00069462046D847237C002BDDD02368D3F8CF
:1040F00000B09DF81530D345D6D020464FF0FF32A2
:104100006946D847D0E7337D324606A938468DF850
:104110001830FFF71FFD0DB0BDE8F08F71000000F3
:1041200000F5005393F80137002B00F0DB80DFF837
:104130006CC22DE9F04F0F4689B005460E4602AC21
:104140000FCF0FC497E8030084E80300DCF80030C9
:104150009B0052D5DCF8343000244FF06309C3F3E0
:10416000036A22464FEACA0A0AF1080A0CE05B0F0A
:10417000022B3B6800F09A805B0F052B00F0DD807E
:104180000134E2B2924538D996F91430632B34D019
:1041900004EB440805EBC80B0BF5F0573B6813F034
:1041A000604FEDD03B685B0F012B3B68DFD1C3F361
:1041B0000043F2799A42E3D13B6813F4607FDFD089
:1041C0004FEA480B002306E03A685FFA88F3C2F32F
:1041D000C2129342D4D203F10108029A0BEB0803F6
:1041E00003F5F06355F823309A42EDD102A9284631
:1041F0008DF81C90FFF734FFE6E70023674F8DF83A
:104200000E303C6814F000543FD0FEF769F83B686C
:10421000044603F07F030133834233D942F204178B
:1042200042F20818DFF8749196F91430A34220D0B6
:1042300004EB440105EBC10202F5045ADAF8003040
:1042400013F0604F15D0DAF80030F079C3F3C06393
:1042500098420ED1DAF800305B0F012BDAF800300B
:1042600041D05B0F022B12D0DAF800305B0F052B28
:104270005BD0D9F80030013403F07F03E4B201339E
:104280009C42D1D309B0BDE8F08F3B68C6E7D15955
:10429000029B8B42EDD352F808209342E9D802A941
:1042A00028468DF81C40FFF7DBFEE2E7C3F300432E
:1042B000F2799A427FF464AF41F604635BF803201D
:1042C000029B9342FFF45CAF41F608625BF8022068
:1042D00093423FF655AF02A928468DF81C90FFF790
:1042E000BFFE4DE7704713F4607FC2D04A00002341
:1042F00007E0DAF800105FFA8BF3C1F3C2118B42CA
:10430000B7D203F1010B029902EB0B0303F504632F
:1043100055F823309942ECD102A9284600928DF835
:104320001C40FFF79DFE009AE3E7029A21462846CB
:10433000FEF77CFE00289CD0B1E73B6813F4607F59
:104340003FF41EAF41F6146301275B440AE00BF50E
:10435000F05101370968FFB2C1F3C21101318F4238
:10436000BFF40EAF07EB4801186801F5F06155F88E
:1043700021E00299D3F800C008400EEA0C018842FF
:10438000E5D102A9284601938DF80E2000928DF800
:104390001C90FFF765FEDDE90023D8E700401D40D3
:1043A000254A38B5136813F0005343D01368054607
:1043B0000C4613F4004302D1926A92063AD41E4A84
:1043C000136B13F0200335D0D2F88030C3F30341D0
:1043D000A380E172C3F30051D2F88420217203F468
:1043E000001122F06042DB0D002912BF01210021E3
:1043F000920CE1711049226005F50052D1F8880055
:1044000000BAE060D1F88C0000BA206192F815295A
:10441000A3716323627523750B681B0401D42023E9
:104420000B6321462846FFF77BFE21682846FEF7EE
:1044300085FD38BD184638BD00401D407A4B2DE93A
:10444000F0471F6881468A4617F0005702D0FDF7F3
:1044500047FF0746744C09F50056226896F8143950
:1044600002F07F020132934200F2D8800325DFF888
:10447000BC8156E000295CD0B1FA81F2C2F1400261
:10448000934253DB206810F0005001D0FDF728FF65
:10449000013D86F8140915F0FF0500F0BF80236880
:1044A0009A0005D5874203D9781EC0B286F8140950
:1044B000236803F07F03013398420CD3206810F087
:1044C000005001D0FDF70CFF013D86F8140915F0EE
:1044D000FF0500F0A380D4F824C0C0F12001A36A36
:1044E000A0F120020CFA01F1C3402CFA02F20B43B6
:1044F0001343DB070BD400EB08031B011A681101FF
:1045000005D4110E01F00B0CBCF1020F15D00130D7
:10451000C3B286F81439226802F07F020132934256
:104520007CD8E16A226B52EA0100A3D196F8140903
:10453000B5E7B2FA82F22032A0E702F4001001F0EF
:104540000F010028C2F300508AF8080014BF0120B0
:1045500000208AF80700586820F0604008BF800CEF
:104560000629CAF8000002D101218AF80910C2F315
:1045700003418AF80B1096F81419481C86F81409A0
:104580008AF81410AAF8042096F815299AF807104A
:104590008AF815209A6800298AF80F2018BF4FF072
:1045A0008C619A6808BF4FF08061120A8AF80E2069
:1045B0009A68120C8AF80D209A68120E8AF80C205C
:1045C000DA688AF81320DA68120A8AF81220DA68A0
:1045D000120C8AF81120DA68120E8AF8102019607D
:1045E0009AF81430A2681F2B12D8012202FA03F3A2
:1045F000236351464846FFF793FDDAF800209AF806
:1046000014104846FEF712FD58B996F814097EE7D3
:10461000203B012202FA03F3E362EAE70020BDE84F
:10462000F0870120FBE700BF00401D4008D40104D3
:1046300038B504460D460020022107F011F970B983
:10464000094B1A6891000AD59A6A920607D41B6B27
:104650009B0604D529462046FFF7A2FE38BD294611
:104660002046FFF7EBFE38BD00401D40774B1B781E
:104670002DE9F04F87B0002B00F0DF80DFF808C293
:104680006F46DFF80892DFF808B2714C714D724E38
:10469000BCE80F000FC79CE8030087E803006946E9
:1046A0002046FFF7C5FF002842D0009A2B689A42A7
:1046B000F5D333689A42F2D8DBF80010D9F800300D
:1046C0004F1CC7F30D079F4200F0A880634BDFF833
:1046D000A8E11868624B9DF80BC01B68C01A0B015B
:1046E0000EEB01114EF803008A809DF8092081F835
:1046F00006C0CA71BCF1000F0ED007330DF10B01DB
:1047000003EB0E020023013311F8010F634502F899
:10471000010F01DA082BF6D1524A6946CBF8007036
:104720002046136801331360FFF782FF0028BCD1D5
:10473000DBF80020D9F800104B48531A0468C3F383
:104740000D03A34288BF0360914264D04FF0000A7A
:10475000464B1B78022B66D008F038FF27285AD921
:10476000424B032242491B78424DD9F80060022B8C
:1047700018BF0D46404F4FEA061840492B6828469F
:1047800007EB061608F108045B6898470A22002325
:1047900057F8081028463C4407F058F82B683A218F
:1047A00028461B689847B18800231022284607F046
:1047B0004DF82B683A2128461B689847B679A6B170
:1047C000264414F801CB30212846BCF10F0F04D841
:1047D0002B681B68984714F801CC0023102261460F
:1047E000284607F033F8A642EBD14744FB79EBB9F2
:1047F00028460AF1010A07F01BF8D9F80030DBF867
:1048000000200133C3F30D039A42C9F8003002D0EF
:10481000BAF1200F9CD107B0BDE8F08F184A136899
:10482000013313603BE709F065FA97E72B68042230
:10483000144928465B689847DAE7DFF85090DFF8BC
:1048400050B0D9F80010DBF800207DE7B4B60020A6
:1048500020570020FC8000205821002074B6002042
:10486000C4800020FC87002000810020D325002088
:10487000A81C0020181D0020000020204C1400203F
:10488000A880002050140020400300200481002054
:10489000F8800020F0B5114D87B0114F2E686C469E
:1048A0002B68A3EB060C0FCFBCF1040F0FC497E8E5
:1048B000030084E803000FD800240A4F02E0B4F597
:1048C000007F09D069463846FFF7B2FE00B10134D7
:1048D0002B689B1B042BF2D907B0F0BD74B60020E7
:1048E00040030020205700202DE9F04F224D41F2D7
:1048F000707B87B02C682B685C44E31A002B27DDA3
:1049000006468A469146DFF878801C4F98F80030BA
:104910000BB1FFF7ABFEDFF86CE0EC46BEE80F0032
:10492000ACE80F009EE803008CE8030069463846B7
:10493000FFF77EFE90B1009BB3420FD19DF80C00B3
:104940000309032B0AD110F00F000CD0012803D06B
:10495000022007B0BDE8F08F2C685C442B68E31A96
:10496000002BD3DCF4E79DF80D209DF80E308AF87B
:10497000002089F80030ECE774B6002020570020B2
:10498000B4B60020400300202DE9F04F8C468DB0D6
:104990000E4607466C46054600F110084FF0010927
:1049A000DFF8A0A0BCE80F000FC49CE8030084E877
:1049B000030055F8044F5CB19DF91420A36809FA6F
:1049C00002F1194223D02368D3F800B0D34519D19E
:1049D0004545EED107F5005393F800373BB33068F7
:1049E00006AC7168B268F3680FC430691822716947
:1049F00003C40DEB020107F11400FFF7FBFA0DB041
:104A0000BDE8F08F9DF8153069462046D847237CD5
:104A1000002BDDD02368D3F800B09DF81530D345C6
:104A2000D6D020464FF0FF326946D847D0E7337DD5
:104A3000324606A938468DF81830FFF7B3F90DB0A5
:104A4000BDE8F08F7100000000F5005393F80137C6
:104A5000002B00F0DB80DFF86CC22DE9F04F0F4631
:104A600089B005460E4602AC0FCF0FC497E803008D
:104A700084E80300DCF800309B0052D5DCF83430C9
:104A800000244FF06309C3F3036A22464FEACA0ABF
:104A90000AF1080A0CE05B0F022B3B6800F09A80D9
:104AA0005B0F052B00F0DD800134E2B2924538D96E
:104AB00096F91430632B34D004EB440805EBC80B93
:104AC0000BF5F0573B6813F0604FEDD03B685B0F80
:104AD000012B3B68DFD1C3F30043F2799A42E3D163
:104AE0003B6813F4607FDFD04FEA480B002306E0F9
:104AF0003A685FFA88F3C2F3C2129342D4D203F148
:104B00000108029A0BEB080303F5F06355F8233014
:104B10009A42EDD102A928468DF81C90FFF734FF88
:104B2000E6E70023674F8DF80E303C6814F0005420
:104B30003FD0FDF7B1FB3B68044603F07F03013330
:104B4000834233D942F2041742F20818DFF8749115
:104B500096F91430A34220D004EB440105EBC102C6
:104B600002F5045ADAF8003013F0604F15D0DAF885
:104B70000030F079C3F3C06398420ED1DAF8003008
:104B80005B0F012BDAF8003041D05B0F022B12D003
:104B9000DAF800305B0F052B5BD0D9F80030013418
:104BA00003F07F03E4B201339C42D1D309B0BDE8E6
:104BB000F08F3B68C6E7D159029B8B42EDD352F888
:104BC00008209342E9D802A928468DF81C40FFF737
:104BD000DBFEE2E7C3F30043F2799A427FF464AF6D
:104BE00041F604635BF80320029B9342FFF45CAF41
:104BF00041F608625BF8022093423FF655AF02A9E6
:104C000028468DF81C90FFF7BFFE4DE7704713F460
:104C1000607FC2D04A00002307E0DAF800105FFA94
:104C20008BF3C1F3C2118B42B7D203F1010B02998E
:104C300002EB0B0303F5046355F823309942ECD1E2
:104C400002A9284600928DF81C40FFF79DFE009AAD
:104C5000E3E7029A21462846FEF7C6FA00289CD0D0
:104C6000B1E73B6813F4607F3FF41EAF41F6146375
:104C700001275B440AE00BF5F05101370968FFB2E8
:104C8000C1F3C21101318F42BFF40EAF07EB4801EF
:104C9000186801F5F06155F821E00299D3F800C0D9
:104CA00008400EEA0C018842E5D102A9284601938A
:104CB0008DF80E2000928DF81C90FFF765FEDDE95F
:104CC0000023D8E700001D40254A38B5136813F0CB
:104CD000005343D0136805460C4613F4004302D139
:104CE000926A92063AD41E4A136B13F0200335D011
:104CF000D2F88030C3F30341A380E172C3F30051C3
:104D0000D2F88420217203F4001122F06042DB0DFE
:104D1000002912BF01210021920CE171104922608B
:104D200005F50052D1F8880000BAE060D1F88C0097
:104D300000BA206192F81529A37163236275237567
:104D40000B681B0401D420230B6321462846FFF780
:104D50007BFE21682846FEF7CFF938BD184638BDDE
:104D600000001D407A4B2DE9F0471F6881468A46B6
:104D700017F0005702D0FDF78FFA0746744C09F57B
:104D80000056226896F8143902F07F0201329342ED
:104D900000F2D8800325DFF8BC8156E000295CD002
:104DA000B1FA81F2C2F14002934253DB206810F065
:104DB000005001D0FDF770FA013D86F8140915F096
:104DC000FF0500F0BF8023689A0005D5874203D90C
:104DD000781EC0B286F81409236803F07F030133FC
:104DE00098420CD3206810F0005001D0FDF754FA1F
:104DF000013D86F8140915F0FF0500F0A380D4F8F2
:104E000024C0C0F12001A36AA0F120020CFA01F134
:104E1000C3402CFA02F20B431343DB070BD400EB25
:104E200008031B011A68110105D4110E01F00B0CC7
:104E3000BCF1020F15D00130C3B286F814392268D4
:104E400002F07F02013293427CD8E16A226B52EA7F
:104E50000100A3D196F81409B5E7B2FA82F2203224
:104E6000A0E702F4001001F00F010028C2F3005087
:104E70008AF8080014BF012000208AF8070058684B
:104E800020F0604008BF800C0629CAF8000002D15B
:104E900001218AF80910C2F303418AF80B1096F831
:104EA0001419481C86F814098AF81410AAF804206A
:104EB00096F815299AF807108AF815209A6800299B
:104EC0008AF80F2018BF4FF08C619A6808BF4FF026
:104ED0008061120A8AF80E209A68120C8AF80D2056
:104EE0009A68120E8AF80C20DA688AF81320DA68B9
:104EF000120A8AF81220DA68120C8AF81120DA688D
:104F0000120E8AF8102019609AF81430A2681F2B2C
:104F100012D8012202FA03F3236351464846FFF7F1
:104F200093FDDAF800209AF814104846FEF75CF971
:104F300058B996F814097EE7203B012202FA03F3E0
:104F4000E362EAE70020BDE8F0870120FBE700BF4D
:104F500000001D4008D0010438B504460D4600206D
:104F6000022106F07DFC70B9094B1A6891000AD540
:104F70009A6A920607D41B6B9B0604D529462046E5
:104F8000FFF7A2FE38BD29462046FFF7EBFE38BDED
:104F900000001D40F0B5114D87B0114F2E686C46D2
:104FA0002B68A3EB060C0FCFBCF1040F0FC497E8DE
:104FB000030084E803000FD800240A4F02E0B4F590
:104FC000007F09D069463846FFF7C6FF00B10134BB
:104FD0002B689B1B042BF2D907B0F0BD74B60020E0
:104FE00040030020082E00202DE9F04F8BB0DFF8A1
:104FF00040910746DFF83C81484ECDE90112FFF7AA
:10500000C9FF0023D9F800A09B460393002F56D078
:10501000D9F80030AAEB03033B44002B5CDD404D84
:1050200004AC0FCD0FC495E8030084E8030004A985
:105030004046FFF791FF0028E8D0049B019A934275
:10504000E4D3029A9342E1D89DF8193013B1039B3F
:10505000013303930321334808F0ACFAD9F8001068
:1050600000230A22A1EB0A01304606F0EFFB3A20AA
:1050700008F08AFA002310220499304606F0E6FB75
:105080003A2008F081FA9DF81B508DB10DF11B04F8
:10509000254414F8011F30200F2902D808F074FAB3
:1050A000217800231022304606F0D0FBA542F0D133
:1050B00030460BF1010B06F0BBFB002FA8D108F026
:1050C0000FFA0028ABD008F00BFA28B108F04CFA20
:1050D00008F006FA0028F9D10521134808F06AFA09
:1050E00000230A2259460D4806F0B0FB039B2BB95A
:1050F0000A480BB0BDE8F04F06F09ABB09210B48F7
:1051000008F058FA00230A220399044806F09EFB8F
:1051100002480BB0BDE8F04F06F08ABBA81C002087
:1051200040030020BC130020C0130020C81300203F
:1051300074B60020082E00202DE9F04F224D41F2D8
:10514000707B87B02C682B685C44E31A002B27DD4A
:1051500006468A469146DFF878801C4F98F8003062
:105160000BB1FFF783FADFF86CE0EC46BEE80F0006
:10517000ACE80F009EE803008CE80300694638465F
:10518000FFF7EAFE90B1009BB3420FD19DF80C00EF
:105190000309032B0AD110F00F000CD0012803D013
:1051A000022007B0BDE8F08F2C685C442B68E31A3E
:1051B000002BD3DCF4E79DF80D209DF80E308AF823
:1051C000002089F80030ECE774B60020082E00209B
:1051D000B4B60020400300202DE9F04FDFF8A0C155
:1051E0008BB086461C4604AF164601914FF000086E
:1051F0003D46072CBCE80F000FC79CE80300CDF824
:1052000010E087E80300CDE9078814D88DF81C402A
:105210002CB1224631460DF11D0006F037FF29461C
:105220005448FEF77DF8B0FA80F84FEA5818404627
:105230000BB0BDE8F08FC4F3032329464D4843F07B
:1052400010038DF81D408DF81C303368CDF81E30EA
:10525000B388ADF82230FEF763F828B94FF00108A3
:1052600040460BB0BDE8F08F01980DF10F020DF133
:105270000E018DF80E808DF80F80FFF75DFF78BB73
:105280000623B046814626460127DFF8E8A0DFF86E
:10529000F4B01C4600900022A642CDE9072247F058
:1052A00020028DF81C204FD907A9A1F10B0318F893
:1052B0000420601C5B1B01F8012F84B2062B01DC6B
:1052C000A642F2D829465046FEF72AF80028C5D053
:1052D000A64208D8DDF8008040460BB0BDE8F08F4C
:1052E0004FF00208A3E79DF80F00D8B1030628D5B8
:1052F00000F10F02D2B2082A22D81F4AA0F1F00111
:105300001E4BDBF804001268A3FB02C24FF0640CD2
:10531000920C0CFB01F102FB01F1DBF804301B1ACB
:105320009942FAD89DF80E2009F10109013A5FFA75
:1053300089F9D2B24A4511D3013707F00F07AAE71E
:10534000012006F0E5FDEDE729460A48DDF800807A
:10535000FDF7E6FF00287FF46AAF7FE70DF10F024B
:105360000DF10E010198FFF7E7FE0028B8D1814644
:10537000E2E700BF082E0020A41C002083DE1B43B0
:1053800040030020001000E02DE9F04F8FB0894667
:105390000090FFF721FF012800F0FE80022800F0B6
:1053A000F180874E41F2707533681D443368EB1A03
:1053B000002B40F3F4804FF0000ADFF83082814F79
:1053C0005446D346CDF804A00AE0012B7FD0022B2F
:1053D00000F0B5804FF0010B3368EB1A002B5DDD58
:1053E00098F800300BB1FFF741F9DFF804E20DF156
:1053F000080CBEE80F00ACE80F009EE803008CE844
:10540000030002A93846FFF7A7FD0028E4D0029B5D
:105410009945E1D19DF814B05FEA1B13D5D15D46E3
:10542000BBF1000F00F0A6805A460DF11501664849
:1054300006F02CFEBBF1030F40F09C80624A13780B
:105440007F2B02D19378782B1ED003215F480D4625
:1054500008F0B0F85C4E00245D4F16F8011B0134D3
:1054600030200F2903D808F08FF816F8011C00230C
:105470001022384606F0EAF9A542EEDC54480FB097
:10548000BDE8F04F06F0D4B9336841F270754FF0C3
:10549000010B1D443368EB1A002BA1DC002C00F03B
:1054A0008680019B002B00F082800C21494808F087
:1054B00081F82146464806F0AFF92F2008F064F83D
:1054C0005146434806F0A8F9332143485CE04FEACF
:1054D0000B2B9DF815A00DF115023B4B0BF4706BD7
:1054E00000244AEA0B0AA24504F1010106D08CB25D
:1054F00012F8010F062C03F8010BF4D10123DFF899
:10550000F0E00DF1200C4FF0000B019341F27075AB
:10551000BEE80F00ACE80F00009B9EE80300089374
:105520004FF030038CE8030008A93846CDE90BBBE7
:105530008DF82C30FDF7F4FE33681D444AE7E51D75
:10554000214B05AAADB2E318A24504F1010134D9FB
:10555000B4F5805F26D28CB212F8010FAC4203F88A
:10556000010BF1D1336841F2707554451D44FFF4CD
:1055700031AF25460321154808F01CF8002D3FF4F3
:105580007DAF67E73E21154808F014F810480FB0CA
:10559000BDE8F04F06F04CB945211148F4E74B2126
:1055A0001048F1E7336841F270751D4412E7BBF112
:1055B000000FF4D037210C48E6E733682546D9E7D9
:1055C00074B60020082E00204892002034140020D9
:1055D000A81C002078130020881300203813002016
:1055E000F01200206C120020B8120020B4B6002087
:1055F000400300202DE9F04F1E4D87B02C681C445D
:105600002B68E31A002B20DD80468A4693461A4F0A
:105610001A4EDFF86C90DFF86CE0EC46BEE80F0045
:10562000ACE80F003B689EE80300022B8CE8030007
:10563000694630460DD0FFF78FFC10B1009B434503
:105640000BD02B68E31A002BE5DC002007B0BDE887
:10565000F08F4846FEF7ECFFEFE79DF80B20CBF804
:1056600000201AB103A9504606F010FD012007B032
:10567000BDE8F08F74B6002008810020082E0020BD
:1056800020570020400300202DE9F04FC02391B0A7
:10569000DFF87CA188468DF819304FF48053524FC3
:1056A0008146ADF81A30012393460AAE8DF81E30BC
:1056B00003238E46CAF800008DF818100DF1330C44
:1056C0008DF81C2006AC8DF81D300DF13A050FCF7A
:1056D0000FC64FF4007397E8030086E803000A93AF
:1056E0004FF007038DF8333001E014F801EF0CF8A8
:1056F00001EFAC45F9D1B9F1020F0AA96CD03B48D2
:10570000FDF70EFE38B900231C46CAF800302046CB
:1057100011B0BDE8F08F002303AA08A908F50070B6
:1057200003934FF41673FFF765FF04460028EAD091
:10573000039B062BE7DD9DF82130D02BE3D19DF8AC
:1057400025300DF1280E2A4A0DF133051B0204AF56
:10575000A2F118090DF1390C03F47063A02692E848
:1057600003009DF8242004901A43224BADF8141036
:10577000A3F800B0204B01921A80B9E80F00AEE800
:105780000F0099E80300019A4FF006038EE803002A
:105790000A928DF8333001E017F8016F05F8016FB8
:1057A000AC45F9D1DAF800300AA9022B18D00F481D
:1057B000FDF7B6FD03AA08A94FF4C8735846FFF7D2
:1057C00019FF0E4B0E4A002083F800800D49126825
:1057D0000D4B08701A609AE70C48FEF7CBF891E77A
:1057E0000A48FEF7C7F8E5E740030020082E00202E
:1057F000580300209CB600209EB60020B9B60020B9
:1058000074B60020B6B60020DC80002020570020AF
:105810000881002083889BB20F2B03D88388013333
:105820009BB283804288B0F802C0038802F00F0266
:105830001FFA8CFC9BB2023283F0100340F8221056
:105840009C4504D10388013303F01F030380438880
:10585000013303F01F034380704700BF83889BB26E
:105860000F2B03D8838801339BB283804288B0F822
:1058700002C0038802F00F021FFA8CFC9BB200EBFF
:10588000420283F01003D1809C4504D10388013388
:1058900003F01F0303804388013303F01F03438099
:1058A000704700BF2DE9F04F934D9BB0934F08AC6C
:1058B00005900FCD0FC495E8030084E803007E6ACD
:1058C000B96AD7F82C90386B3B68039113F4004306
:1058D000049003D13A68950000F11881049B43F0CD
:1058E0000103B9F1000F00F00281B9FA89F3834D89
:1058F000C3F140032C68DFB214F00054029700F0AB
:105900009E82FCF7EDFC2B68044603F07F03013315
:10591000834240F2C280874240F2BF80059B671CF1
:10592000DFF8D8B103F50053FDB2019706931AE0F2
:10593000042A00F05881082A00F0E281DBF80030E8
:105940009DF8044003F07F03029A0133A24288BF0E
:10595000AB4205F1010594BF01230023002B40F069
:105960009C80631C0193C4F12002039BA4F1200AD4
:1059700006FA02F1E3400B4326FA0AF10B43DF0774
:10598000DCD5049B09FA02F2E340134329FA0AF238
:105990001343D807D2D5DFF87081A0444FEA081826
:1059A000D8F80030190EC3F3036201F00B0102298D
:1059B000BED1D8F8041003F4001021F06041002893
:1059C00012BF4FF0010C4FF0000C890C062A8DF825
:1059D00027C0089102D101228DF82920ADF824308A
:1059E000C3F303438DF8344000288DF82B30069B19
:1059F00093F815398DF83530D8F808308DF82F30F8
:105A0000D8F808304FEA13238DF82E30D8F8083034
:105A10004FEA13438DF82D30D8F808304FEA13635E
:105A20008DF82C30D8F80C308DF83330D8F80C3095
:105A30004FEA13238DF83230D8F80C304FEA134375
:105A40008DF83130D8F80C304FEA13638DF83030D0
:105A500014BF4FF08C634FF080631F2CC8F80030E8
:105A6000DBF808304FF0010331D8A34021460598F8
:105A7000CBF83030089AFDF7D9FA002832D108A9BE
:105A80000598FEF74DFB08A8AFF3008008A8AFF318
:105A9000008008A8AFF3008050E7184E184D346A14
:105AA0002A68184B6240134043B1059B03F58053AD
:105AB000B3F8D43C9BB20F2B40F2DB810F4A136A40
:105AC00023431362BFF34F8F1BB0BDE8F08F03FA7F
:105AD0000AF321460598CBF82C30089AFDF7A6FA70
:105AE0000028CCD008A90598FEF7BAFAC7E7B3FAA0
:105AF00083F32033FBE600BF4003002000401D403D
:105B00008CB20020BFFF070008D401048C067FF58B
:105B1000E5AE81067FF5E2AED7F88020C94C02F4ED
:105B20000011C2F30050ADF824200029C2F3034154
:105B30004FEAD2528DF82B10D7F884108DF8280038
:105B400018BF012021F0604108BF00208DF82620F9
:105B50004FF0000208BF890C8DF827000CA80891AF
:105B6000D4F88810D1400832202A00F8011DF7D15E
:105B70000DA9B448D0F88C20DA400833202B01F866
:105B8000012DF7D1059A02F5005292F815298DF8EA
:105B9000352063228DF8342082680363049B5A0603
:105BA00001D540230363049B1B0602D5A54B80222D
:105BB0001A63059C08A92046FEF7B2FA08A8AFF3BD
:105BC000008008A8AFF3008008A8AFF30080089910
:105BD0002046FDF7B3F900283FF480AE08A90598E8
:105BE000FEF73EFA7AE603F40012002AD8F8042001
:105BF000ADF82430C3F303438DF8344022F0604203
:105C00008DF82B3018BF0121069B04BF920C002198
:105C100093F8153908928DF83530D8F80830059A80
:105C20008DF82F30D8F808308DF827101B0A8DF822
:105C30002E30D8F808301B0C8DF82D30D8F80830ED
:105C40001B0E8DF82C30D8F80C308DF83330D8F886
:105C50000C301B0A8DF83230D8F80C301B0C8DF844
:105C6000313004F6022352F82330D8F80C20120EFB
:105C70008DF830200BB108A89847069BD3F8083957
:105C80000BB108A89847059901F58052B2F81E3B60
:105C900017469BB2002B00F0D780B2F81A3B1A22AD
:105CA0000DF1500C03F00F03E04602FB031341F625
:105CB00032320EA903EB020A98588E460791DAF8A1
:105CC0000820DAF80410DAF80C30ACE80F00DAF843
:105CD0001000DAF81410ACE80300B8E80F00AEE8E2
:105CE0000F0098E803008EE803009DF94C30591C22
:105CF00000F0D8809C427FF421AE079AE1B2D3E055
:105D000003F40012002AD8F80420ADF82430C3F3BD
:105D100003438DF8344022F060428DF82B3018BFD9
:105D20000121069B04BF920C002193F815390892BB
:105D30008DF83530D8F80830059A8DF82F30D8F81E
:105D400008308DF827101B0A8DF82E30D8F808304F
:105D50001B0C8DF82D30D8F808301B0E8DF82C3028
:105D6000D8F80C308DF83330D8F80C301B0A8DF889
:105D70003230D8F80C301B0C8DF83130D8F80C309C
:105D80001B0E8DF8303004F6022352F823300BB18D
:105D900008A89847069BD3F808390BB108A898477C
:105DA000059901F58058B8F81E3B9BB2002B58D0DE
:105DB000B8F81A3B1A220DF1500C03F00F03674696
:105DC00002FB031341F632320EA903EB020A985884
:105DD0008E460791DAF80820DAF80410DAF80C3069
:105DE000ACE80F00DAF81000DAF81410ACE80300A1
:105DF0000FCFAEE80F0097E803008EE803009DF98F
:105E00004C305A1C67D09C427FF498AD079AE1B29F
:105E10000598FDF757F8B8F81A3B013303F01F0354
:105E2000A8F81A3BB8F81E3B9BB2002B3FF486AD96
:105E3000B8F81E3B013B9BB2A8F81E3B7EE52B68E1
:105E40006CE500BF00401D401F2C4FF0010320D91E
:105E500003FA0AF3CBF82C304FF00063C8F8003097
:105E60006CE51F2C4FF0010317D8A340CBF830305E
:105E700064E5059F41F6D04021463844FFF7CAFC4F
:105E8000F16941F6985089B23844FFF7E7FC2C607D
:105E900014E6A340CBF83030DEE703FA0AF3CBF880
:105EA0002C304BE5079A21460598FDF70BF8B7F81B
:105EB0001A3B013303F01F03A7F81A3BB7F81E3B48
:105EC0009BB2002B3FF43AADB7F81E3B013B9BB2AF
:105ED000A7F81E3B32E5079A214699E72DE9F04FD6
:105EE000934D9BB0934F08AC05900FCD0FC495E830
:105EF000030084E803007E6AB96AD7F82C90386BF7
:105F00003B68039113F40043049003D13A68950071
:105F100000F11881049B43F00103B9F1000F00F078
:105F20000281B9FA89F3834DC3F140032C68DFB2D3
:105F300014F00054029700F09E82FCF7ADF92B6834
:105F4000044603F07F030133834240F2C28087425C
:105F500040F2BF80059B671CDFF8D8B103F5005302
:105F6000FDB2019706931AE0042A00F05881082A2E
:105F700000F0E281DBF800309DF8044003F07F037D
:105F8000029A0133A24288BFAB4205F1010594BFDA
:105F900001230023002B40F09C80631C0193C4F17B
:105FA0002002039BA4F1200A06FA02F1E3400B430E
:105FB00026FA0AF10B43DF07DCD5049B09FA02F24B
:105FC000E340134329FA0AF21343D807D2D5DFF886
:105FD0007081A0444FEA0818D8F80030190EC3F3B6
:105FE000036201F00B010229BED1D8F8041003F4BA
:105FF000001021F06041002812BF4FF0010C4FF05B
:10600000000C890C062A8DF827C0089102D10122C4
:106010008DF82920ADF82430C3F303438DF83440C4
:1060200000288DF82B30069B93F815398DF8353004
:10603000D8F808308DF82F30D8F808304FEA1323FD
:106040008DF82E30D8F808304FEA13438DF82D30F4
:10605000D8F808304FEA13638DF82C30D8F80C309C
:106060008DF83330D8F80C304FEA13238DF83230E6
:10607000D8F80C304FEA13438DF83130D8F80C3093
:106080004FEA13638DF8303014BF4FF08C634FF03C
:1060900080631F2CC8F80030DBF808304FF0010394
:1060A00031D8A34021460598CBF83030089AFDF747
:1060B0009BF8002832D108A90598FEF7C5FC08A86E
:1060C000AFF3008008A8AFF3008008A8AFF300800A
:1060D00050E7184E184D346A2A68184B6240134036
:1060E00043B1059B03F58053B3F8D43C9BB20F2B0F
:1060F00040F2DB810F4A136A23431362BFF34F8FD1
:106100001BB0BDE8F08F03FA0AF321460598CBF8DF
:106110002C30089AFDF768F80028CCD008A905981B
:10612000FEF732FCC7E7B3FA83F32033FBE600BF88
:106130004003002000001D4088B20020BFFF070080
:1061400008D001048C067FF5E5AE81067FF5E2AE4E
:10615000D7F88020C94C02F40011C2F30050ADF80A
:1061600024200029C2F303414FEAD2528DF82B10AC
:10617000D7F884108DF8280018BF012021F0604165
:1061800008BF00208DF826204FF0000208BF890CC0
:106190008DF827000CA80891D4F88810D140083257
:1061A000202A00F8011DF7D10DA9B448D0F88C20A1
:1061B000DA400833202B01F8012DF7D1059A02F5BA
:1061C000005292F815298DF8352063228DF834207D
:1061D00082680363049B5A0601D540230363049B32
:1061E0001B0602D5A54B80221A63059C08A92046F0
:1061F000FEF72AFC08A8AFF3008008A8AFF30080E0
:1062000008A8AFF3008008992046FCF775FF002826
:106210003FF480AE08A90598FEF7B6FB7AE603F4D2
:106220000012002AD8F80420ADF82430C3F3034349
:106230008DF8344022F060428DF82B3018BF0121D8
:10624000069B04BF920C002193F8153908928DF833
:106250003530D8F80830059A8DF82F30D8F8083046
:106260008DF827101B0A8DF82E30D8F808301B0C3B
:106270008DF82D30D8F808301B0E8DF82C30D8F85A
:106280000C308DF83330D8F80C301B0A8DF83230D2
:10629000D8F80C301B0C8DF8313004F6022352F87C
:1062A0002330D8F80C20120E8DF830200BB108A83E
:1062B0009847069BD3F808390BB108A89847059969
:1062C00001F58052B2F81E3B17469BB2002B00F03E
:1062D000D780B2F81A3B1A220DF1500C03F00F03CD
:1062E000E04602FB031341F632320EA903EB020A29
:1062F00098588E460791DAF80820DAF80410DAF890
:106300000C30ACE80F00DAF81000DAF81410ACE842
:106310000300B8E80F00AEE80F0098E803008EE82D
:1063200003009DF94C30591C00F0D8809C427FF44A
:1063300021AE079AE1B2D3E003F40012002AD8F8A4
:106340000420ADF82430C3F303438DF8344022F029
:1063500060428DF82B3018BF0121069B04BF920CC0
:10636000002193F8153908928DF83530D8F80830A7
:10637000059A8DF82F30D8F808308DF827101B0AB1
:106380008DF82E30D8F808301B0C8DF82D30D8F849
:1063900008301B0E8DF82C30D8F80C308DF83330C7
:1063A000D8F80C301B0A8DF83230D8F80C301B0CA2
:1063B0008DF83130D8F80C301B0E8DF8303004F6E3
:1063C000022352F823300BB108A89847069BD3F854
:1063D00008390BB108A89847059901F58058B8F815
:1063E0001E3B9BB2002B58D0B8F81A3B1A220DF175
:1063F000500C03F00F03674602FB031341F63232E1
:106400000EA903EB020A98588E460791DAF8082085
:10641000DAF80410DAF80C30ACE80F00DAF8100003
:10642000DAF81410ACE803000FCFAEE80F0097E8DD
:1064300003008EE803009DF94C305A1C67D09C4243
:106440007FF498AD079AE1B20598FCF7FFFCB8F825
:106450001A3B013303F01F03A8F81A3BB8F81E3BA0
:106460009BB2002B3FF486ADB8F81E3B013B9BB2BC
:10647000A8F81E3B7EE52B686CE500BF00001D40C0
:106480001F2C4FF0010320D903FA0AF3CBF82C306C
:106490004FF00063C8F800306CE51F2C4FF001038B
:1064A00017D8A340CBF8303064E5059F41F6D040C3
:1064B00021463844FFF7AEF9F16941F6985089B2A8
:1064C0003844FFF7CBF92C6014E6A340CBF830300A
:1064D000DEE703FA0AF3CBF82C304BE5079A2146A6
:1064E0000598FCF7B3FCB7F81A3B013303F01F0320
:1064F000A7F81A3BB7F81E3B9BB2002B3FF43AAD0E
:10650000B7F81E3B013B9BB2A7F81E3B32E5079A4A
:10651000214699E735480021354A00F5805300F5BA
:10652000005C70B5334C81820460C182324D0183BE
:10653000324CA3F81A1B324EA3F81C1BA3F81E1BE7
:10654000A3F8D01CA3F8D21CA3F8D41CA3F8981D60
:10655000A3F89A1DA3F89C1D02F580538CF8001730
:10656000286002F500508CF8011714609182CCF875
:106570000C19D182CCF8101911838CF81419A3F8D6
:106580001A1BA3F81C1BA3F81E1BA3F8D01CA3F80E
:10659000D21CA3F8D41CA3F8981DA3F89A1DA3F845
:1065A0009C1D184B32604FF48072174D9A61174A48
:1065B000174C1A60174A2D68DA61596080F8001785
:1065C000C0F80C1980F80117C0F8101980F81419D8
:1065D0002046C3E90411104B1D6005F075F92046F3
:1065E0000E4A0F49BDE8704007F0AEBC082E0020EF
:1065F000205700204C160020B0800020701600208C
:10660000B4800020D0B500205C210020941600202A
:10661000ACB50020281D00207C8000206C210020CB
:10662000CD9A00002DE9F041174C0746884601E05D
:1066300004F084FD204604F02FFD03462046002B85
:10664000F6D1B8F1000F17DD013F104D0E4CB844E4
:1066500017F8011F204604F0D9FF204604F0B8FDCA
:106660002E6802E004F018FD40B92B6820469B1B01
:10667000182BF7D94745EBD1BDE8F081204604F04F
:106680005DFD4745E4D1F7E7B81C002074B6002053
:106690002DE9F041214C05460E4601E004F04EFD87
:1066A000204604F0F9FC03462046002BF6D129468B
:1066B0001A481B4C04F0AAFF184804F089FDDFF8C3
:1066C0005C80276802E004F0E7FCA0B9236840463C
:1066D000DB1B182BF7D99EB12768104E02E004F09F
:1066E000DBFC80B923683046DB1BB3F5967FF6D31D
:1066F0000020BDE8F081094804F020FD002EEBD118
:106700000120BDE8F081ED43044804F017FDEDB22F
:10671000281AB0FA80F04009BDE8F081B81C0020CA
:1067200074B6002070B50646D01C0C460121C0B2DC
:106730001546FFF7ADFF08B9002070BD114A0121D1
:1067400013780133D8B21070FFF7A2FF0028F3D0FE
:1067500001213046FFF79CFF0028EDD0002D0ADD17
:10676000013C254414F8010F0121FFF791FF002897
:10677000E2D0AC42F6D100210320BDE87040FFF723
:1067800087BF00BFB5B600202DE9F0411A4C07467F
:10679000DFF868800D46266802E004F07DFC40B911
:1067A000236840469B1BAB42F7D34FF0FF30BDE858
:1067B000F081124804F0C2FC054617B9E8B2BDE802
:1067C000F08105200D4F05F0A3FBE9433846C9B21F
:1067D00004F01CFF384604F0FBFC266823683846AA
:1067E0009B1B182BEAD804F057FC0028F6D003486E
:1067F00004F0A4FCE2E700BF74B60020B81C00203F
:10680000F8B507460C4601204FF4FA71FFF7BCFFBC
:10681000061E25DB4FF496710120FFF7B5FF002817
:106820001EDB1B4B4FF4967118700120FFF7ACFF75
:10683000002815DB033E2070002E15DD00242546C0
:1068400005E03F2D01DC7B550135A6420DD04FF40C
:1068500096710120FFF798FF031E04F10104F0DA9E
:106860004FF0FF352846F8BD00250A4C0A4F266830
:10687000236838469B1BB3F5967FF3D204F00CFCDB
:106880000028F5D0044804F059FC2846F8BD00BFA4
:10689000B5B6002074B60020B81C00202DE9F04FDA
:1068A00007462DED028BADF5637D05F087F9BB68DA
:1068B000002B00F099800AAC0DF1700A254628469D
:1068C0000C35002105F000F85545F8D1BB68002BC8
:1068D000C0F2678100252E46A8460CE029463846BE
:1068E00005F018F93A2808D0052E05F10105BB6816
:1068F0001ADCAB4218DBAB42F0D12B46424639469C
:10690000A0A805F011F9A0A906EB4600013605F193
:10691000010804EB800005F04DF8A0A805F00EF882
:10692000052E4546BB68E4DD214607A804F0EAFFD2
:1069300007A805F033F90799002900F030810A789B
:10694000002A00F0F782B348012300F8012F11F864
:10695000012F1AB101330A2BF7D10923AE4A0021C6
:10696000DFF838B307A8D154DBF80020AB4BAC49B3
:106970001A6005F097F800283CD0AA4A1368013342
:106980001360A94907A805F08DF8E0B9A74907A841
:1069900005F088F8002841F0B882A54907A805F05D
:1069A00081F8002800F0DF80A24B1F78002F40F014
:1069B000FA80012E31DC6C219F4806F0FBFD9F48D8
:1069C00004F036FF06E004219D4806F0F3FD9B48E5
:1069D00004F02EFF07A804F0B1FFAAF10C0A5046FC
:1069E00004F0ACFFA245F8D10DF5637DBDEC028B40
:1069F000BDE8F08F934907A805F054F80028BCD1F2
:106A0000914907A805F04EF80028B6D18F4907A88C
:106A100005F048F80028B0D1B3E7A0AD0DF1340877
:106A20008B49284604F050FF2946404605F050F8AF
:106A300078B1284604F082FF864804F0D7FB864BE5
:106A40000A2186481F7006F0B5FD7C4804F0F0FE70
:106A5000C0E7284604F072FF8149284604F034FF5D
:106A60002946404605F034F8E8B1284604F066FFB0
:106A7000022E00F06182A069002800F0C484794DE4
:106A80000A22002108F0FCF90C212860764806F063
:106A900091FD002329680A22684804F0D7FE674860
:106AA00004F0C6FE96E7284604F048FF6F492846E2
:106AB00004F00AFF2946404605F00AF800287AD17A
:106AC000284604F03BFF6A49284604F0FDFE2946AB
:106AD000404604F0FDFF002800F05883284604F0EB
:106AE0002DFF022E40F092840123624A5948137010
:106AF00004F07CFB0121082005F088FA0121082020
:106B0000544D05F059FA4FF4967005F001FA002142
:106B1000082005F051FA192005F0FAF901210820A2
:106B200005F04AFA192005F0F3F94E4B00224948C6
:106B3000196804F08FFB4FF4967005F0E9F902E054
:106B4000284604F0FBFA284604F0A6FA0028F7D1FC
:106B5000414B01224F2148481A7006F02BFD37485F
:106B600004F066FE36E7454907A804F09BFF0028BD
:106B700000F0B4802F4B1F78002F40F01E84012EB0
:106B800000F38E803E4B1B78002B00F0F2815721E2
:106B90003C4806F00FFD294804F04AFE1AE73A493E
:106BA000CDE60026C0E65F21384806F003FD234805
:106BB00004F03EFE0EE7284604F0C0FE022E40F030
:106BC0000584284F234804F011FB0022396821482E
:106BD000204E04F03FFB02E0304604F0AFFA3046AE
:106BE00004F05AFA0028F7D10546294B0122182152
:106BF00028481A7006F0DEFC2B4639680A220F4836
:106C000004F024FE4221244806F0D4FC0B4804F092
:106C10000FFEDFE6EB800020EC800020D880002013
:106C2000EC050020C080002004060020140600208F
:106C300034060020AFB6002098060020A81C0020D3
:106C40000C060020F0050020F8050020FC050020BF
:106C5000540B0020B81C0020B1B60020080700200B
:106C60001407002054210020440700201C070020A6
:106C700054070020D2250020C4070020B4080020BB
:106C8000B3B60020D8090020781B00203806002069
:106C9000ADB600205C0700207807002074B6002005
:106CA000A0AD0DF13408B749284604F00DFE294681
:106CB000404604F00DFF002800F04681284604F00D
:106CC0003DFEB14804F092FAB04B0A21B0481F7063
:106CD00006F070FCAF4804F0ABFD7BE6AE4907A8B8
:106CE00004F0E0FE0546002840F07C83AB4907A88D
:106CF00004F0D8FE002840F09483A94907A804F0C6
:106D0000D1FE002800F02285012E00F33885A0ADC9
:106D1000A44F2E460FCF0FC60FCF0FC60FCF0FC6F3
:106D200097E80F0086E80F009F4A02F58053B3F8FA
:106D3000D41C89B2002900F00A8702F500589B494B
:106D40000126D8F80C0901EB501100F01F00890052
:106D500006FA00F00860B3F8D41C89B229B1B3F880
:106D6000D41C013989B2A3F8D41CB3F8D01C01F0AB
:106D70000F0103EB8101D1F8D86CB3F8D01CAE63DE
:106D8000013101F01F01A3F8D01CB3F89C1D89B29A
:106D900029B1B3F89C1D013989B2A3F89C1DB3F841
:106DA000981D01F00F0102EB410203EB410102F5D6
:106DB0008052B1F89E1DA987B2F89E9DB3F8982D18
:106DC00099FA99F9013202F01F02A3F8982D784B35
:106DD000784A3340934201F07880002B01F06E80B6
:106DE000754A934201F07F80744A934201F07480A7
:106DF000C6F3C03316F0300FAB77C6F38033EB77B2
:106E0000C6F3403385F82030C6F3003385F82130CF
:106E1000C6F3C02385F82230C6F3802385F82330DB
:106E2000C6F3402385F82430C6F3002385F82530C7
:106E300040F07987624B0DF2A62707CB1B78CDF87F
:106E4000A602CDF8AA12CDF8AE223B73D8F80C39C1
:106E500001265C4AA5F8349002EB531203F01F039D
:106E6000920006FA03F313600A21574806F0A2FBCA
:106E70003146484804F0D0FC0721544806F09AFBFC
:106E8000284608F055FB0146284606F093FB0921E9
:106E90004F4806F08FFB384608F04AFB014638465B
:106EA00006F088FB07214B4806F084FB00230A22EA
:106EB00095F83410374804F0C9FC0721464806F01D
:106EC00079FB00230A2295F83510324804F0BEFC05
:106ED0000521424806F06EFB95F820102D4804F07D
:106EE0009BFC05213E4806F065FB95F821102948DA
:106EF00004F092FC05213B4806F05CFB95F822105B
:106F0000244804F089FC0521374806F053FB95F826
:106F10002310204804F080FC0821344806F04AFB86
:106F20000023A96B10221B4804F090FC194804F0C0
:106F30007FFC4FE5134611E519212D4806F03AFB79
:106F4000144804F075FC45E5284604F0F7FC29498F
:106F5000284604F0B9FC2946404604F0B9FD002853
:106F60004CD1284604F0EAFC084B1B78002B40F07B
:106F7000A2822F21204806F01DFB064804F058FC91
:106F800028E500BF540B0020B81C0020B3B6002039
:106F9000F4080020A81C0020300A0020700A0020FD
:106FA000E80A002060030020082E00206038003826
:106FB000C800040080000400400004000800040031
:106FC000400B002040380038580B0020640B002094
:106FD0006C0B0020780B0020800B0020880B002019
:106FE000900B0020980B0020A00B0020A80B002085
:106FF000280700200009002068090020284604F026
:107000009DFC022E00F04E82A069002800F09084C2
:107010001022002107F034FF0025C6B2C14804F059
:10702000E5F80121082004F0F1FF0121082004F017
:10703000C3FF4FF4967004F06BFF0820294604F05C
:10704000BBFFC82004F064FF46FA05F108200135B3
:1070500001F0010104F0B0FFC82004F059FF082D31
:10706000F2D12846012104F0A7FFC82004F050FF08
:10707000AD4B0022AB48196840F2BB2504F0EAF89A
:10708000DFF8A0824FF0FF33DBF800600093009B35
:10709000DF0F06E057B1404603F0FEFF002840F046
:1070A0002682DBF800309B1BAB42F3D94FF0FF3355
:1070B000DBF8006040F22B15DFF868820193019B3A
:1070C000DF0F06E057B1404603F0E6FF002840F02E
:1070D0007B82DBF800309B1BAB42F3D9DBF80070FE
:1070E0004FF0FF3940F22B16DFF838824FEAD9759E
:1070F00006E055B1404603F0CFFF002840F069821A
:10710000DBF80030DB1BB342F3D9009B552B40F07A
:107110006E82002D40F06B821E20824E04F0F8FE3D
:107120006FEA09017F48C9B204F070FA7D4804F0A3
:107130004FF8DBF8005005E0304603F0ADFF0028C3
:1071400040F06B82DBF800305B1B182BF4D9774BD7
:1071500001221B2176481A700022764B1A7006F025
:1071600029FA019B0F2B40F3DB83019900231022A6
:10717000714804F06BFB0521704806F01BFAB9F169
:107180000F0F40F3C98300234946CBE6284604F09D
:10719000D5FB6B49284604F097FB2946404604F08E
:1071A00097FC002876D1284604F0C8FB654928469C
:1071B00004F08AFB2946404604F08AFC002840F08F
:1071C000BC81284604F0BAFB40464FF48472514615
:1071D000FBF7B6FA0028C0F2E2825B4B1B78002B6B
:1071E00000F0AD85594B0DF5BC7989F803001B788B
:1071F00089F80130802389F80030F12389F80230C2
:10720000002800F0998556460DF27B12042140F2C9
:10721000051C01E0614507DCCB1E16F8017B01313E
:10722000984202F8017FF5DC0DF277134A46802080
:107230005E18002301E012F8010F034496429BB24E
:10724000F9D109F80130484601310026FFF7EAF983
:107250004FF4FA78DBF80090324F09E0B6F5847FFE
:1072600000F03884384603F017FF002840F02784E8
:10727000DBF80030A3EB09034345EFD3032E00F303
:1072800012850F21324806F095F92B4804F0D0FA08
:10729000FFF7A0BB284604F051FB022E00F0458208
:1072A000A069002800F093831022002107F0E8FD78
:1072B0000026C7B21B4803F099FF0121082004F003
:1072C000A5FE0121082004F077FE4FF4967004F02B
:1072D0001FFE0820314604F06FFEC82004F018FE9F
:1072E00047FA06F10820013601F0010104F064FEBE
:1072F000C82004F00DFE082EF2D13046012104F022
:107300005BFEC82004F004FE074B00220548196804
:10731000002603F09FFF4FF41677DBF80080DFF8BC
:10732000049020E0B81C002054210020B3B60020B7
:1073300044090020B5B60020A81C002060090020E8
:10734000BC070020E40A0020B1B60020D2250020AE
:10735000A4080020182E00F0F181484603F09CFE9E
:10736000002840F00382DBF80030A3EB0803BB42A7
:10737000F0D3002EB54B4FF01001B548D4BF00221A
:1073800001221A7006F016F9002E40F341830027FF
:10739000DFF8C49208E00137414600231022484636
:1073A00004F054FAB74229DA15F8018BB8F10F0F3F
:1073B000F1D8302006F0E8F8EDE73B21A54806F0CB
:1073C000F9F8A54804F034FAFFF704BBA0690028D7
:1073D00000F0BA82A14F0A22002107F051FD386067
:1073E000FFF7F0BB9E4B012236219E481A7006F033
:1073F000E1F8994804F01CFAFFF7ECBA00219A482A
:1074000006F0D8F892E59948FFF739BBA069002843
:1074100000F001831022002107F032FDC3B2FFF714
:1074200064BB0921924806F0C5F80621914806F090
:10743000C1F81B21904806F0BDF806218F4806F0E0
:10744000B9F88F4B0A22844819682B4604F0FEF9DC
:1074500006218C4806F0AEF88B4A2B467E48116810
:107460000A2204F0F3F90521884806F0A3F841F256
:107470007071794804F0D0F90D21854806F09AF82A
:107480000921844806F096F84FF48041724804F0D0
:10749000C3F90B21804806F08DF86F4804F0C8F955
:1074A000FFF798BA1C217D4806F084F86A4804F07A
:1074B000BFF9FFF78FBA7A49284604F005FA294642
:1074C000404604F005FBB8B1284604F037FA002323
:1074D0005EA928468DF87831FFF792F9021E7DDB10
:1074E00029469DF87801FBF793F9FFF773BA4046F8
:1074F00003F024FE0090CAE5284604F01FFA69490B
:10750000284604F0E1F92946404604F0E1FA002853
:1075100000F08780284604F011FA00220920114665
:10752000FFF700F90028D2D10A215F4806F042F89F
:10753000494804F07DF9FFF74DBA284604F0FEF9FA
:10754000022E00F0F8815EA94FF4847210A8FBF7B8
:10755000F7F8011EC0F223815EA80026FFF762F84B
:107560004FF4FA78DBF80090504F09E0B6F5847FCD
:1075700000F04982384603F08FFD002840F0398240
:10758000DBF80030A3EB09034345EFD30321484860
:1075900006F010F8002E00F03B820027DFF8B880DC
:1075A00008E0013700231022404604F04FF9B742AB
:1075B000BFF624AF15F8011B0F29F2D83020009137
:1075C00005F0E2FF0099ECE7404603F0B7FD0190BB
:1075D00075E5404603F0B2FD814687E50C2135484C
:1075E00005F0E8FF1C4804F023F9FFF7F3B9182170
:1075F000314805F0DFFF002310220099164804F0FF
:1076000025F901212D4805F0D5FF134804F010F9A4
:107610002B4B00221A70FFF7DDB9244803F08EFDD2
:1076200095E5284604F08AF9022E3FF4B0AA2549D0
:10763000284604F049F92946404604F049FA002852
:1076400042D1284604F07AF9FFF7A1BAB1B600207A
:1076500034080020B8080020A81C00205421002075
:10766000C2B60020380A0020FC130020781B00203E
:10767000780A0020840A00208C0A0020A80A002032
:107680005C210020B00A002060210020B80A002000
:10769000C00A0020D00A0020DC0A002008090020CF
:1076A00098090020A0090020B4090020B81C00207F
:1076B00034140020A409002028090020FC0A00201E
:1076C000B3B60020C0090020284604F037F9A069AD
:1076D000002800F08C811022002107F0D1FB032E3E
:1076E000C7B200F021810DF5BC79402213A84946AC
:1076F000FBF726F8021EC0F2D08249463846FFF753
:1077000011F8002800F065810023514628468AF8C8
:107710000030FFF775F8021EFFF660AF29469AF8B1
:107720000000FBF775F8FFF755B91C21BB4805F0C1
:1077300041FFBB4804F07CF8FFF74CB9B94B01227C
:107740001021B9481A7005F035FF20E6B74907A89F
:1077500004F0A8F9002800F0F980012E00F39681CA
:10776000B349AF48FBF794F8FFF734B948463C27D4
:1077700003F0E4FCDBF80080A8550136F3E50DA822
:1077800004F048FA431E8446012B11D90D21A94863
:1077900005F010FFA24804F04BF8FFF71BB90721D2
:1077A000A54805F007FF9E4804F042F8FFF712B91C
:1077B000A0ADA24FBCF1010F2E460FCF0FC60FCFC9
:1077C0000FC60FCF0FC697E80F0086E80F003FF4F3
:1077D000ABAA9B4B03F5805CBCF8D42C92B2002A78
:1077E00000F0008103F50056964A0120D6F80C19E6
:1077F00002EB511201F01F01920000FA01F1116039
:10780000BCF8D42C92B22AB1BCF8D42C013A92B272
:10781000ACF8D42CBCF8D02C02F00F020CEB820296
:10782000D2F8D87CBCF8D02CAF63013202F01F0232
:10783000ACF8D02CBCF89C2D92B22AB1BCF89C2D8F
:10784000013A92B2ACF89C2DBCF8982D02F00F02D0
:1078500003EB42030CEB420203F58053B2F89E2D7A
:10786000AA87B3F89E8DBCF8983D774A98FA98F8A5
:10787000013303F01F03ACF8983D744B3B40934237
:1078800000F01683002B00F00D83714A934200F044
:107890005983704A934200F04F83C7F3C03317F007
:1078A000300FAB77C7F38033EB77C7F3403385F8FE
:1078B0002030C7F3003385F82130C7F3C02385F8A3
:1078C0002230C7F3802385F82330C7F3402385F89F
:1078D0002430C7F3002385F8253040F03D815E4B0E
:1078E0000DF2A62707CB1B78CDF8A602CDF8AA1279
:1078F000CDF8AE223B73D6F80C290121574B022656
:10790000A5F8348003EB521302F01F029B0001FA2A
:1079100002F21A60FFF7A8BA302005F035FE32E413
:10792000302005F031FE20E400220DF5BC79E4E6BC
:107930004B48FFF76DBB1A214A4805F03BFE38481B
:1079400003F076FFFFF746B8454843E5464907A8E8
:1079500004F0A8F8002800F05182022E40F3F881CC
:107960000DA804F057F9A36906463D480A220021F4
:10797000002B18BF184607F083FA731E0546012B2B
:1079800000F2D482394B3A4A0344934200F2C8824F
:10799000012E00F0AF82374B02222946186028489A
:1079A000FAF772FB0120FAF7FDFD1D483249FAF79C
:1079B0001BFD31461A4803F02FFF30491848FAF7EB
:1079C00013FD29461648FAF7F7FCFFF703B82448D9
:1079D0006AE40C212A4805F0EDFD114803F028FF68
:1079E000FEF7F8BF02260DF2A627FFF73DBA1C48A6
:1079F00071E638464FF03C0803F0A0FBDBF800903E
:107A0000A8550136BCE503211E4805F0D3FDC4E5A9
:107A10000D211D48F4E41248FCE400BF14080020C6
:107A2000A81C0020B1B6002034080020B40B0020B0
:107A3000700C0020F00A0020640800206003002081
:107A4000205700206038003880000400C80004007F
:107A50004000040008000400400B002040380038BB
:107A6000781B002048080020BC0C0020F0D8FFFF45
:107A7000301B0F0060210020EC0C0020FC0C0020CB
:107A8000C809002034140020C8050020A0AD0DF165
:107A90003408BA49284603F017FF2946404604F047
:107AA00017F800283AD0284603F048FFB44B0022CC
:107AB000B449B5481A70FAF7EBFEFEF78BBF3846AB
:107AC0004FF03C0803F03AFBDBF80090A855013674
:107AD000FFF7CEBB40F20316EB780321AB489E4282
:107AE000A8BF1E4605F066FD002E3FF41FAA0DF24A
:107AF0008325DFF894822E4408E0394600231022C3
:107B0000404603F0A3FEAE423FF410AA15F8017FF1
:107B10000F2FF2D8302005F037FDEEE7284603F0AE
:107B20000DFF9B49284603F0CFFE2946404603F04F
:107B3000CFFF07462846BFB103F000FF954B002258
:107B4000954991481A60FAF7A3FEFEF743BF012654
:107B50000DF2A627FFF788B90DF2A6270D228F494F
:107B6000384607F08BFAC6E603F0E8FE8C49284653
:107B700003F0AAFE2946404603F0AAFF002835D0AC
:107B8000284603F0DBFE87497F48FAF72DFC7C4B43
:107B90007D48197803F040FE83497B48FAF724FCBE
:107BA000824B1022784819683B4603F04FFE80490B
:107BB0007548FAF719FC7F4A3B4673481168102252
:107BC00003F044FE7C497048FAF70EFC714B6E4896
:107BD000196803F021FE79496B48FAF705FC784BE8
:107BE00069481968FAF7E8FBFEF7F4BE284603F087
:107BF000A5FE032E7FF7B4AD7249284603F064FE5C
:107C00002946404603F064FF074698B9284603F02A
:107C100095FE042E3FF4A4AD6B49284603F054FEB4
:107C20002946404603F054FF002840D1284603F07F
:107C300085FE95E5574E284603F080FE3768172FDE
:107C40006BDC4A22DFF8B08110A802FB07F708229C
:107C5000B91C4144FAF774FD07F10A0105464022B8
:107C6000414413A8FAF76CFD002D50DD00284EDDCD
:107C700008EB0703554908F8075058703368424825
:107C800001333360FAF7B0FB31683F4803F0C4FDBD
:107C90003D4803F0CDFDFEF79DBE4D493A48FAF749
:107CA000F7FDFEF797BE053E26EAE67614E728467E
:107CB000484D03F043FE606A39461022002808BF91
:107CC00028463A4E07F0DCF80346206B102239466E
:107CD0003360002808BF2846364D07F0D1F8384BEE
:107CE00001223D491F60264B286027481A70FAF789
:107CF0007BFB3B4631681022234803F0A7FD2C494B
:107D00002148FAF771FB3B462968FFF70BB9334965
:107D10001D48FAF7BDFDFEF75DBE31491A48FAF776
:107D2000B7FDFEF757BE0DF2A6270D221B493846B8
:107D300007F0A4F9FFF78AB80421FFF775BA3421D8
:107D4000284805F037FC104803F072FDFEF742BEEC
:107D500025490D48FAF748FB244A00230A481168D0
:107D60000A2203F073FD22490748FAF73DFB214B35
:107D700005481968FAF720FBFEF72CBE540B0020CB
:107D8000B2B60020B80B0020A81C0020341400203C
:107D9000C40B002038800020CC0B0020500B0020AA
:107DA000DC0B0020E40B0020F00B0020CC80002036
:107DB000F80B0020E8800020000C0020080C0020B8
:107DC000E4800020100C00205C0C00204C0C0020F3
:107DD00064080020781B0020600C0020280C002084
:107DE000140C00206C080020C40C00205C21002032
:107DF000CC0C0020602100200C8100209B4907A8AA
:107E000003F050FE002800F02081012E40F3128183
:107E1000A0AD0DA9284603F075FD284603F0AEFE7F
:107E20009349284603F03EFE0646002840F0ED80C8
:107E30009049284603F036FE0746002840F0B880F7
:107E40008D49284603F02EFE0646002840F0858026
:107E50008A49284603F026FE002879D0884B32460E
:107E600088481968FAF752F80120FAF7CDFA864BDC
:107E7000324686481968FAF707F90120FAF792FBAB
:107E8000834B844F84493B60844B85481E70FAF7CE
:107E9000ABFA39688248FAF7FBFC284603F04EFD3E
:107EA000FEF798BD1D227F49284607F0E7F8F4E465
:107EB0001D227D49284607F0E1F8EEE41D227949AC
:107EC000284607F0DBF8FEF793BF1D2276492846C7
:107ED00007F0D4F8FEF78CBF1D227449284607F03E
:107EE000CDF8FEF785BF1D227149284607F0C6F878
:107EF000FEF77EBF624B0146002218606148FAF728
:107F000005F83046FAF780FA4FE56A496448FAF70F
:107F1000BFFC05F083FB282003F0FAFF07F014FDF7
:107F200065495F48FAF7B4FCFEF754BD63495C4805
:107F3000FAF7AEFCFEF74EBD1D225C49284607F05D
:107F40009DF8AAE41D225A49284607F097F8A4E4B0
:107F50005B495348FAF79CFC9FE7494B3A4649482E
:107F600001261968F9F7D2FF0120FAF74DFA464BBE
:107F7000022246481968FAF787F80120FAF712FB3F
:107F8000FCF788FC4F4B40F2FF71DBF800201F60CC
:107F90004D4B19604D4B1F604D4B1F604D4B1F608B
:107FA0004D4B1F604D4B1F604D4B1A604D4B68E7AA
:107FB000334B022233481968F9F7A8FF0120FAF77A
:107FC00023FA314B022231481968FAF75DF8012093
:107FD000FAF7E8FAFCF7DEFFFCF75CFC394B40F2FD
:107FE000FF71DBF800201E60374B1960374B1E60B5
:107FF000374B1E60374B1E60374B1E60374B1E6081
:108000000126374B1A60384B3BE71D4B00221D48B9
:1080100000261968F9F77AFF0120FAF7F5F91A4BEB
:1080200002221A481968FAF72FF80120FAF7BAFA6B
:108030002E4B26E72E491A48FAF7D6F9154B184861
:108040001968FAF725FCFEF7C5BC2A4907A803F012
:1080500029FD0746002851D0012E00F35E822649F3
:108060000F48FAF715FCFEF7B5BC00BF040D002061
:108070000C0D0020100D0020180D00201C0D0020FC
:108080005C210020082E00206021002020570020C5
:10809000D4030020E82000204C0D0020B4B60020BE
:1080A000A81C0020080B0020000B0020340B00202F
:1080B000240B00201C060020D00C0020F00A002019
:1080C000240D0020FC800020582100200481002085
:1080D000F8800020A880002000810020FC8700207C
:1080E000C4800020D0030020C8030020C403002067
:1080F000580D0020600D0020740D0020894907A84C
:1081000003F0D0FC0390002840F03481864907A892
:1081100003F0C8FC0546002800F0F3800DF5BC799B
:10812000824B834A1421DFF840C24E4602934FF03F
:10813000A53E0192A0AD0091039FBCE80F000FC6C1
:108140009CE80300794B0222B84686E803004FF40E
:1081500080717848C9F800101968CDE961EEF9F727
:10816000D5FE0120FAF750F9714B7348039A19684C
:10817000F9F78AFF0120FAF715FA49466E48FBF72E
:10818000F9FB00B10137DBF80060DBF800309B1B26
:108190000E2B17D8DFF8D0E1AC46BEE80F00ACE8F4
:1081A0000F009EE803008CE8030029466148FCF7B5
:1081B000D3FE0028E9D02B68B3F5807FE5D108F124
:1081C0000108E2E7009B013B0093D6D1DFF89CE178
:1081D0002E46DFF89CC1BEE80F000FC6BEE80F00B8
:1081E0000FC6BEE80F000FC69EE80F0086E80F001E
:1081F000BCF8D43C9BB2002B47D00CF580564F4BBB
:108200000121D6F80C2903EB521302F01F029B0048
:1082100001FA02F21A60BCF8D43C9BB22BB1BCF854
:10822000D43C013B9BB2ACF8D43CBCF8D03CBCF88D
:10823000D03C013303F01F03ACF8D03CBCF89C3DAC
:108240009BB22BB1BCF89C3D013B9BB2ACF89C3D72
:10825000BCF8983D0121D6F80C2903F00F030CEB74
:108260004303B3F89E3D85F83530BCF8983D0133A3
:1082700003F01F03ACF8983D314B03EB521302F0AF
:108280001F029B0001FA02F21A60029B0022294899
:1082900000261968F9F73AFE0120FAF7B5F8019BB4
:1082A000022225481968F9F7EFFE0120FAF77AF95A
:1082B000244B254925481E70FAF796F8334639466F
:1082C0000A22224803F0C2FA21492048FAF78CF822
:1082D00033460A2241461D4803F0B8FA1D491B489F
:1082E000FAF782F895F835101848FAF771F81A4B32
:1082F0001A491648B04508BF1946FAF7C9FAFEF7F9
:1083000069BB174907A803F0CDFB0746002800F01A
:108310006581012E00F3208112490C48FAF7B8FA62
:10832000FEF758BB9C0D0020F40D00205C210020BE
:1083300060210020082E00202057002060380038DF
:1083400040380038B4B60020FC0D0020A81C0020E6
:10835000140E0020200E002030050020E004002034
:10836000300E0020B40E00204003002060030020E7
:10837000206700208B4BA3AA0DF5BC798A4E02938F
:10838000A0AD0092CC4640F211180FCEACE80F0021
:10839000844B3A462F4696E803008CE803001968A0
:1083A0008248F9F7B3FD0120FAF72EF80120F9F71A
:1083B000DFFF052003F0ACFDA6F1100C4FF05A3E94
:1083C000BCE80F000FC796E80300009A87E8030097
:1083D000C5F800802946CDF88CE27448C2F804E064
:1083E000FAF79EFFDBF80060DBF800309B1B3B2BAD
:1083F00000F2498349466D48FCF7AEFD0028F3D0F2
:10840000D9F800304345EFD10123039300202E46D5
:10841000F9F7AEFF664B02466648196840F222271C
:108420000193F9F731FE0120DFF88881FAF7BAF8F5
:108430000120F9F779FF052003F06AFDDFF868C134
:108440004FF0A53EBCE80F000FC69CE80300009B60
:1084500086E803002F602946CDF88CE24046C3F839
:1084600004E0FBF787FADBF80060DBF800309B1BC9
:108470003B2B00F28C8349464046FCF7D9F8002894
:10848000F3D0D9F80030BB42EFD101230493002090
:108490002F46F9F749FF029B0246444819684FF0FE
:1084A0001408F9F733FD0120F9F7AEFF019B002214
:1084B000404819680026F9F7E7FD0120FAF772F83D
:1084C000DFF8E4C04FF0333EBCE80F000FC740F2C6
:1084D00021339CE8030087E803002B60009BCDF864
:1084E0008CE2C3F804E029463048FAF719FFDBF8BC
:1084F0000070DBF80030DB1B042B00F2D982494608
:108500002C48FCF795F80028F3D0D9F8003040F259
:1085100021329342EDD10136EBE72749A0A803F0C1
:10852000D3F9A0A90DA803F0D3FA002800F0AE8279
:10853000A0A803F003FA00221D4B20491D480A7031
:108540001968F9F7A1FD0120FAF72CF81C491D481C
:10855000FAF79EF9FEF73EBA1B49A0A803F0B4F95A
:10856000A0A90DA803F0B4FA002800F0DF80A0A8AD
:1085700003F0E4F9114B154912481D70F9F734FF67
:10858000134A2B460F4811680A2203F05FF911497C
:108590000C48F9F729FF104B0A481968F9F70CFF46
:1085A000FEF718BA5C21002040030020082E0020AE
:1085B0006021002020570020680D0020B4B6002064
:1085C000B4110020A81C0020540B002038120020F9
:1085D000A88000201412002000810020AF4907A8C5
:1085E00003F060FA002800F03E82012E40F335824D
:1085F0000DA803F00FFB022E054600F0288210A8FC
:1086000003F008FB032E814600F0CE81606A102241
:10861000DFF8E8823946002808BF404606F030FC03
:10862000042E009040F3C181206B394610220028AF
:1086300008BF404606F024FC0290012D00F09C810A
:10864000022D7FF473AC964B2A4696484FF00008F3
:1086500019680193F9F718FD0120934DF9F7A2FF6E
:10866000FCF718F9DBF80030CDF80C800493B9F171
:10867000000F00F0CE80DBF80030049AD31A4B4490
:10868000002B40F3D280A0AEDFF874C23746BCE8BE
:108690000F000FC79CE8030087E8030031468148BC
:1086A000FBF7C6FF0028E2D03368029A9A42DED375
:1086B000009A9A42DBD8737A0BB108F101080321C2
:1086C0007A4804F077FF049BDBF800100A22284662
:1086D0000027C91A002303F0B9F83A2004F054FF28
:1086E000002331681022284603F0B0F83A2004F045
:1086F0004BFFF37A0DF28B2605930DE073780F2B69
:1087000002D8302004F040FF0023102216F8011F89
:108710002846013703F09AF8059BBB42EEDC039B29
:1087200028460133039303F083F8A0E7A0A803F0E1
:1087300005F95F49A0A803F0C7F8A0A90DA803F0A8
:10874000C7F90546A0A8002D40F0DC8003F0F6F83C
:108750005849A0A803F0B8F8A0A90DA803F0B8F9EB
:10876000002800F08880A0A803F0E8F852494E489D
:10877000F9F73AFE514B4C48197803F04DF850493F
:108780004948F9F731FE4F4B0A22474819782B46E2
:1087900003F05CF84C494448F9F726FE4B4B0A229B
:1087A000414819684A4B1B68C91A2B46C1F30D0191
:1087B00003F04CF847493C48F9F716FE464B0A22AD
:1087C000394819682B4603F041F844493648F9F70F
:1087D0000BFE434B0A22344819682B4603F036F847
:1087E00040493148F9F700FE3F4A2B462E481168B0
:1087F0000A2203F02BF83D492B48F9F7F5FD4FF419
:108800008041294803F008F8274803F011F8FEF7E3
:10881000E1B804F065FE00283FF435AF01E004F054
:10882000A3FE04F05DFE0028F9D10521304804F0D4
:10883000C1FE039900230A221B4803F007F8B8F190
:10884000000F0DD1184802F0F3FF019B02221548DA
:108850001968F9F719FC0120F9F7A4FEFEF7BAB878
:108860000921244804F0A6FE414600230A220E48AE
:1088700002F0ECFFE6E7A0A803F060F81E49A0A80C
:1088800003F022F8A0A90DA803F022F9002840F077
:108890009080A0A803F052F83EE500BFC803002076
:1088A0006021002020570020A81C0020BC130020BD
:1088B000340E0020DC0B0020F8110020B4B600209C
:1088C00004120020D32500200C120020F880002084
:1088D0000481002014120020008100201C120020BE
:1088E000A880002028120020FC87002030120020E1
:1088F000C0130020C81300205C0C0020781B00204F
:108900004003002003F01AF8022E2AD010A803F02A
:1089100081F9431E012B1ED8022804D1A64B1B78D7
:10892000002B40F08580A54DA5492870A548F9F792
:108930005BFD297800230A22A24802F087FF2978EC
:10894000A14AA24B9F4802290CBF11461946F9F7CC
:108950009FFFFEF73FB89E499A48F9F799FFFEF747
:1089600039B89C499748F9F73FFD944B95481978D9
:10897000F9F72EFDFEF72EB8974E02229748316880
:10898000F9F7C4FA2846F9F73FFD029A00994846DC
:10899000FCF72AFB316800229048F9F7B7FA28461D
:1089A000F9F732FDFEF716B8009740F2FF73029315
:1089B00043E6A0A802F0C2FF022E42D0A069102216
:1089C000874D0021002808BF284606F059FA854B3C
:1089D000032E186032D0606A10220021002808BFE0
:1089E000284606F04DFA804B022219687F4B18602A
:1089F0007F48F9F749FB0120F9F7D4FDFBF74AFF5F
:108A000000237C49DBF800200B607B496D480B603C
:108A10007A490B607A490B607A490B607A4B7B4943
:108A20001A6001227A4B1A70F9F732FFFDF7D2BFB4
:108A300078496448F9F72CFFFDF7CCBF40F2FF708E
:108A4000D1E7684B002240F2FF701A60CBE740F29A
:108A5000FF73B94600970293EFE56F495948F9F75C
:108A600017FFFDF7B7BF6D4907A803F01BF8804655
:108A7000002800F03B81012E70DC69495148F9F76C
:108A800007FFFDF7A7BF00230393BFE4A0A802F0F0
:108A900055FF6449A0A802F017FFA0A90DA803F094
:108AA00017F8002876D1A0A802F048FFFFF7D7BA40
:108AB000B8F101087FF417AD029B42464748196898
:108AC000F9F724FA0120F9F79FFC019B022248489C
:108AD0001968F9F7D9FA0120F9F764FD4C4B5249AE
:108AE000384883F80080F9F77FFC504F039B504DC6
:108AF0003448002B14BF39462946F9F775FC4D4917
:108B00003048F9F771FC049A002A00F0EE823946E9
:108B10002C48F9F769FC48492A48F9F765FC002E0A
:108B200040F0CD8229462748F9F75EFC43492548A5
:108B3000F9F75AFC334631460A22224802F086FEF3
:108B40003F492048F9F750FC039B002B00F0E882D6
:108B50003C491C48F9F79CFEFDF73CBFA0AD0DF168
:108B600034083949284602F0AFFE2946404602F053
:108B7000AFFF002870D0284602F0E0FE334B002201
:108B8000334910481A60F9F783FEFDF723BF00232D
:108B900004937CE4A0A802F0D1FE134B02221448F7
:108BA0001968F9F771FA0120F9F7FCFC2949054821
:108BB000F9F76EFEFDF70EBFADB60020D3250020FD
:108BC000980E0020A81C002090050020B805002069
:108BD000440E00203C0E00205C210020082E0020C6
:108BE000781B0020FC8000206021002058210020FC
:108BF0002057002004810020F8800020A880002059
:108C000000810020FC870020C4800020A80E0020E6
:108C1000B4B60020540E0020FC0E0020240F0020CB
:108C2000340F0020700D0020A80D0020DC03002070
:108C3000E4030020C00D0020CC0D0020DC0D00203E
:108C4000EC0D002004040020280F0020C880002024
:108C50004C120020901100207B49404602F022FF78
:108C6000002888D1284602F069FE032E7FF705AF61
:108C7000404602F0CFFF431E012B3FF657A9734E2B
:108C80001022734B00213060A069DFF8FC810028BE
:108C900008BF18466F4F06F0F3F8C8F8000013A895
:108CA00002F0B8FF132840F23D8238606A4B00257D
:108CB0006A496B481D60F9F797FB3168684802F014
:108CC000ABFD68496648F9F78FFB2B46D8F80010D2
:108CD0001022634802F0BAFD63496148F9F784FB4A
:108CE00039685F48F9F768FBFDF774BE5F4907A86C
:108CF00002F0D8FE0546002800F08581012E00F321
:108D0000C580782340F2EF714FF4E065CDE9003182
:108D10004FF00009C846019BAB427AD3544F5EAE78
:108D20004FF0000C43F6026E0FCF0FC697E803001A
:108D300086E803005EA94F485E95CDE961CCADF8A9
:108D400084E1FAF7EDFADBF80070009B1F44DBF8D2
:108D50000030FB1A002B57DDA0AEDFF814E1B4465B
:108D6000BEE80F00ACE80F009EE803008CE80300AB
:108D700031464048FCF7F0F80028E8D033689D42BF
:108D8000E5D0337B1B0941D1F37A022B3ED9737BAB
:108D90007E2B07D0F368384A23F07F4323F0FF038C
:108DA000934233D10621354804F004FC00231022FD
:108DB00029462B480DF28B2702F048FD3A2004F09B
:108DC000E3FB002331681022254802F03FFD3A20E2
:108DD00004F0DAFBF37A002602930DE07B780F2B88
:108DE00002D8302004F0D0FB0023102217F8011F16
:108DF00001361B4802F02AFD029BB342EEDC184804
:108E000008F1010802F014FD013584E709F10109B8
:108E10009DE705211A4804F0CDFB414600230A22B4
:108E20000F4802F013FDB9F1000F3EF47FA80A21AC
:108E3000144804F0BFFB002349460A22084802F008
:108E400005FDFEF773B800BF300F0020C88000207A
:108E5000781B0020B8800020E0800020580F002000
:108E6000A81C0020680F0020700F0020FC050020C7
:108E700040030020082E0020007F3E00780F0020D5
:108E8000C0130020800F0020BC8000200DA802F03D
:108E9000C1FE022E074600F0AE80A0694146B34BEA
:108EA0001022002808BF184605F0EAFF032E0546E9
:108EB00000F09B80606A1022AC4B0021002808BFA4
:108EC000184605F0DDFF042E019000F08B8016A8F7
:108ED00002F0A0FE0090012F3FF41AAF022F7FF4A2
:108EE00025A84FF00009C846019BAB4291D3A04F83
:108EF0005EAE4FF0000C43F6026E0FCF0FC697E840
:108F0000030086E803005EA99A485E95CDE961CC2E
:108F1000ADF884E1FAF72EFDDBF80070009B1F44EA
:108F2000DBF80030FB1A002B57DDA0AEDFF840E283
:108F3000B446BEE80F00ACE80F009EE803008CE8E2
:108F4000030031468B48FBF773FB0028E8D03368F9
:108F50009D42E5D0337B1B0941D1F37A022B3ED9E8
:108F6000737B7E2B07D0F368834A23F07F4323F083
:108F7000FF03934233D10621804804F01BFB0023FA
:108F8000102229467E480DF28B2702F05FFC3A2022
:108F900004F0FAFA002331681022794802F056FCF6
:108FA0003A2004F0F1FAF37A002602930DE07B7880
:108FB0000F2B02D8302004F0E7FA0023102217F814
:108FC000011F01366E4802F041FC029BB342EEDC09
:108FD0006B4808F1010802F02BFC013584E709F128
:108FE00001099DE77823009375E7782340F2EF703D
:108FF000CDE900306FE740F2EF734FF4E065019385
:109000007823009367E75F4907A802F04BFD00282B
:1090100000F0EB80032E40F3E6800DA802F0FAFD8D
:109020002946524B0546A0691022002808BF184661
:1090300005F026FF082200905EA913A8F9F780FB2F
:10904000B0F1000EC0F2C980012D79D0022D7EF45E
:109050006DAFA0ADDFF818C14FF000095EAE2F462E
:109060000DF28B2BC846BCE80F000FC79CE803002D
:10907000009B87E803002B60CDE9A39908E0B8F1D5
:10908000070F07DC16F8013B08F101080BF8013F58
:10909000C645F4DC29463748FAF76CFC3A4D3B4BA1
:1090A000002808BF1D46284606F042FA0146284619
:1090B00004F080FA324802F0BBFBFDF78BBC394666
:1090C0002F48F9F791F932492D48F9F78DF94346C0
:1090D00031460A222A4802F0B9FB2E492848F9F7FE
:1090E00083F9039BE3B12C4933E529462448F9F77A
:1090F0007BF92A492248F9F777F9B6B13946204871
:10910000F9F772F922491E48F9F76EF9049B3146C6
:109110000A221B4802F09AFB1E491948F9F764F924
:109120001F4916E514233B60C0E529461448F9F7AA
:109130005BF917491248F9F757F933463146E7E723
:10914000A0ADDFF82CC04FF000095EAE2F460DF247
:109150008B2BC846BCE80F000FC79CE80300009BA0
:1091600087E803002B60CDE9A39924E0781B002059
:109170004003002020570020007F3E00780F002091
:10918000A81C0020F8050020E4050020D8050020D8
:10919000DC0D0020EC0D0020FC030020CC0D002095
:1091A000EC030020B8F1070F07DC16F8013B08F1CB
:1091B00001080BF8013FC645F4DC2946B948FAF727
:1091C000AFF8B94DB94B002808BF1D46284606F038
:1091D000AFF901462846FEF713B9B549B548F9F786
:1091E00057FBFDF7F7BBB449B3E4B44907A802F055
:1091F00059FC002800F08F80032E40F360850DA8F5
:1092000002F008FDAE4B8046A06910220021002824
:1092100008BF184605F034FE08220746514613A839
:10922000F9F78EFA051ED8DB042E00F0448516A847
:1092300002F0F0FC8146B8F1010F00F0C684B8F1ED
:10924000020F7EF473AEDFF8A4C2082D5EAEA8BF95
:109250000825BCE80F000FC69CE803002A4686E8F4
:109260000300514661A85E978DF8835102F00EFF0E
:109270005EA99448FAF77EFB002800F09D84B9F1BE
:10928000000F00F00F85DBF800300025894E0093B9
:10929000DBF80030009AD31A4B44002B40F3FA84D9
:1092A000DFF848C2A0AFBCE80F000FC79CE803007E
:1092B00087E80300A0A98348FBF7BAF90028E7D0A4
:1092C0000321814804F076F900231022A09930464A
:1092D0000DF28B2802F0BAFA3A2004F055F99DF805
:1092E0008B32002701930EE098F801300F2B02D843
:1092F000302004F049F90023102218F8011F3046ED
:10930000013702F0A3FA019BBB42EDDC3046013588
:1093100002F08EFABCE76D4907A802F0C3FB0028F3
:1093200000F01082012E40F3BB81A0AD68492846B1
:1093300002F0CAFA29460DA802F0CAFB07462846E1
:1093400002F0FCFA002F40F00784032E40F3A281C4
:109350000DA802F05FFC5A4B0646A0693946102260
:10936000002808BF184605F08BFD731E0746012B29
:109370003EF6DCAD4FF40272564913A8F9F7E0F956
:10938000B0F1000840F381800123534AFFB213700B
:10939000524B1B68002B66D0514A1278BA4201D159
:1093A000B34205D0FAF792FB4C4B1B68002B5AD006
:1093B000C8F30723A3A80122002103930DF5BC796C
:1093C00005230090A8EB01009842A8BF1846454B22
:1093D00046181B780746029303F00F00B045D4BF30
:1093E000102320230196034389F80030002A56D029
:1093F000039B032689F8028089F80130354B3A46F1
:1094000009EB0600194402F041FE06EB070C364B4F
:109410002E46364FB3F800E00FCF0FC697E8030093
:10942000624686E8030049460098C5F800E085F8E2
:109430000BC002F02BFE294B29461B68022B2AD0B9
:109440001848F9F76DFF002800F0B280029B254A0A
:10945000013303F00F031370019B98454CDD019914
:1094600000220723AEE707F00F023046394642F4E8
:109470004072FCF709F900289AD1174B1C49187063
:109480000C48F9F705FAFDF7A5BA1A490948F9F7A2
:10949000FFF9FDF79FBA0B48FAF76CFAD3E70126FC
:1094A000ACE700BF082E0020E4050020D80500200E
:1094B000A80F0020A81C00208C0F0020F005002021
:1094C000781B002020570020BC130020EC0F002048
:1094D0001C10002030880020B8B600200881002031
:1094E000B9B60020B6B600209EB60020400300208A
:1094F00084100020681000207F4800264FF49673E7
:10950000524629460088CAF80060FCF773F8002824
:109510004ED0DBF8003041F27077A8461F444FF080
:10952000FF33CDE90036DBF80030FB1A002B4EDDAF
:10953000724B4E46724D1B6802930FCD0FC6029BB5
:1095400095E80300022B86E8030049463BD06D48AE
:10955000FBF702FD0028E6D0674BD9F800201B88F6
:109560009A42E0D199F80B100029DCD099F80C3020
:109570001809A0F10A02012AD5D9009A01323ED178
:109580000229D0D9B9F80D2052BA92B20092032222
:10959000019F40F2FF3C6745019725DC8A4223DAB0
:1095A00009EB0205584E01322D7BBD550137F2E71C
:1095B0000023564A1370FAF789FA55495548F9F7C6
:1095C00067F9FDF707BA5448FBF732F8C2E7DBF852
:1095D0000020524B52491A6000234C4A4D481370E8
:1095E000F9F756F9FDF7F6B901282CD9009B9F42EF
:1095F00007DADBF8003041F270771F4493E701226D
:10960000C6E7424B0025DBF800201D703E4E434B61
:10961000404F44493F481A60F8F7E6FE009B9D42E0
:109620003DF484AC3378B0460F2B02D8302003F0E1
:10963000ABFF98F8001000231022384601360135A0
:1096400002F004F9EAE75D1C2C4A374B46461268E3
:1096500005F00F051B884FF0010EDFF8A4C065F080
:109660004F0502930392BCE80F000FC6039A029BBA
:10967000022A9CE8030086E803004146C8F800304F
:1096800088F80BE088F80C5000F06E821D48F9F75E
:1096900047FEABE725491F48F9F7FAF8FDF79AB9F5
:1096A000164D2B68002B00F0758221491948F8F7F8
:1096B0009BFE2968174802F0AFF81E491548F8F7D5
:1096C00093FE1D4A002313481178102202F0BEF8C1
:1096D0001A491048F8F788FE074A00230D481188F8
:1096E000102202F0B3F816490A48F8F77DFE0E4A38
:1096F00000231188FDF716BC9CB6002008810020CD
:1097000040030020082E0020488E0020B8B600201C
:10971000C8100020A81C002020570020DC8000205A
:1097200058120020341400209EB60020341000206F
:10973000F40F002000100020B9B60020081000200F
:10974000680F00209E4907A802F0ACF901460028E6
:1097500000F0DC81042E40F39A810DA8994E02F0AE
:1097600059FA0546A06910220021DFF884820028FA
:1097700008BF304605F084FB0290606A1022002189
:10978000002808BF304605F07BFB4FF4027208EE5C
:10979000100A414616A8F8F7D3FF071E7FF775AEEB
:1097A000012D00F06B81022D7EF4C0ABA0ADA3AB08
:1097B000BAB2DFF840E20093AC4601920026BEE860
:1097C0000F00ACE80F009EE80300019A009B072AF7
:1097D0008CE8030002992960A3965E6000F20C8178
:1097E00041460DF28D202F7302F050FC2946764839
:1097F000FAF7C0F8002800F0DA804FF00009DBF833
:10980000003041F270774E46C8461F44CDF80490B0
:10981000DBF80030FB1A002B27DD6C4B1B780BB1FB
:10982000FAF724FFDFF8CCE10DF5BC7CBEE80F00B1
:10983000ACE80F009EE803008CE803005EA96248D4
:10984000FAF7F6FE0028E3D05E9B18EE102A9A4243
:10985000DED19DF88421130900F09280012B59D0AC
:10986000022B1AD04FF00108D2E7002E48D0019BFE
:10987000002B45D00C21564803F09CFE314655483C
:1098800001F0CAFF2F2003F07FFE4946514801F046
:10989000C3FF33215048FDF7B3BDF31D4F4A61A903
:1098A0009BB2B2184E4532D2013611F8010FB6B252
:1098B00002F8010BB342F5D1DBF8003041F27077CA
:1098C0004E451F44CED33746444D0026DFF8048171
:1098D0000321434803F06EFEB7423DF427AB2B78DB
:1098E000A9460F2B02D8302003F04EFE99F8001045
:1098F0000023102240460135013601F0A7FFEBE7B7
:10990000384D394BB8F1000F08BF1D465EE4DBF857
:109910000030D8E713029DF885910DF285120026DC
:1099200003F4706349EA03092C4B4E4507D0013616
:1099300012F8011FB6B203F8011B062EF5D1012360
:10994000DFF8B0E0AC464FF00008019341F27077C9
:10995000BEE80F00ACE80F009EE80300029B8CE815
:1099600003002B602946009B1748C3E900884FF08D
:1099700030032B73F9F7FEFFDBF800301F4471E76B
:1099800017460DF28511154802F080FB032F9BD17D
:10999000124A13787F2B97D19378782B94D1DBF8E8
:1099A000003041F270774FF001081F4430E7452145
:1099B0000E4803F0FFFD074801F03AFFFDF70AB833
:1099C000EC050020781B002020570020B4B60020B2
:1099D00078130020A81C00208813002048A2002033
:1099E00034140020B81200206C120020F012002065
:1099F000388A002040030020019B2946D8F8000047
:109A0000C3F303236F7343F010032B73B8F80430D0
:109A1000CDF88E02B348ADF89232F9F7ABFF0028CB
:109A2000C5D00DF5BC79514618EE100A8AF80060D1
:109A30004A468DF87861FAF757FF002841D1012393
:109A4000062203932B464D4681461F46009B00216C
:109A5000C3E90011039B43F02000A3AB3873184601
:109A6000009356180629B6B217DC019BB34214D9ED
:109A700018F80630013100F8013FF2E7BBB2424668
:109A800018EE101A0298FBF77FFCFCF7A3BF96496B
:109A90009648F8F7FDFEFCF79DBF39469148F9F767
:109AA00069FF002883D0039A09F1010301325FFAAC
:109AB00083F9019B02F00F02B342039207D83D469F
:109AC0009BE63E218A4803F075FDFDF72FBA287802
:109AD000002868D0020664D500F10F02D2B2082A2D
:109AE0005ED8844BA0F1F00283494FF0640C5868B3
:109AF000824B0CFB02F21B68B3FBF1F101FB02F29B
:109B00007C4B5B681B1A9A42FAD84CE0032E2FD18B
:109B10007B4D102220680091002808BF284605F0E0
:109B2000AFF90646E06810220099002808BF2846D1
:109B300005F0A6F94FF402720546724910A8F8F72D
:109B4000FFFD031E7FF7A1AC9BB2294630466D4A4C
:109B5000FBF71AFCFCF73EBFF9F7B8FF6A49634808
:109B6000F8F796FEFCF736BF5E48F9F703FF3DE5D0
:109B70005E48052565490C26F8F78AFE07A801F01E
:109B8000DDFE06FB0540013D01F0D8FE6B1CF8D15F
:109B9000FCF72ABF5E495548F8F77AFEFCF71ABF72
:109BA000012002F0B5F99AF80020013AD2B29145AD
:109BB00000F28B80324649E70B21564803F0FAFC4D
:109BC0004A4801F035FEFCF705BFDFF860C1082DFB
:109BD0005EAEA8BF0825BCE80F000FC69CE80300D6
:109BE0002A4686E80300514661A85E978DF88351A6
:109BF00002F04CFA5EA94848F9F792FB0028DBD046
:109C0000B9F1000F4ED0DBF800300025374E00933D
:109C1000DBF80030009AD31A4B44002B3ADDDFF812
:109C20000CC1A0AFBCE80F000FC79CE8030087E899
:109C30000300A0A93848FBF78FF90028E8D00321DA
:109C4000364803F0B7FC00231022A09930460DF2ED
:109C50008B2801F0FBFD3A2003F096FC9DF88B3237
:109C6000002701930EE098F801300F2B02D8302026
:109C700003F08AFC0023102218F8011F3046013738
:109C800001F0E4FD019BBB42EDDC3046013501F003
:109C9000CFFDBDE70521224803F08CFC00232946B7
:109CA000FCF7F9BE07211F4803F084FC0F4801F0C0
:109CB000BFFDFCF78FBE4FF00009FFF7BCBA1A4991
:109CC0000A48F8F7E5FDFCF785BE2A46514618EE2E
:109CD000100AFAF709FE00287FF4F3AE81463246F7
:109CE000B4E600BF20570020E8100020A81C002088
:109CF00038130020001000E040420F00A41C002098
:109D0000781B0020408C0020241000200811002027
:109D100010100020D8050020082E0020BC130020C1
:109D2000C0130020E4050020C40F002040030020E1
:109D3000B04B1B782DE9F04F95B0002B40F06482BA
:109D4000AD4EAE4DAE4FDFF8048303F0C9FB90B1CA
:109D500003F00AFCC1B20A2966D00D2964D0AA68B2
:109D600040F24B439A42F0D8284601F08BFE03F0B4
:109D7000B7FB0028ECD133780446002B00F0A68016
:109D8000A04B1B78002B00F08B810EAD9E4EDFF8B0
:109D9000A0822C469D4F0FCE0FC496E8030084E8A6
:109DA000030029464046FBF7D7F8002800F07881E9
:109DB0009DF83F40002C00F0368354201C2403F013
:109DC000E3FB0E99102200233846E140043C01F0E9
:109DD0000F0101F03BFD221DF3D19DF8431000233C
:109DE0001022384601F00F0101F030FD9DF843309C
:109DF000002B00F014830DF143060BE00A3C002316
:109E00001022384601F022FD641B9DF84330A34226
:109E100040F30583344616F8011F0F29EED8302091
:109E200003F0B2FB3178E9E7AB68002B8DD03178D5
:109E3000002944D1284601F06DFE7428AB6826D075
:109E4000722824D0542800F02483522800F0218363
:109E5000012B00F01C84022B0DD153280BD10121C2
:109E6000284601F057FE2F2805D90121284601F088
:109E700051FE38281FD90EAC2946204601F042FD7C
:109E80002046FCF70BFD204601F058FD19E0042B9D
:109E9000F1D901242146284601F03CFE20F02003A0
:109EA00030380134413BC0B2DBB2092801D9052B5F
:109EB000E1D8052CEED10123AA6833700AB1F9F775
:109EC000DBFA3946284601F08BFD3EE7DFF880815A
:109ED00098F80030002B40F092824D4B1B78002BFD
:109EE00040F0B0814B4B1E6876B34B4FDFF8648176
:109EF0004A4A3B68D8F8001012685B1A934223D391
:109F0000474B0EAC404D4FF0000CD3F800A043F689
:109F100002694FF0800E012E0FCD0FC495E80300AB
:109F200084E80300CDF838A08DF84BC0CDF847C0C9
:109F3000ADF844908DF846E000F0A483022E00F0C6
:109F4000BA833B68C8F80030364B1C6874B3364B94
:109F50001B785BBB304FDFF800813B68D8F80020EE
:109F60009B1AB3F5617F21D30EAD304BDFF898C05B
:109F70004FF00109B3F800A02E464FF0A30E022CBB
:109F8000BCE80F000FC69CE8030086E803002946E2
:109F9000CDF838A08DF843908DF844E000F0918220
:109FA0002348F9F7BDF93B68C8F80030214B1B780E
:109FB000022B00F0188103F00BFF1F4B1B78002BC6
:109FC00000F011811D4B1B78DB0740F10C81124B17
:109FD0001B4A1B6812689B1A0E2B40F20481194D14
:109FE0002E78002E00F0358303F00EFE041E43DDB4
:109FF000154D3CE0ADB60020C2B60020ACB5002047
:10A00000FC130020ACB6002040030020A81C002058
:10A01000B2B60020C880002074B60020B8800020AE
:10A02000BC80002008810020B8B600209EB6002029
:10A03000082E0020D3250020CCB60020CAB6002070
:10A0400084B60020AEB60020B81C0020091A080013
:10A05000B4B60020E0800020DC80002003F018FE71
:10A0600001462846C9B201F0D1FA013C04D0284685
:10A0700001F002F80028F1DCA64801F00DF8041EFA
:10A080000EDDA44D06E001F059F8C0B203F010FE59
:10A09000013C05D003F02EFE03462846002BF2DCDF
:10A0A0009D4B1B78002B00F0AC809C4B9C4A1E689B
:10A0B0001368F31AC72B40F2A4809A4B9A4F186882
:10A0C00016603A6899491A60101A994B994A1468AF
:10A0D0001A681C60A41A0A68904240F298810246ED
:10A0E0000860954BD3F80080444540F2C781A046F4
:10A0F0001C60012A4FF00C094FF000038F4D38BF50
:10A100000122A0FB090103F025FF42460346A4FB00
:10A110000901012A98464FF0000338BF012203F0DD
:10A1200019FF2B7881460022002B00F09881844B88
:10A130001B68F61A40F2DB539E4200F290811146F2
:10A14000804800F021FD0A227F497E4801F00CFB87
:10A15000284605F0EDF9294602467A4801F004FB4D
:10A16000784800F0C1FD02220021764800F00CFD85
:10A1700004227649734801F0F7FA002339680A226D
:10A18000704801F063FB052271496E4801F0ECFA5A
:10A19000704900230A2209686A4801F057FB6948A0
:10A1A00000F0A2FD03220021664800F0EDFC05222C
:10A1B0006949644801F0D8FA684900230A2209680D
:10A1C000604801F043FB5F4800F08EFD4A46644959
:10A1D0000520F8F76FFB42466249062015B0BDE83E
:10A1E000F04FF8F767BB604B1A78002A3FF458AF7E
:10A1F00000225E491A70484B0A701B78002B7FF4CE
:10A2000054AF15B0BDE8F08F424C04E000F096FF6B
:10A21000C0B203F0B9F9204600F03EFF03462046E5
:10A22000002BF3D13B4C06E003F09EF9014620469B
:10A23000C9B201F0EBF903F053F90028F4D115B0DD
:10A24000BDE8F08F4A4E02AD0FCE0FC596E8030071
:10A2500085E8030002A94748FAF77EFE00283FF48C
:10A2600041AEDFF81C91029AD9F800309A427FF48F
:10A2700039AE9DF81460330900F02781012B7FF47B
:10A2800031AE36029DF8153006F470661E43402E3E
:10A29000B246A8BF4FF0400A6EB10DF11502364B21
:10A2A000002601E0B24506DD013612F8011F052E39
:10A2B00003F8011BF6DD314B08ADDFF8B4C04FF0F9
:10A2C000000E00934FF0300B1B68144F0193BCE855
:10A2D0000F000FC59CE80300019B85E8030008A957
:10A2E00024480893CDE90BEE8DF82CB0F9F718F857
:10A2F0003B68564503F57A7280F2E3813B68D31AD6
:10A30000002B40F3DE8101940EADDFF868B01446F7
:10A3100040E000BFB81C0020B0B6002074B600209A
:10A3200000880020D4800020FC87002050210020DD
:10A33000D0800020C08000204C210020EC80002034
:10A34000D8800020D0B50020E01A0020EC1A0020B0
:10A35000F41A0020A8800020FC1A002000810020B0
:10A36000041B0020081B0020AEB60020AFB6002062
:10A3700040030020082E002048B20020E880002082
:10A38000CC800020B24540F39B813B68E31A002B50
:10A3900040F3968198F800300BB1FAF767F9DFF8CF
:10A3A00060E3AC46BEE80F00ACE80F009EE8030097
:10A3B0008CE8030029465846FAF7CEFD0028E1D084
:10A3C0000E9AD9F800309A42DCD19DF844301B092E
:10A3D000022BD7D1B2450EDDBC4B11A99A1900232F
:10A3E00001E0B24507DD013311F8010F0136062BFC
:10A3F00002F8010BF5DD3C6804F57A74C2E7FAF760
:10A4000035F9B34B1B78002B3FF46CAD1AE7012AEA
:10A410007FF667AE531EA3EB12120A6061E60D20B1
:10A4200003F0B2F8BDE4742003F0AEF80E992346B1
:10A430001022C1F30321384601F008FA0E99234691
:10A440001022C1F30311384601F000FA0E99234699
:10A45000102201F00F01384601F0F8F9BDE49D4BE0
:10A4600011469D481D6800F08FFB0A229B499A48BF
:10A4700001F07AF9002D7FF46BAE71E6B8F1010FAF
:10A480007FF637AE08F1FF31A1EB1818C3F8008052
:10A490002FE6092B7FF6EFAC01242146284601F078
:10A4A00039FBA0F1300320F020020134DBB2413A45
:10A4B000092BD2B202D9052A3FF6DDAC0A2CECD129
:10A4C000F9E48748F9F756FA6DE5002E3FF40AAD36
:10A4D00032460DF115017D4801F0D8FD814B009306
:10A4E000814A0621794D002713688048A846013328
:10A4F000DFF8FCA1136003F05DF818F8011B0137C9
:10A5000030200F2903D803F03FF818F8011C00236E
:10A510001022504601F09AF9BE42EEDC744801F078
:10A5200087F9744BD3F800E0BEF1000F4CDDDFF883
:10A53000E4C105F1FF3804E001340CF14A0C744524
:10A5400042D01CF8017CB742F6DC57B147446A4B55
:10A55000624613F8010F12F8011F8842ECD19F42A6
:10A56000F7D10621654803F025F84A23DFF8A8A1B2
:10A5700004FB03F30AEB03020A3356780AEB0307E2
:10A580009EB13E443D46DFF8688115F8011B30203E
:10A590000F2903D802F0F8FF15F8011C0023102240
:10A5A000404601F053F9AE42EFD1514801F040F975
:10A5B000009B3A46D9F8001018684A2303FB04A30D
:10A5C0005B78FAF709FE8DE495F8008011237F246B
:10A5D00008AD0DF12207464E062148488DF820406F
:10A5E0008DF821808DF8223002F0E4FF214600230F
:10A5F0001022304601F02AF9AF424FF0300006D069
:10A6000015F8014F0F2CF1D802F0BEFFEEE73848E5
:10A610000EAC01F00DF93A4D009B4FF0000C47F6DF
:10A6200003771126D3F800E00FCD0FC495E803009F
:10A6300084E803000EA93348CDF838E0CDF848C0CF
:10A64000ADF844708DF846808DF84760F8F768FEE5
:10A6500048E42D48044600F0C9FD2C4B3246204604
:10A66000196800F0F7FD01E000F068FD204600F0F9
:10A6700013FD03462046002BF6D10123244A2B70FC
:10A680001370B1E40EA91F48F8F74AFE59E45628A2
:10A690000DD842287FF6EFABA0F14303DBB228FAD6
:10A6A00003F3D9077FF5E7AB0123337007E476287E
:10A6B0007FF4E1ABF8E70EA90948F9F75BF940E44C
:10A6C000019C002E7FF40CAF0CE400BF48B20020C8
:10A6D000B2B60020E8200020D0B50020E01A00200B
:10A6E00020570020E8800020E4800020D01A0020BD
:10A6F000A81C00203880002047B20020D81A002073
:10A7000040030020082E0020B81C00205421002007
:10A71000AFB600200D8100200C81002090F8A3200E
:10A7200090F8A200101A704790F8A23090F8A32079
:10A730009A4205D95A1C034480F8A220987E70479B
:10A740004FF0FF30704700BF90F8A23090F8A32080
:10A750009A4202D91844807E70474FF0FF3070470C
:10A76000704700BF0346B0F8300178B193F82F214D
:10A77000882A03D9012200205A60704702F1010C97
:10A7800001201A4483F82FC182F8A510704700BF3A
:10A7900038B5B0F830410CB9204638BD90F82F31AB
:10A7A0000546C3F18904A2420DD8144605F1A5005F
:10A7B0002246184401F06AFC95F82F3120462344C4
:10A7C00085F82F3138BD01224260EFE72DE9F04FC7
:10A7D000D0F814A01524017E8146437E83B00AEB95
:10A7E0000111384A0AEB0313374F097A93F82830DE
:10A7F00002EB01150901E86852F8018002EB031130
:10A80000D5F804B01B01CE68D558CBF80040C8F885
:10A810008400D8F804304A6803432C490192C8F8F0
:10A8200004301460C5F884606B6833436B60284B58
:10A830004C683A68A3FB0232920C02EB820252008F
:10A840004B681B1B9A42FBD84FF0090C1F4ADFF8DC
:10A8500080E0D8F80830034202D0AB6833422FD1F1
:10A86000C5F8886054683968AEFB0131890C01EB8A
:10A87000810153681B1B9942FBD8C5F8846054685A
:10A880003968AEFB0131890C01EB810153681B1B58
:10A890009942FBD8BCF1010CDBD1604699F8183025
:10A8A000019A0AEB0313DB68CBF8003099F81930F2
:10A8B0000AEB031ADAF82C30136003B0BDE8F08F0E
:10A8C0000120EBE750180020A41C0020001000E03D
:10A8D00083DE1B430E4A10B51168046905E0DB01F5
:10A8E00007D413685B1A102B08D8636913F0007F34
:10A8F000F5D14FF4FE430120636110BDFFF766FF01
:10A900000028FAD04FF4FE4301206361F5E700BF51
:10A9100074B600202DE9F04790F82FA10569BAF12F
:10A92000000F4FD081468846FFF7D4FF002849D05A
:10A93000374E0024376818E06B69190551D4DA04E2
:10A9400055D4580559D4990441D43268D21B322ABF
:10A950003DD8544507D9EA6D520704D19B0555D41B
:10A96000B8F1000F52D003F033FA5445E4D8EA6D41
:10A97000500702F00703DFD413E099F8A520013354
:10A98000022442F48062042B2A661ED08A4503F119
:10A99000010309EB01020ED992F8A520042B2A66C7
:10A9A000CAD00121002CE8D02146013301348A4568
:10A9B00009EB0102F0D8B8F1000FBDD04FF40073DD
:10A9C0002B66B9E70420BDE8F0870124B4E72B69C2
:10A9D0004FF40072042043F440732B612A66BDE8F3
:10A9E000F0872B69042043F440732B61EBE72B695C
:10A9F000052043F440732B61E5E72B694FF40072A7
:10AA0000022043F440732B612A66DCE70020DAE77A
:10AA100074B60020F8B506690446D6F8145115F44A
:10AA2000706301D0C6F81431A8070BD5D6F8702191
:10AA300011043ED50023012184F8A230234484F878
:10AA4000A3109A76EB0710D594F83071FFB194F803
:10AA50002E7194F82F31BB4227D97B1C274484F8F0
:10AA60002E3197F8A530C6F8603115F4407F0DD02F
:10AA700094F8A30018B1D4F83C3103B198470023EF
:10AA8000A4F8A230A4F82E3184F83031F8BDD4F8FF
:10AA9000383103B19847002384F82E31012384F81C
:10AAA000303194F82F31BB42D7D80023C6F860313B
:10AAB000DBE794F8A330872BC4D8591CC9B2BDE793
:10AAC0000148FFF7A7BF00BF281D00200148FFF77E
:10AAD000A1BF00BF681E00200148FFF79BBF00BF59
:10AAE000A81F002010B4144C00220369A1421A616F
:10AAF00014D8124C012012494FF430329C64586231
:10AB00009962DA629C6C00204FF0011101221C65F1
:10AB100018625DF8044B99651A61704709488142D3
:10AB200007D9094C09480A499C645A629862D9625B
:10AB3000E8E7084C0848F6E77F1A06003B37281973
:10AB4000B80B05053F420F000A090704600901011F
:10AB5000007F05001C1A120C100E020270B5037B58
:10AB600004460172002219440368CDB21B6901F04A
:10AB70000F01984723682909204600221B6941F0EC
:10AB80001001BDE87040184770B5837A0546144639
:10AB90008B4201D9FFF7E2FFEB7AB4EBD30F0DD272
:10ABA000E97B28462B68002221446C721B6901F066
:10ABB0000701BDE8704041F0B001184770BD00BF0B
:10ABC0002DE9F047994600239DF8208005464374FF
:10ABD0000F46C37A9246B8EBD30F03D3DA08013A93
:10ABE0005FFA82F8C8453AD34E46AB7ABB4203D9E6
:10ABF00039462846FFF7B2FFEB7AB6EBD30F0BD2FC
:10AC0000E97B00222B68284631446E721B6901F0F3
:10AC1000070141F0B001984757451CD83C4604E075
:10AC20006B740134E4B2A24515D3697C4B1E002934
:10AC3000F6D195F808C00222AB7A28469C45F0D29E
:10AC40002B6801341B69E4B298472B7AA24503F1C3
:10AC500001032B72E9D20136F6B2B045C5D24A469D
:10AC600039462846BDE8F047FFF78EBF30B50023D0
:10AC70000568044683B0C3811A4640212D69A84760
:10AC800094F80BC0A07A00234FEADC0C421E204649
:10AC90000CF1FF3C1946D2B25FFA8CF40094FFF736
:10ACA0008FFF03B030BD00BF002370B503810546A0
:10ACB0004A790B680E7982728A79C272CA790273F4
:10ACC00066B1013E5C1E53FA86F62B68002214F82A
:10ACD000011F28461B699847B442F6D12846BDE8B3
:10ACE0007040FFF7C3BF00BF827A017A013A437A0E
:10ACF00010B5446982B0D2B23CB1E47890F819C082
:10AD00000734E41014FB0CF4E4B203F1FF3C644498
:10AD1000E4B20094FFF754FF02B010BD416131B1BD
:10AD20000B88B3F5807318BF012343737047012369
:10AD300043737047437C10B5044613B1013B437421
:10AD400010BD027A837A9A42FAD2037E02225940D7
:10AD500003681B699847237A0133237210BD00BF33
:10AD60004269002A00F02D810D292DE9F04F2DEDCB
:10AD7000028B8DB09378D7780446049307F10703CC
:10AD800092F804E055794FEAE3064FEAD3030096C0
:10AD90000A9300F018810A2900F01D8102F1060CC7
:10ADA0007145CDF820C032D30EEB050328469942F9
:10ADB0002DDAA1EB0E01B2F800E0667B9EFA9EFE52
:10ADC000637EC9B216FB03F61FFA8EFEBEF1010FB9
:10ADD000F6B240F2218117F0070740F0458169B1D2
:10ADE000481E05325CFA80F8002012F801EF70442A
:10ADF000904580B2F9D1009A02FB00501CF8012066
:10AE00004FF0000804920CEB000208920AE020299F
:10AE100040F09C80637E4FF00108667B002713FBA7
:10AE200006F6F6B2227A08EE102A627A0B92627C5B
:10AE30000792009A002A72D0089A049901320139C7
:10AE400052FA81FA00220592012203929DF80C2009
:10AE50000992013AD2B20692002B54D000239B46AD
:10AE60000193079B6374069B53EA0B0340F0A08099
:10AE7000049B13B3089B059A02965E469D18A34651
:10AE8000DDF80C904446002C7CD195F800801FB171
:10AE9000009B4B4500F087809BF81930022B74D043
:10AEA0009BF81130002B57D0013B8BF81130013546
:10AEB0005545E8D1A046029E5C46DEB1002504E07F
:10AEC00062740135EBB29E4214D9637C5A1E002B8A
:10AED000F6D1217A0222A37A20469942F1D2236840
:10AEE0000135217E1B699847237A01332372EBB227
:10AEF0009E42EAD8019B01331A460193637E5FFAB2
:10AF000082FB5B45ADD80399049A013192440391C9
:10AF1000059911440591DDE909128A4296D8E37A30
:10AF20000B98B0EBD30F0BD2E17B23686072014426
:10AF300000221B69204601F0070141F0B00198474B
:10AF400001200DB0BDEC028BBDE8F08F00200DB0EC
:10AF5000BDEC028BBDE8F08F9BF808209BF80A300F
:10AF60009A42A4D29BF818300222584688EA03017C
:10AF7000DBF800301B6998479BF8083001338BF8E9
:10AF8000083094E74FF0000881E74EB14FEA1811FE
:10AF9000374B584613F801804146FFF7CBFE7FE759
:10AFA00008F00F01F4E748FA07F15FFA81F873E758
:10AFB000627A18EE101A20460132D2B2FFF7E4FD91
:10AFC00056E710467047837A002BB9D00021FFF76F
:10AFD000C5FD0120BBE7837A13B10021FFF7BEFD59
:10AFE0000A9A607E617A10FB02F0E37A257CC0B297
:10AFF000DA080144A0EBD303C9B20B44DBB22DB194
:10B000005EB2002ECCBF002601268EB18A4297D9AF
:10B01000E07B236861728AE700984FF00008049A89
:10B02000474600FB02F2089801FB02020892F9E68B
:10B03000121A20466272E27B134403F00703E373A3
:10B04000FFF752FE257C012D7FF47AAFE37B324679
:10B050002068DB0003F03801A17341F0400103696F
:10B0600020469847284672E7C7F10807FFB2B6E6C0
:10B070000014002001207047B0F84630B0F8482096
:10B080009BB292B2934202D2013AD01A7047416BFE
:10B0900001390A44D01A7047016972B6B0F84A20E3
:10B0A000B0F84C3092B29BB29A423CBF806B1218FF
:10B0B000C86AD31A62B6C0F302601844704700BF72
:10B0C000B0F84A100246B0F84C3089B29BB29942AF
:10B0D00010B4046914D00133906B116B984298BF7F
:10B0E0000023994206D85B1A526AD05CC0B25DF860
:10B0F000044B7047126A5DF8044BD05CC0B27047D5
:10B1000072B6B0F84A0080B2814201D062B6E2E77E
:10B11000E36A13F0E06F03D14FF0FF3062B6E6E769
:10B12000E36901200024116AA2F84A00C3F3090070
:10B13000DBB2A2F84C404B70F0E700BFB0F84A1009
:10B140000246B0F84C3089B29BB2994230B40469DF
:10B1500025D00133946B9C4216D9106B1FFA83FCE7
:10B16000984217D9106AC05CC0B2956DA2F84CC065
:10B1700045B199421CD3CB1AD16B994202D3D36DFE
:10B18000C5F8883030BC70474FF0000C106B634638
:10B190009842E7D8181A556A285CC0B2E5E7084615
:10B1A00072B6B2F84A1089B2884204D062B6D0E7CB
:10B1B0000C44E31AE0E7E36A13F0E06F03D14FF0C9
:10B1C000FF3062B6DEE7E069C0F30900F9E700BFCF
:10B1D00090F8443043B110B5044602F0F9FD94F8FC
:10B1E0004430002BF9D110BD704700BF38B5D0E90D
:10B1F0000453D3E903120968114228D090F844207F
:10B20000044632B102F0E4FD94F84430002BF9D149
:10B21000636900210E4AA961207E03EB0010007DC6
:10B2200002EB0010456805202860657E03EB0513DE
:10B2300093F8343002EB0312A36D52681060A4F847
:10B240004A10A4F84C1013B1E26DC3F8842038BD45
:10B250005018002007EE901A9FED9A7A0421B6EE5E
:10B26000005AF8EE677A9FED986A41F6FF7CC7EEC8
:10B27000275A2DE9F0478E460569012407EE901AFA
:10B28000F8EEE77A85EEA77A77EE057AFDEEE77AB3
:10B2900017EE903A6345A8BF6346012BB8BF012360
:10B2A00007EE903AF8EEE76A76EEC76AC6EE877A5E
:10B2B000F5EEC07AF1EE10FA48BFF1EE677AF4EEDF
:10B2C000C67AF1EE10FA03D8B0EE676A8E461C46D5
:10B2D00001312129D2D10021436902F40076A0F87E
:10B2E0004A10B3F85AC08E42A0F84C10B3F8586018
:10B2F000A0F84610A0F8481080F84410816BDF6871
:10B30000A1EB0606A1EB0C01C0E90F6139681E69CB
:10B3100041EA0601396014BF01210021817640F025
:10B32000AC80017E694E03EB0118DFF8C09198F8FC
:10B330001470D8F81CA006EB0717B968C1F8009084
:10B340007968D8F818700F60BAF1000F03D0D8F8F8
:10B350002010CAF80010477ED92103EB071898F88F
:10B3600034C006EB0C1CDCF808703960DCF8041003
:10B37000D8F838700F60417E03EB0111CF6B0FB12D
:10B38000096C39600EF1FF31BEF1080F4FEA01611F
:10B39000CCBF4FF0000E4FF0010E01F0F85144EA1F
:10B3A0004E4421435C682961597801F11003002162
:10B3B000E960474941F8234041694FF0010E454C8F
:10B3C00002F0030C4F7891F85610434B39554FF06B
:10B3D00002174469617803EB511301F01F019B00D0
:10B3E0000EFA01F11960EF62AB6A43F08803AB62B9
:10B3F00053073ED44CF4701302F00F01042908BF28
:10B4000043F0804397062ED5817E43F08053002978
:10B410003AD11607AB6103D52B6943F000532B617A
:10B420006B69D10623F0805348BF43F080536B61B2
:10B43000D30503D52B6943F400532B61A36883B173
:10B44000264E3478002C3AD0611E254DC9B22B1FF0
:10B4500005EB810101E0994225D053F8042F904279
:10B46000F9D1BDE8F087817E0029D2D043F0A00356
:10B47000CFE71C4B4CEA0303BEE7477E4FF2D901EE
:10B48000124E03EB07186AE7417E43F0A00304EB7A
:10B49000011191F8341006EB0116B668316821F4F9
:10B4A00040413160B5E7631CDBB20F4A337013785B
:10B4B00045F8240043F002031370BDE8F087012330
:10B4C000074DF2E7001BB74BEC78AD605018002039
:10B4D0000028002000E400E040380038BBB600201F
:10B4E0001488002010003C00CFB6002038F0010086
:10B4F000EFF31380B8B9EFF310834BB9EFF3058284
:10B500003AB94FF48073EFF3118050B1984208D2EA
:10B5100070470F2AF7D9054B9B5CEFF31180002889
:10B52000F4D1184670474FF0FF30F1E7F0E300E048
:10B53000036D2DE9F04104460F46066913B1426DD3
:10B54000C3F88420A37E2BB172B6B36943F00053D5
:10B55000B36162B6B4F84650636BADB20135AB422D
:10B560004CD84FF000084546B4F848309BB29D4295
:10B5700019D028E073691B0210D5B4F84830626B0B
:10B580009BB201339A4236D99AB2E16A99422DD9D7
:10B59000E169CB5CDBB2F361A4F84820B4F8483031
:10B5A0009BB2AB420FD1FFF7A3FF6369B3F85630EC
:10B5B0008342DFDAFF28F1DD02F00AFCB4F84830FC
:10B5C0009BB2AB42EFD0E36AAB421AD9FFB2E36958
:10B5D0005F5572B6012084F84400A4F84680B36930
:10B5E00043F40003B36162B6BDE8F0815B1AA16A5F
:10B5F000CB5CDBB2CFE700221346C6E71FFA85F823
:10B60000B2E7ED1AFFB2A36A5F55E2E7FFF790BF1A
:10B610000269536913F4401F70B543D0D36A13F025
:10B62000E06FC3F3026E3AD0B0F84A50B0F84C6005
:10B63000ADB2B6B207E0016A01F803C00EF1FF3304
:10B6400013F0FF0E1DD0D1696B1C846BB0F84CC099
:10B65000C1F309019C4298BF00231FFA8CFC9C4552
:10B66000ECD0046B5FFA81FC1D469C42A3EB040402
:10B67000E1D8436A03F804C00EF1FF3313F0FF0E64
:10B68000E1D1ABB2A0F84A30836D43B1B54254D397
:10B69000AD1B016CA94202D8C16DC3F88410536977
:10B6A000D90245D49669330228D553691D0225D5A0
:10B6B000B0F84650B0F84830ADB29BB206E0C16970
:10B6C000C95CC9B2D161D16A4C0512D4AB4238D041
:10B6D000446B0133C16A9C4298BF00239942A3EB9B
:10B6E0000104ECD8816A095DC9B2D161D16A4C0507
:10B6F000ECD599B2AB42A0F8481025D0710216D50E
:10B7000053695B0213D50021036D80F8441013B117
:10B71000416DC3F88810837E2BB172B6936923F014
:10B720000053936162B6936923F48003936170BD03
:10B73000536943F480135361B4E7816B891B0D4453
:10B74000A7E79BB2A0F84830936923F40003936104
:10B75000936943F480039361D0E700BF0148FFF78A
:10B7600057BF00BFB81C0020F8B50C4671B182B1BC
:10B7700006468F1800253368304614F8011B1B68F5
:10B780009847BC420544F6D12846F8BD0D462846E8
:10B79000F8BD1546F8E700BF012A70B508BF0A22B8
:10B7A0008AB091B34FF0210E01E05FFA86FE0EF1F0
:10B7B000FF36B1FBF2F502FB15145FFA84FC092C8D
:10B7C0000CF137040CF1300C98BF5FFA8CF40EF1D9
:10B7D000280C88BFE4B29142EC4429460CF8244C72
:10B7E000E3D24BB10EF1FF3E2D225FFA8EFE0EF139
:10B7F00028036B4403F8242C036801A9CEF122022C
:10B800005B68714498470AB070BD30224FF0210E3A
:10B810008DF82520E5E700BF002903DB00230A227D
:10B82000FFF7BABF49422D230A22FFF7B5BF00BF79
:10B8300000B5036883B040F60D2C022201A95B68B5
:10B84000ADF804C0984703B05DF804FB32B9036853
:10B85000C9B200B51B685DF804EB1847FFF79CBF41
:10B86000884200DB704730B4124C091A2368EBB1F0
:10B87000114A124D82FB032CDA179C44C2EB2C4276
:10B8800044F2A71C05FB12330D4D05FB02F20CFB25
:10B890000322002A0CDA6FF0004313442360B3FB49
:10B8A000F1F201FB123330BC18447047054BF5E749
:10B8B0001346F3E7AC8000205F0B4E831DF30100BD
:10B8C000ECF4FFFF42CE0C1FF8B500260446C0E999
:10B8D0000066866029B108460D4603F029FE07463A
:10B8E00008B92046F8BD013002F0B6FC0028F8D0B7
:10B8F000294606702060C4E9017703F0A7FD2046C1
:10B90000F8BD00BFF8B588424FF0000504468560D9
:10B91000C0E9005502D08E680F680EB92046F8BD08
:10B92000701C02F099FC0028F8D0394605702060A0
:10B93000C4E9016603F08AFD2046F8BD10B504464F
:10B94000006802F091FC204610BD00BFF8B5044627
:10B95000154632B9036803B11A7000232046A3606C
:10B96000F8BD43680E469A421CD9511C006802F08B
:10B970003FFF074660B1A368C4E900050BB9037037
:10B98000276831463846A56003F060FD2046F8BDC3
:10B99000206810B102F068FC276000232046C4E94B
:10B9A0000133F8BD07683146A560384603F04EFD07
:10B9B000ECE700BF884238B505460ED000680C465B
:10B9C00008B102F051FCA0680023D4E90012A8607D
:10B9D000C5E90012C4E90033A360284638BD00BFA2
:10B9E00038B505460C4649B1084603F0A1FD21468D
:10B9F00002462846FFF7AAFF284638BD2846A96018
:10BA000038BD00BF2DE9F843044600680D461646D0
:10BA10008842A36809D8C218914206D20F1A4FF083
:10BA2000010936B92046BDE8F8834FF00009002E21
:10BA3000F8D003EB0608626890450CD908F10101C3
:10BA400002F0D6FE0028EDD0A368C4E9000813B9BF
:10BA500003702068A368B9F1000F08D12946184483
:10BA600003F0F4FC2046C4F80880BDE8F8833246B1
:10BA7000C119184400F00AFB2368002203F80820CB
:10BA8000F0E700BF10B582B00023044601228DF814
:10BA9000041001A98DF80530FFF7B4FF204602B06D
:10BAA00010BD00BF826808B50B463AB161B10068AD
:10BAB00003F062FBB0FA80F0400908BD31B118789C
:10BAC000B0FA80F0400908BD0368F8E7012008BD1E
:10BAD00088421AD083688A68934214D1ABB170B59A
:10BAE00005680E68013D08E003F0E6F9044616F823
:10BAF000010B03F0E1F9844209D115F8010F002888
:10BB0000F2D1012070BD0020704701207047002055
:10BB100070BD00BF83688B4203D9006810B1405CE0
:10BB200070470020704700BF9A422DE9F04105465A
:10BB30000E4602D911461A460B460021A960B76885
:10BB40009742C5E9001114D39F4228BF1F463368AE
:10BB500013F80780D95533689C180DD0204603F0A0
:10BB6000E7FC214602462846FFF7F0FE336803F85B
:10BB700007802846BDE8F081AC60F8E738B5046876
:10BB8000054644B1207830B103F096F9207014F8DE
:10BB9000010F0028F8D1284638BD00BF38B5046829
:10BBA000054644B1207830B103F090F9207014F8C4
:10BBB000010F0028F8D1284638BD00BF2DE9F0411B
:10BBC00007680646E7B18468D4B1B846454618F818
:10BBD000010B03F069F90028F8D1013C3C4402E074
:10BBE000A54205D8013C207803F05EF90028F7D182
:10BBF000621CAF42A2EB0502B26004D30023BB5427
:10BC00003046BDE8F0813846294600F03FFA3768F3
:10BC1000B268F3E7006808B102F01ABB704700BFD2
:10BC2000A249A34B88422DE9F047A24C5E699A696C
:10BC3000D4F80C801BD9A04B984240F20281C31A61
:10BC40009E491B0AA1FB031340F22761DB0903EBAA
:10BC5000830303EB830303F2E2438B4228BF0B46CB
:10BC6000A3F54877964BA3FB0737FF0804E0954FF1
:10BC7000B8428CBF0E2706278D4908F01F09D1F85E
:10BC80008030B94543F0C003C1F880300CD228F0B1
:10BC90001F08A1F5F82148EA0708C1F80C800B68D5
:10BCA000002BFCDA08F01F0916F0007324D1864936
:10BCB0000C698649A14300F0EA8082F48051344641
:10BCC0004FF4805514F0605F04D026F060561E4398
:10BCD000774B5E6111F4405F07D022F44052744903
:10BCE0002A438A618B6C1A07FCD446F00076704AAE
:10BCF0005661936C9B06FCD4754CA04200F2CE803A
:10BD00004FF0010C0146634603FB011203F1010EE3
:10BD10000CF10105A24218D8BEF1080F4FF0010343
:10BD200040F08D80BCF1040F00F291800A18A2420D
:10BD300000F2A48005FB00F1AC4603F1010E03FB09
:10BD400001120CF10105A242E6D90CF1FF318C027F
:10BD500086EA81215F4810445F4A90427FD9DFF82C
:10BD6000A4A16C225D48584DB0FBFEF0D5F800E070
:10BD7000B0FBFCF0DFF890C10EEA0C0CD44509D002
:10BD800042F400524FF4805CC5F800C02A602A6873
:10BD9000002AFCDA464A156905F007059D4203D0E2
:10BDA0001361936CDD03FCD411F4E05F09D026F439
:10BDB000E05604F4E0543E4A26435661936C9907DA
:10BDC000FCD44749474A014491423CD8464BC909F3
:10BDD000A3FB0131090B4B1E1B0286EA030212F47E
:10BDE000407F06D026F4407603F44073304A334354
:10BDF00053612F4A536923F000735361936C9B0680
:10BE0000FCD43A4B4F45A3FB00234FF0FF324FEADF
:10BE10009343B0FBF1F1B2FBF3F3354A1060354ABE
:10BE20001160354A136008D228F01F08214A48EAF9
:10BE30000707D7601368002BFCDABDE8F08773466C
:10BE400062E7122718E74FF440730421C5E70CF1AD
:10BE5000FF31204807238C02104486EA8121274ABB
:10BE6000DFF8A8A0A2FB0020020D2548362A38BF23
:10BE7000362202FB00F042EA0A0A74E74FEA8C24F9
:10BE8000002386EA8C214FF0010EAC4662E71D4686
:10BE900086F0C05411464FF0C05313E700244FF012
:10BEA000010C024631462346E64653E700A4781FBC
:10BEB00000C00F40000008400046C32323B24C00DE
:10BEC0001F85EB5100366E0100800D404030008030
:10BED000FFB19F26808D5B00FF7EF64D00643F4DD5
:10BEE0007FD1F0087F17B42C9F10E50083DE1B4341
:10BEF000A41C0020A01C00206CB60020819F5E16B0
:10BF0000001BB7006C2000807F3001800020008083
:10BF100000B970472DE9F84F01218146214C224D8F
:10BF2000224E54E8003F2A68306844E80013002B92
:10BF3000F7D11F494B684FF47A7BDFF878A01B1AC2
:10BF400001270BFB02F8DAF80020A3FB02325A4566
:10BF500094BF9044D84454E8003F2A68306844E8CD
:10BF60000073002BF7D14B68DAF800C01B1A0BFBEB
:10BF700002F2A3FB0C3CBCF57A7F94BF624402F54D
:10BF80007A72A2EB0802B2F57A7F06D3B9F1010901
:10BF900008F57A78DFD1BDE8F88F01F019FF044980
:10BFA000D9E700BF78B6002074B6002070B6002034
:10BFB000001000E06CB60020272816D80201104BB4
:10BFC00003EB00109B5810B4C2685C68144205D0A3
:10BFD00061B95DF8044BC3F888207047836851B19C
:10BFE000084A5DF8044B1A60704770475DF8044BCF
:10BFF000C3F884207047044A5DF8044B1A60704708
:10C000005018002038F0010038300100272829D8C6
:10C01000164B0201012903EB00109A5810B4536823
:10C02000C4680ED004290CD023EA0403536083684B
:10C03000A9B1022917D003290CBF0D4A0D4A1A6075
:10C0400007E0234301295360836808D040F6380293
:10C050001A60436815225DF8044B1A607047382255
:10C060001A60F6E77047044A1A60F2E75018002099
:10C07000383001003800010038F0010008B5F6F74B
:10C08000F9FDFDF755FE01F0A3FEFAE7844641EA0B
:10C09000000313F003036DD1403A41D351F8043B40
:10C0A00040F8043B51F8043B40F8043B51F8043B92
:10C0B00040F8043B51F8043B40F8043B51F8043B82
:10C0C00040F8043B51F8043B40F8043B51F8043B72
:10C0D00040F8043B51F8043B40F8043B51F8043B62
:10C0E00040F8043B51F8043B40F8043B51F8043B52
:10C0F00040F8043B51F8043B40F8043B51F8043B42
:10C1000040F8043B51F8043B40F8043B51F8043B31
:10C1100040F8043B51F8043B40F8043B403ABDD2A0
:10C12000303211D351F8043B40F8043B51F8043B42
:10C1300040F8043B51F8043B40F8043B51F8043B01
:10C1400040F8043B103AEDD20C3205D351F8043BD1
:10C1500040F8043B043AF9D2043208D0D2071CBF9D
:10C1600011F8013B00F8013B01D30B8803806046C6
:10C17000704700BF082A13D38B078DD010F003033C
:10C180008AD0C3F10403D21ADB071CBF11F8013BAC
:10C1900000F8013B80D331F8023B20F8023B7BE7FB
:10C1A000043AD9D3013A11F8013B00F8013BF9D226
:10C1B0000B7803704B7843708B78837060467047C0
:10C1C00001F1FF3C70B56646002400E00134B0FB8D
:10C1D000F2F502FB1503092B03F1370E03F13003CF
:10C1E0005FFA8EFE98BF5FFA83FE9042284606F8FB
:10C1F00001EFEBD2631C0022C818CA547CB162461E
:10C200001CF8015F10F8016DA1EB0C0302328CF8F1
:10C210000060013B521A057023449A42EFDB084646
:10C2200070BD00BF00230F2248F2B82C194610B58C
:10C230004FF470444FF4806EA0F88C414FF460448A
:10C24000A0F88E210A46A0F89031B0F888319BB250
:10C2500043F0F003A0F8883101EB4103013100EB1A
:10C26000431304299C80A3F806E05A841A865A8056
:10C270005A81A3F80EC05A82DA825A83DA83EBD14C
:10C28000B0F888319BB243F00F03A0F88831B0F8C2
:10C2900088319BB243F47063A0F8883110BD00BFB1
:10C2A000374B384A996F384841F47F0170B5996728
:10C2B00041F20106D3F8801045F6C05543F226043A
:10C2C0000A43C3F88020FFF7ADFF00F58040FFF779
:10C2D000A9FF00F58040FFF7A5FF00F58040FFF7BC
:10C2E000A1FF0022A0F503104FF00F0E114600EB46
:10C2F00042134FEA421C01329981042A5981A3F862
:10C300000EE09E82DD8020F80C1019829C81EED117
:10C3100000221E484FF00F0E41F20106114645F66D
:10C32000C05543F2260400EB42134FEA421C01328F
:10C330009981042A5981A3F80EE09E82DD8020F8BD
:10C340000C1019829C81EED1002211480F2641F277
:10C350000105114645F6C05443F2260E00EB421388
:10C360004FEA421C01329981042A5981DE819D8263
:10C37000DC8020F80C101982A3F80CE0EED170BD1F
:10C3800000C00F40000003FC00C03D4000001E4004
:10C3900000401E4072B6EFF30583524CC4F884305F
:10C3A0001EF0040F0CBFEFF30882EFF309824FF089
:10C3B000E0234D4E4D4DD3F8280DD3F82C1DC4E984
:10C3C0002201D3F8341DD3F8383DC4E9241393690E
:10C3D000C4F89830D369C4F89C3000F0BDF884EDFF
:10C3E000280A01F09FFD0B214FF0FF32C4F8A40092
:10C3F0000B46C4F880103E49301D5A40202402F0FC
:10C400000103013C01FB03F383EA5202F7D1A84286
:10C4100002D073680646EFE7324BC3F8A820BFF39B
:10C420004F8F4FF0E0233049324AC3F8701FC3F8F2
:10C43000702FBFF34F8FBFF36F8F2F4A02252F4806
:10C44000D36E2F4943F44053D3660560D3692D481A
:10C4500023F07F0343F04003D3610B6883423DD850
:10C46000264D00214FF0E0234FF0FF3229600126D6
:10C47000C5F808112449C5F80011C5F80861C3F8CA
:10C480008021C3F88421C3F88821C3F88C21C3F824
:10C49000902101E000F052F9D5F80C31002BF9D0D1
:10C4A0000134C5F80C614F2CF4D9184B02201849FF
:10C4B0004FF00042C1F840015A63D5F80C313BB946
:10C4C000144815490D4A0163D2F80C31002BFAD0FB
:10C4D0004FF0E023114AC3F80C2DFEE7FFF7A0FB55
:10C4E000BEE700BF00FF272080FF2720A8FF2720EE
:10C4F0002083B8EDA0FF272000C00F400040084077
:10C50000A41C0020803DCD0B009F240000900D4016
:10C5100000002E4000800F40F100AD0B0400FA0532
:10C520000A490A6838B108B513180948834204D883
:10C5300010460B6008BD1046704702F0E3FD0C2367
:10C540004FF0FF320360104608BD00BF6821002095
:10C5500000002820FFF71EBF124AD2F880305B0788
:10C56000FBD5D2F880301048C3F30B230F4990ED70
:10C57000007A07EE903A91ED006AB8EE477A0C4ADD
:10C58000F8EEE77A0B4BD2ED006A77EEC77A93EDBF
:10C59000007AB8EE477A67EE867A87EEA60A37EE1B
:10C5A000400A704700810D405CB6002064B6002050
:10C5B00068B6002060B60020836BF0B41BB15368EE
:10C5C00043F40043536072B6446B3CB31A4B226091
:10C5D000D3F8B0410C421DD1184E776804E074685E
:10C5E000E41BB4F5166F0BD2D3F8404144F48044F9
:10C5F000C3F84041D3F8B851D3F840416404EED5B4
:10C600000D4007D10C4CC0E90225D4F8B0310B43E2
:10C61000C4F8B031426362B6F0BC7047064DC0E961
:10C620000224D5F8B0310B43C5F8B0310263426340
:10C6300062B6F0BC704700BF00002E40001000E062
:10C6400070B5056B9DB106462A46002403E01268CA
:10C650000134012A0CD0536813F08003F7D0326301
:10C660002CB12846B36B2D689847013CF9D170BDB9
:10C67000C6E90C33F4E700BF30B4D9B91F4C204BE6
:10C680000021204A01254FF0011099601D60C4E986
:10C69000023180245C60C2F8BC01D2F8B0311A4883
:10C6A0002B43C2F8B0310160D2F8B031002BFBD17E
:10C6B00030BC70470904154B104C012541F0800136
:10C6C0009860104A596000F580511D60D96000F5EE
:10C6D0000051A364196100F5405100F58040596193
:10C6E00000219861E164D2F8B03143F48033C2F89C
:10C6F000B031D2F8B031002BFBD1C0E700000020F0
:10C70000C02A002000002E40A0B50020E02A002012
:10C71000084901220B7802FA00F023EA00000870B1
:10C7200030B9054AD2F8483123F08003C2F84831C5
:10C73000704700BFC3B6002000002E402DE9F04F27
:10C74000994C83B0D4F84461F107C4F844616AD5C8
:10C75000D4F8AC31002B61D0DFF87882934DDFF84C
:10C760006CB208F5805ADFF87092914FC4F8AC3182
:10C77000D5E90A20D4F8403143F40053C4F84031DD
:10C78000D4F840319B04F5D5D4F8403123F400535C
:10C79000C4F840314FF00113C4F8B431D4F8B431C7
:10C7A00013F00113FAD191B240F2816CCBF8003052
:10C7B000614500F2D480B1F5D06F80F06181B1F5B0
:10C7C000817F00F08F8140F2A68040F2023C6145FB
:10C7D00000F0B281B1F5A06F40F0BC807549EB6408
:10C7E0008B600123A9640B6080234B604FF0011321
:10C7F000C4F8BC31D4F8B03143F48033C4F8B0315C
:10C80000D4F8B031002BFBD1130C5B0643F08073DE
:10C81000C4F85431D4F8AC31002BA7D1624BD3F813
:10C82000BC71002F45D1720616D55F4BD3F8AC21F1
:10C83000C3F8AC21D3F8BC21C3F8BC21D3F8B04174
:10C84000002CFBD14FF0FF32C3F8B421D3F8843170
:10C8500000F032FD584B1C60F40103D5574B1B68A8
:10C8600003B19847B00103D5554B1B6803B19847F6
:10C87000710708D54C4BD3F8843113F4007315D0ED
:10C88000504B01221A70484BD3F848311A060AD58A
:10C89000330608D54C4A13782BB1013BDBB2137039
:10C8A000002B00F0568203B0BDE8F08F454A1370AC
:10C8B000E9E74649C3F8BC710868074240F06F8158
:10C8C0003D4B1B681F40AED05FEA174810D0374D74
:10C8D0004FF0010998FAA8F4B4FA84F405EBC410F7
:10C8E00009FA04F44030FFF7ABFE38EA0408F1D14E
:10C8F000BFB2002F97D02D4D4FF0010897FAA7F443
:10C90000B4FA84F405EBC41008FA04F4FFF798FEB7
:10C91000A743F3D187E7802900F0AC80822919D1A1
:10C9200083B210F0780015D103F07F0257F822107F
:10C93000274A1080180600F1FC81CB0701D501239E
:10C94000137002212248FFF797FE63E7010C0729C5
:10C9500000F056814FF00113C4F8C0315AE742F29B
:10C96000210C6145F2D039D942F2212399426AD093
:10C9700042F221339942EDD10E4B00229A60EA64D3
:10C980000122AB641A6080225A604FF00113C4F890
:10C99000BC31D4F8B03143F48033C4F8B031D4F8AA
:10C9A000B031002BFBD135E700002E400000002005
:10C9B000C0012E40C02A0020A4B5002094B600205B
:10C9C00098B60020CDB60020CEB60020A0B500203D
:10C9D000F4B5002098B50020E02A0020B1F5086FDA
:10C9E00040D0B1F5106FB5D14FF0C811C2F3074C6C
:10C9F000A348A44A009382F800C0C4F8C801C4F850
:10CA0000CC11C4F8D001C4F8D41100F057FC00F0E8
:10CA1000E9FF9D4A0121009BAA6411608021936077
:10CA200051604FF00112EB64C4F8BC21D4F8B0217E
:10CA300042F48032C4F8B021CBF80030D4F8B031E1
:10CA4000002BFBD1E6E680B2002800F09F80022890
:10CA500092D18E4BC2F3074219688D4B19608D4BF2
:10CA60001A7089E7874B01218B481B780370FFF709
:10CA700003FECFE6884802210380FFF7FDFDC9E6EB
:10CA8000864B596800293FF465AF4FEA124E82B2D7
:10CA900004E019690C3300293FF45CAFB3F800C01F
:10CAA000F445F6D1B3F802C09445F2D14FEA1E2204
:10CAB000032A00F00F811A89000C824228BF024627
:10CAC000BEF5007F40F00B81754B76491878764BA8
:10CAD0000092002818BF19467448FFF7D7FA734B25
:10CAE000009A11E110F0780F83B27FF433AF03F0B6
:10CAF0007F0213F0800F57F8223014BF23F48033E5
:10CB000023F0010347F8223000225F4BEA649A6069
:10CB10000122AB641A6080225A604FF00113C4F8FE
:10CB2000BC31D4F8B03143F48033C4F8B031D4F818
:10CB3000B031002BFBD16DE610F0780F83B27FF49B
:10CB400009AF03F07F0213F0800F57F8223014BFB3
:10CB500043F4803343F0010347F8223000224A4B6C
:10CB6000EA649A600122AB641A6080225A604FF036
:10CB70000113C4F8BC31D4F8B03143F48033C4F8A5
:10CB8000B031D4F8B031002BFBD143E63F4BC2F3B8
:10CB900007421968464B1960464B1A70ECE60020B4
:10CBA000086045480488416842F2210084427FF4CD
:10CBB00087AE89B2002900F0C98002297FF480AED7
:10CBC0003E493F4C03C9A18086284FEA11412060AD
:10CBD000A1717FF475AE72B63A48017841F0100148
:10CBE0000170D3F848110D0605D480200143C3F825
:10CBF0004401C3F8481162B6334B502119705FE607
:10CC0000EB6001232C49C9F80030304B0A60C9F8A9
:10CC100004302F4B4860C9F81030C5F80890C9E9B6
:10CC2000028AD4F8B02142F00102C4F8B02103F521
:10CC3000805203F50053C9F81420C9F81830D4F80D
:10CC4000B031002BFBD1104AEB6493600123AA643E
:10CC5000136048F2800353604FF00113C4F8BC31F5
:10CC6000D4F8B03143F48033C4F8B0314FF480339A
:10CC7000CBF80030D4F8B031002BFBD1CAE500BFAF
:10CC80000200CC00CCB60020C02A002074B60020E0
:10CC900084B60020CAB60020F4B500200C1B00208A
:10CCA000CDB60020441D0060D41D0060000024208B
:10CCB00090B60020CBB60020002E002098B50020B2
:10CCC0007CB60020C3B60020CEB60020800007004E
:10CCD00098D50020000C0A78824228BF0246BEF593
:10CCE000E06F2AD11D4B1E4893F800C01D491E4B12
:10CCF000BCF1000F18BF014600921846FFF7C6F9B5
:10CD0000072103464170009A23F01F011344BFF32B
:10CD10004F8F4FF0E020C0F8701F20318B42FAD8BF
:10CD2000BFF34F8FBFF36F8F0F481146FFF7A4FC7F
:10CD300070E5C9033FF503AE03E60B4B1846CDE99A
:10CD40000023FFF7A3F9DDE90023DDE70749084CDD
:10CD500038E70420FFF7DCFC02F0F6FDCDB600203A
:10CD6000441D0060D41D00600000242098B5002000
:10CD700088B600202DE9F0471F46831E032B01D9FA
:10CD8000BDE8F087DFF84C9015460C463C2209EBD5
:10CD9000C01806464FEAC01A002108F10400240416
:10CDA00002F01AF9B5FA85F20123520944EA4274F5
:10CDB00049F80A40C8F83870C8F80830002FDFD0AA
:10CDC000034AB34011680B431360BDE8F08700BF0E
:10CDD000A4B50020000000202DE9F0470D46811E7B
:10CDE000032901D9BDE8F087C701DFF84C909246CE
:10CDF000044640373C2200211E4609EB07082D045B
:10CE000008F1040002F0E8F8BAFA8AF2520945EA99
:10CE1000427249F807200122C8F83860C8F8082093
:10CE2000002EDFD0034B10341968A2400A431A6069
:10CE3000BDE8F087A4B50020000000201204816046
:10CE4000C36101F5405342F0800210B401244260F6
:10CE500001F50052046001F5805401F58041C46081
:10CE600081615DF8044BC0E904237047831E0A46C4
:10CE7000032B00D97047064B00F110014FF0010C55
:10CE800003EBC0100CFA01F14030FFF795BB00BF77
:10CE900000000020831E0A46032B00D970470121A1
:10CEA000024B814003EBC010FFF786BB000000205F
:10CEB00040687047124A134BD2F8200220F07F409E
:10CEC000984210B584B002D200EB800040000E4CB6
:10CED00001A90A22FFF774F901A90023204611F8DD
:10CEE000012B01333AB10A2B20F8022FF7D1162378
:10CEF000237004B010BD5B00DBB2237004B010BD22
:10CF000000441F4080969800BC25002000F0F4BA31
:10CF100000F0C4BA00F028BB00F0E2BA00F07EBB1B
:10CF200000F054BB0846114600F044BB084600F030
:10CF30002BBB00BF00F074BE00F044BE00F0A8BEE2
:10CF400000F062BE00F0FCBE00F0D4BE0846114600
:10CF500000F0C4BE084600F0ABBE00BFF8B5144CEC
:10CF60004FF0E025134E4FF4003204EB4024124FF3
:10CF700006EB40160346C5F88C2121463A88304618
:10CF8000FFF75CFF3B882344BFF34F8FC5F85C4F2E
:10CF90002034A342FAD8BFF34F8FBFF36F8F032023
:10CFA0003146FFF777FF4FF40033C5F80C31F8BD79
:10CFB000A0002420002B0020A0B60020244B2DE947
:10CFC000F0411C884368C569C3F30E43E41A002C82
:10CFD00024DD204920480A780078D3B21F4E8242CF
:10CFE0001F4807D010F8038036F81870C7F5007294
:10CFF000944218D90133002226F81540082B194E07
:10D0000088BF134626F8152098BFDAB2C554164BD0
:10D010000A701A6814441C60BDE8F0812846BDE817
:10D02000F041FFF79BBF07EB4820104922462744F9
:10D03000084401EB4521FFF729F80B4A284626F85A
:10D04000187013682344BDE8F0411360FFF786BFF2
:10D05000A0B60020BEB60020C0B6002004B6002056
:10D0600044B6002024B60020FCB50020A0002420F7
:10D070001D4B1A78002A36D102F0FF031B4A1278A2
:10D080008AB32DE9F0411A4D2A8852B3194EC2F5E0
:10D090000068194F3278194C07EB421704EBC22491
:10D0A000424638462146FFF7C9FE04EB0802BFF3AB
:10D0B0004F8F4FF0E023C3F8704F2034A242FAD8CC
:10D0C000BFF34F8FBFF36F8F03203946FFF7CEFEBC
:10D0D00033780133DBB2032B88BF00233370002386
:10D0E0002B80BDE8F0817047C8B60020CCB6002088
:10D0F000A4B60020C6B60020002D0020A0102420D9
:10D100002DE9F04F85B0CDE90110002900F0BF8076
:10D110000023604CDFF89881DFF898A15E4F009300
:10D1200001235E4A23705E4B1978B8F8003002EB99
:10D130004119002B40F0A7801E461D469B464846DD
:10D14000FFF7B6FE10F0800000F08C80BFF34F8F29
:10D150009AF8003084F800B005B93E68002B7DD104
:10D160003B689B1B782B00F287804E4B1B78002B73
:10D1700074D000F02DFE0122B8F800301546227060
:10D18000002BDCD0464AC3F5006011781A4600EB4C
:10D19000C120454DC9022844019D954217D20393F1
:10D1A000DDE901512A46FEF771FF039B4FF0404233
:10D1B0005B1BA8F800303D4BC3F88420BFF34F8FB2
:10D1C000009800232844237005B0BDE8F08F364B4B
:10D1D000CD180299FEF75AFF00234FF4006229464A
:10D1E0004846FFF72BFEBFF34F8F05F1200205F5F0
:10D1F0000063934234BF012340234FF0E02205EB4C
:10D200004313C2F8705F2035AB42FAD1BFF34F8FA2
:10D21000BFF36F8F03204946FFF728FE204A13789B
:10D220000133DBB2032B84BF00231D4A1370B8F80F
:10D230000030019AD11A009A1A4401910092029A80
:10D240001A4400230292194AA8F80030C2F8843028
:10D25000BFF34F8F237000297FF462AF009805B0B1
:10D26000BDE8F08F4FF400620D4B8AF8000019788A
:10D270001346A8F800208AE7012300988AF80030B6
:10D2800005B0BDE8F08F1A46C3F500607FE701984E
:10D29000E5E700BFC8B6002074B60020002D0020CE
:10D2A000C6B60020CCB60020A010242000002E40DE
:10D2B000A4B60020C4B60020704700BF2D4B00214B
:10D2C00080222D4870B51B7800242C4D8B422C4EAB
:10D2D0000CBF40234FF400732B80338001F07CFEA1
:10D2E000284A2146284B14704FF4807227481C802E
:10D2F00001F072FE264A1021264B0220C2E90044AA
:10D30000C2E90244244AC3E900441470234AC3E931
:10D310000244234B1C70234614602246FFF75CFD39
:10D320002246318803201F4BFFF724FD23460122AC
:10D3300029880320FFF750FD20460134FFF70EFE39
:10D34000082CF9D1184B00214A221848184C0460C7
:10D35000C3F88410C3F88020D3F84821154942F05F
:10D360008072C3F8482121B1134A137843F00103B6
:10D37000137070BDCDB60020002D0020A8B600208F
:10D38000A0B60020C6B60020A4B60020002B0020C6
:10D3900004B6002024B60020BEB60020FCB5002054
:10D3A000C0B600204DB1000000002E4094B6002011
:10D3B00001B2000000000000CFB600202DE9F04FC0
:10D3C0004FF0E0234FF40032DFF8C8A083B0C3F879
:10D3D0008C218B469AF8004000294FD08046E4B259
:10D3E0000027DFF8B490264BABEB070225491B78EA
:10D3F000A34204F101043FD0092C234B404628BF2F
:10D4000000241E5D39F816C00CEB462319441F4B4F
:10D4100033F81650A5EB0C05AA421CD20CEB462C97
:10D4200018491B4C61440192FEF730FE216839F81F
:10D4300016505846019AA1EB0B012A44394429F8A9
:10D44000162021604FF0E0234FF40032C3F80C2186
:10D4500003B0BDE8F08F2A462F44FEF717FE0C49B3
:10D46000E3B230460A68A844521B0A608AF80030CA
:10D47000FFF774FDBB45B6D83846E3E70846E1E759
:10D48000BEB60020A000242044B6002004B6002030
:10D49000FCB50020C0B6002024B600200B4B0C4A7F
:10D4A00012781978D3B28A420DD0013309480A4A5A
:10D4B000092B0A4928BF0023C35C31F8131002EB83
:10D4C0004323585C70474FF0FF307047BEB60020D2
:10D4D000C0B6002044B60020A000242024B60020BE
:10D4E000044B10B51C680CB1204610BD00F070FC58
:10D4F000204610BDFCB500202DE9F84F144E154D07
:10D5000033782A78934221D0DCB2DFF85090DFF8EC
:10D5100050B0DFF85080104F0134082C5FFA84FAC5
:10D5200001D90024A24619F80400DBF8003038F8CD
:10D53000102037F81010521A9B1ACBF80030FFF762
:10D540000DFD86F800A02B78A342E5D1BDE8F88F49
:10D55000C0B60020BEB6002024B6002044B600208D
:10D56000FCB5002004B6002000B583B001210DF108
:10D570000700FFF723FF20B19DF8070003B05DF817
:10D5800004FB4FF0FF30F9E7094B00B583B01B787F
:10D590008DF807003BB101210DF10700FFF7B0FD49
:10D5A00003B05DF804FB03F0FF0003B05DF804FB7B
:10D5B000CCB60020044B1B7803F0FF020BB1FFF741
:10D5C0009FBD1046704700BFCCB600202DE9F0414A
:10D5D0000024DFF8448001230D4D27460D4E88F8C6
:10D5E0000030337828462035A34204F1010405D0E9
:10D5F000FFF75EFC030658BF07F50067042CF0D167
:10D60000BFF34F8F0023384688F80030BDE8F08123
:10D61000002D0020C6B60020C8B600202DE9F84332
:10D620001D4B1B7813B11D4D2A880AB9BDE8F8833C
:10D630001B4EC2F500691B4933784A461A4C01EB70
:10D6400043181A4F04EBC324012340463B70214684
:10D650000023FFF7F3FB04EB0902BFF34F8F4FF0FA
:10D66000E023C3F8704F2034A242FAD8BFF34F8FA3
:10D67000BFF36F8F03204146FFF7F8FB3378013388
:10D68000DBB2032B88BF0023337000232B80BFF352
:10D690004F8F3B70BDE8F883CCB60020A4B60020C5
:10D6A000C6B60020002D0020A0102420C8B60020FF
:10D6B000F8B5144C4FF0E025134E4FF4003204EB54
:10D6C0004024124F06EB40160346C5F88C21214634
:10D6D0003A883046FFF7B2FB3B882344BFF34F8FB5
:10D6E000C5F85C4F2034A342FAD8BFF34F8FBFF385
:10D6F0006F8F05203146FFF7CDFB4FF40033C5F89F
:10D700000C31F8BDA0302420002C0020A2B600204F
:10D71000244B2DE9F0411C884368C569C3F30E43CF
:10D72000E41A002C24DD204920480A780078D3B27E
:10D730001F4E82421F4807D010F8038036F8187039
:10D74000C7F50072944218D90133002226F815401B
:10D75000082B194E88BF134626F8152098BFDAB259
:10D76000C554164B0A701A6814441C60BDE8F08159
:10D770002846BDE8F041FFF79BBF07EB4820104962
:10D7800022462744084401EB4521FEF77FFC0B4A63
:10D79000284626F8187013682344BDE8F04113604A
:10D7A000FFF786BFA2B60020BFB60020C1B600209A
:10D7B00014B6002050B6002034B6002000B6002079
:10D7C000A03024201D4B1A78002A36D102F0FF0326
:10D7D0001B4A12788AB32DE9F0411A4D2A8852B3B8
:10D7E000194EC2F50068194F3278194C07EB4217F1
:10D7F00004EBC224424638462146FFF71FFB04EBE8
:10D800000802BFF34F8F4FF0E023C3F8704F20346E
:10D81000A242FAD8BFF34F8FBFF36F8F052039466E
:10D82000FFF724FB33780133DBB2032B88BF0023DF
:10D83000337000232B80BDE8F0817047C9B600200B
:10D84000CCB60020A6B60020C7B60020802D002050
:10D85000A04024202DE9F04F85B08B46029000298E
:10D8600000F0AD800023DFF87081DFF87091019344
:10D87000544EB8F80030DFF868A1534A1178534A83
:10D8800002EB4117002B40F096801D461C4614E029
:10D8900099F8003004B935680124002B7AD1336837
:10D8A0005B1B782B7AD89AF80030002B72D000F0EE
:10D8B0008FFAB8F80030002B77D13846FFF7F8FA26
:10D8C00010F08000E4D14FF400623F4B89F8000073
:10D8D00019781346A8F8002000EBC1203C4C934572
:10D8E0004FEAC121204413D25A4602990393FEF70E
:10D8F000CDFB039B0198A3EB0B03364A5844A8F8D1
:10D9000000304FF04043C2F88C3005B0BDE8F08FD6
:10D910000C190299FEF7BAFB00234FF4006221466E
:10D920003846FFF78BFABFF34F8F04F1200204F55E
:10D930000063934234BF012340234FF0E02204EB05
:10D940004313C2F8704F2034A342FAD1BFF34F8F74
:10D95000BFF36F8F05203946FFF788FA1A4A1D4931
:10D9600013780133DBB2032B84BF0023164A1370F4
:10D97000B8F80020019BBBEB020B13440193029B00
:10D98000134402934FF00003A8F80030C1F88C3024
:10D990007FF473AF019805B0BDE8F08F01230198C3
:10D9A00089F8003005B0BDE8F08F074AC3F5006084
:10D9B00011781A4690E71A46C3F500608CE70846CE
:10D9C000E9E700BF74B60020C7B60020802D002014
:10D9D000A040242000002E40A6B60020C5B600209E
:10D9E000CCB600202D4B002180222D4870B51B782D
:10D9F00000242C4D8B422C4E0CBF40234FF400735F
:10DA00002B80338001F0E8FA284A2146284B147015
:10DA10004FF4807227481C8001F0DEFA264A10215C
:10DA2000264B0420C2E90044C2E90244244AC3E967
:10DA300000441470234AC3E90244234B1C7023465C
:10DA400014602246FFF7C8F92246318805201F4B93
:10DA5000FFF790F92346012229880520FFF7BCF93A
:10DA600020460134FFF724FE082CF9D1184B002181
:10DA70004A221848184C0460C3F88C10C3F8882058
:10DA8000D3F84821154942F00072C3F8482121B16A
:10DA9000134A137843F00803137070BDCDB600200D
:10DAA000802D0020AAB60020A2B60020C7B6002014
:10DAB000A6B60020002C002014B6002034B60020AA
:10DAC000BFB6002000B60020C1B60020A1B80000FB
:10DAD00000002E4098B6002055B90000000000005C
:10DAE000CFB600202DE9F04F4FF0E0234FF4003285
:10DAF000DFF8C8A083B0C3F88C218B469AF80040A9
:10DB000000294FD08046E4B20027DFF8B490264BBE
:10DB1000ABEB070225491B78A34204F101043FD077
:10DB2000092C234B404628BF00241E5D39F816C03F
:10DB30000CEB462319441F4B33F81650A5EB0C058C
:10DB4000AA421CD20CEB462C18491B4C6144019292
:10DB5000FEF79CFA216839F816505846019AA1EB55
:10DB60000B012A44394429F8162021604FF0E023A4
:10DB70004FF40032C3F80C2103B0BDE8F08F2A4601
:10DB80002F44FEF783FA0C49E3B230460A68A844F2
:10DB9000521B0A608AF80030FFF78AFDBB45B6D8F1
:10DBA0003846E3E70846E1E7BFB60020A03024206E
:10DBB00050B6002014B6002000B60020C1B60020E8
:10DBC00034B600200B4B0C4A12781978D3B28A4233
:10DBD0000DD0013309480A4A092B0A4928BF0023FE
:10DBE000C35C31F8131002EB4323585C70474FF0CD
:10DBF000FF307047BFB60020C1B6002050B60020ED
:10DC0000A030242034B60020044B10B51C680CB1A1
:10DC1000204610BD00F0DCF8204610BD00B6002004
:10DC20002DE9F84F144E154D33782A78934221D0C0
:10DC3000DCB2DFF85090DFF850B0DFF85080104FC2
:10DC40000134082C5FFA84FA01D90024A24619F89D
:10DC50000400DBF8003038F8102037F81010521AA2
:10DC60009B1ACBF80030FFF723FD86F800A02B7835
:10DC7000A342E5D1BDE8F88FC1B60020BFB60020B1
:10DC800034B6002050B6002000B6002014B60020A4
:10DC900000B583B001210DF10700FFF723FF20B18C
:10DCA0009DF8070003B05DF804FB4FF0FF30F9E783
:10DCB000094B00B583B01B788DF807003BB10121FB
:10DCC0000DF10700FFF7C6FD03B05DF804FB03F09C
:10DCD000FF0003B05DF804FBCCB60020044B1B78BA
:10DCE00003F0FF020BB1FFF7B5BD1046704700BF50
:10DCF000CCB600202DE9F0410024DFF8408001235C
:10DD00000C4D27460C4E88F80030337828462035D5
:10DD1000A34204F1010405D0FFF7CAF8030658BF77
:10DD200007F50067042CF0D10023384688F800304E
:10DD3000BDE8F081802D0020C7B60020C9B60020C4
:10DD40002DE9F8431C4B1B7813B11C4D2A880AB9E6
:10DD5000BDE8F8831A4EC2F500691A4933784A467D
:10DD6000194C01EB4318194F04EBC324012340461F
:10DD70003B7021460023FFF761F804EB0902BFF373
:10DD80004F8F4FF0E023C3F8704F2034A242FAD8EF
:10DD9000BFF34F8FBFF36F8F05204146FFF766F843
:10DDA00033780133DBB2032B88BF002333700023A9
:10DDB0002B803B70BDE8F883CCB60020A6B60020CF
:10DDC000C7B60020802D0020A0402420C9B6002026
:10DDD0002DE9F843324B1E7876B1324F3B785BB970
:10DDE0000123F0073B704CD4310743D4B20726D44B
:10DDF00000233B70730701D4BDE8F8832A4B1A68EF
:10DE0000002AF9D0EFF30582002AF5D1EFF310854F
:10DE100072B6186800283BD0244C2178002937D1ED
:10DE20000122227042691A60002A35D0916105B939
:10DE300062B600258368457798472570DCE7DFF8F0
:10DE4000748098F80030002BD2D00025DFF868905D
:10DE50002B4659F823400135236820461B69984713
:10DE600010B163699B68984798F80020EBB29A421A
:10DE7000EFD8BDE7FFF7C8FE0028B7D0AFF30080AA
:10DE8000B4E7FFF72DFB0028AED0AFF30080ABE77F
:10DE9000002DB1D162B6AFE7054B1A60C7E700BFEE
:10DEA000CFB60020BCB6002004880020BAB60020FF
:10DEB00010880020BBB600201488002070B5EFF356
:10DEC000108272B60C4C206880B10C4E002543695C
:10DED000236073B19D6102B962B683684577984744
:10DEE000EFF3108272B620680028F0D102B962B652
:10DEF00070BD3360EFE700BF0C8800200888002069
:10DF0000FFF7DCBF0449054A4968054B19601368EF
:10DF100001331360704700BF001000E074B60020AA
:10DF200070B60020074A506A936A19468446506AC0
:10DF3000936A9942F9D18445F7D1DB0B43EA40401B
:10DF4000704700BF00400D4003460846194600F0E8
:10DF5000A5BF00BF53B94AB9002908BF00281CBF9C
:10DF60004FF0FF314FF0FF3000F070B9ADF1080C09
:10DF70006DE904CE00F006F8DDF804E0DDE90223E7
:10DF800004B070472DE9F047089E0D4604460F4641
:10DF9000002B4AD18A42944665D9B2FA82F343B142
:10DFA00002FA03FCC3F120029F4020FA02F2174359
:10DFB0009C404FEA1C4E1FFA8CF5B7FBFEF1220C79
:10DFC0000EFB117742EA074201FB05F090420AD9A5
:10DFD0001CEB020201F1FF3780F01C81904240F2FD
:10DFE000198102396244121AA4B2B2FBFEF00EFB90
:10DFF000102244EA024400FB05F5A5420AD91CEBB5
:10E00000040400F1FF3280F00781A54240F2048150
:10E010006444023840EA0140641B00211EB1DC4028
:10E020000023C6E90043BDE8F0878B4208D9002EE3
:10E0300000F0ED800021C6E900050846BDE8F08744
:10E04000B3FA83F1002949D1AB4202D3824200F2F4
:10E05000F880841A65EB030201201746002EE2D0F7
:10E06000C6E90047DFE702B9FFDEB2FA82F3002B10
:10E0700040F090808A1A4FEA1C471FFA8CFE01215B
:10E08000B2FBF7F507FB1520220C42EA00420EFB1B
:10E0900005F0904208D91CEB020205F1FF3802D2CC
:10E0A000904200F2CB804546121AA4B2B2FBF7F0C0
:10E0B00007FB102244EA02440EFB00FEA64508D9E5
:10E0C0001CEB040400F1FF3202D2A64500F2BB8033
:10E0D0001046A4EB0E0440EA05409FE7C1F120077B
:10E0E0008B4022FA07FC4CEA030C05FA01F420FAF3
:10E0F00007F3FD404FEA1C492343B5FBF9F81FFA2B
:10E100008CFE09FB18551C0C44EA054408FB0EF56F
:10E11000A54202FA01F200FA01F00BD91CEB04044B
:10E1200008F1FF3A80F08880A54240F28580A8F18E
:10E1300002086444641B9DB2B4FBF9F309FB134469
:10E1400045EA044403FB0EFEA64508D91CEB040473
:10E1500003F1FF356CD2A6456AD9023B644443EA19
:10E160000843A3FB0295A4EB0E04AC42C846AE469E
:10E1700056D353D056B1B0EB080264EB0E0404FA48
:10E1800007F7CA40CC401743C6E90074184600217F
:10E19000BDE8F087C3F1200102FA03FC20FA01F286
:10E1A00025FA01F19D402A434FEA1C471FFA8CFED5
:10E1B000B1FBF7F007FB1015110C41EA054100FB1C
:10E1C0000EF58D4204FA03F408D91CEB010100F1AD
:10E1D000FF382FD28D422DD902386144491B92B2AB
:10E1E000B1FBF7F507FB151142EA014205FB0EF101
:10E1F000914208D91CEB020205F1FF3816D2914278
:10E2000014D9023D6244521A45EA004138E73146CA
:10E21000304608E73946E6E61046FBE64845A9D20F
:10E22000B9EB020865EB0C0E013BA3E74546EAE7B4
:10E230002B4694E74046D1E7D0467BE7023D624457
:10E2400032E708460AE76444023842E7704700BFF5
:10E250000A22002100F066BD024B0146186800F05A
:10E260000BB800BF80250020024B0146186801F062
:10E2700061BA00BF802500202DE9F04F01F10B06A7
:10E28000162E83B0044624D8102900F2BA8000F07C
:10E29000A3FA102618220220B54F3A44A2F1080131
:10E2A00053688B4200F0BA805A68D96822F00302A2
:10E2B0001A449D68E9608D60516841F00101204673
:10E2C000516003F1080500F08DFA284603B0BDE85F
:10E2D000F08F36F0070600F19480B14200F2918091
:10E2E00000F07AFAB6F5FC7FC0F09A81730A00F06C
:10E2F0008F80042B00F26F81B30903F1390003F121
:10E30000380CC3009A4F3B44A3F108055B689D425B
:10E3100006D10CE0002980F22781DB689D4206D0FF
:10E320005A6822F00302911B0F29F3DD60463D6914
:10E33000DFF850C265457CD06A6822F00302931B67
:10E340000F2B00F37B81002BC7E904CC80F26C819A
:10E35000B2F5007F80F01A81D308796801334FEA63
:10E36000521E012202FA0EF20A4357F833E0C5F8B2
:10E3700008E007EBC3010839E9607A6047F83350D9
:10E38000CEF80C50831001219940914257D8114288
:10E3900006D120F003004900114200F10400FAD038
:10E3A00007EBC0094D468646D5F80C80454508D197
:10E3B0001DE1002B80F22481D8F80C80454500F047
:10E3C0001681D8F8042022F00302931B0F2BF0DDF6
:10E3D0002046D8E9025408EB060146F00106C8F8C9
:10E3E0000460EC60A56043F00104C7E90411C1E9D1
:10E3F00002CC4C6048F8023000F0F4F908F108054E
:10E4000002E00C2323600025284603B0BDE8F08F0E
:10E410004FF4007340204FF03F0C73E7D3689A42EB
:10E4200008BF02307FF440AF3D69DFF858C1654551
:10E4300082D17A688310012199409142A7D9BD68A1
:10E440006B6823F003094E4503D8A9EB06030F2B95
:10E450007ADCDFF834B1474BDBF800201B6801326F
:10E46000334405EB090A00F0338103F580530F3381
:10E4700023F47F6828F00F084146204600F030FE64
:10E48000411C024600F0F380824500F2EE803A4BD8
:10E49000196841441960084600F04E81DBF800100D
:10E4A000019301311BBFA2EB0A010918CBF8002030
:10E4B000196012F0070B00F01781CBF108010A4434
:10E4C000CBF5805190440831A1EB0801C1F30B0A50
:10E4D00051462046009200F003FE421CDDE9002375
:10E4E00000F04F81801A00EB0A081968BA6048F002
:10E4F00001005144BD425060196000F02981B9F11A
:10E500000F0F40F227816868A9F10C0C2CF0070C62
:10E5100000F0010040EA0C0068604FF0050E05EBCA
:10E520000C00BCF10F0FC0E901EE00F2328150681F
:10E530001546124B1A688A4238BF1960104B1A6888
:10E540008A4238BF196094E0AA1943F0010346F0EB
:10E5500001066E602046BA60536000F043F908354A
:10E56000284603B0BDE8F08FD9681A44A1E600BF81
:10E57000702100205CB400202CB4002054B4002092
:10E5800058B400207821002078250020B2F5206FB3
:10E590004FEA522363D3142B00F2B78003F15C01DE
:10E5A000C9005B3307EB010E7958AEF1080E8E45BA
:10E5B00000F091804B6823F00303934202D98968ED
:10E5C0008E45F7D1D1F80CE07A68C5E9021ECEF885
:10E5D0000850CD60D6E6142B59D9542B00F29D80FB
:10E5E000330B03F16F0003F16E0CC3008AE60EF1EA
:10E5F000010E1EF0030F05F108057FF4D5AE51E0C2
:10E60000424445465368D8F80C1043F00103536068
:10E6100055F8083F2046D9608B6000F0E3F8F3E638
:10E62000F00806F1080237E62A442046536843F012
:10E6300001035360083500F0D5F8E5E6A919204636
:10E6400046F0010643F001046E60C7E90411C1E918
:10E6500002CC4C60AB5000F0C5F80835D4E6930905
:10E6600003F13901C90038339CE7BD425FD0BD6872
:10E67000686820F003084645A8EB060302D80F2B74
:10E680003FF762AF204600F0ADF80025BCE603F18D
:10E690005C0003F15B0CC30034E659F808394B45C4
:10E6A00040F0968010F0030F00F1FF30F5D17B6849
:10E6B00023EA01037B60490099423FF6C0AE19B9D5
:10E6C000BDE649000EF1040E1942FAD0704667E625
:10E6D00003F11008D0E69A104FF001087B6808FAA1
:10E6E00002F21A437A6070E702EB08014942C1F373
:10E6F0000B0A51462046009200F0F2FC431CDDE973
:10E7000000237FF4EFAEDA46EFE6542B25D8130B47
:10E7100003F16F01C9006E3344E7B3F5AA7F25D832
:10E72000F30B03F1780003F1770CC300EAE5294B02
:10E73000186840441860B1E6CAF30B0CBCF1000F36
:10E740007FF4ACAEBD68C84448F001006860F0E6F4
:10E750001546EEE60123536094E7B3F5AA7F23D86C
:10E76000D30B03F17801C90077331BE740F2545211
:10E77000934223D8B30C03F17D0003F17C0CC3005A
:10E78000C0E5ABF1080BD844A8EB02084FF0000A33
:10E79000ABE605F108012046009300F0CBFFBD6811
:10E7A000009B68681968C4E640F254518B420BD84C
:10E7B000930C03F17D01C9007C33F3E64FF47E73C3
:10E7C0007F204FF07E0C9DE54FF47E717E23E9E6BD
:10E7D0007B6870E72CB40020014800F0BDBC00BF8E
:10E7E00028B40020014800F0B9BC00BF28B40020C4
:10E7F00010B4044C03460A4620685DF8044B1946E1
:10E8000000F002B8802500202DE9F84F17460029B6
:10E8100000F098800C4607F10B058046FFF7DCFFFF
:10E82000162D54F8041C5BD810252A46AF425CD83C
:10E8300021F003069642A4F1080962DABC4BD3F832
:10E8400008C009EB0600844500F09780D0F804C0AA
:10E850002CF0010303445B68DB0768D42CF0030C45
:10E8600006EB0C03934247DACB0710D454F8083C6C
:10E87000A9EB030ADAF8043023F003018C44B44412
:10E88000944580F211817318934280F2E8803946F2
:10E890004046FFF7F1FC0746E0B154F8043C23F092
:10E8A00001034B44A0F10802934200F0D280321FD2
:10E8B000242A00F2F580132A00F2AC800346224697
:10E8C000116819605168596092689A602146404603
:10E8D00000F030FF4046FFF785FF3846BDE8F88F6F
:10E8E00025F00705002D2A46A0DA0C23C8F80030D1
:10E8F00000273846BDE8F88F1E46D0E90223D360D2
:10E900009A60731B0F2B22D8D9F8043003F001034F
:10E9100033434E44C9F80430736843F00103736015
:10E9200040462746FFF75EFF3846BDE8F88FC90727
:10E93000ADD454F8083CA9EB030ADAF8041021F02E
:10E940000301A0E7BDE8F84F1146FFF795BCD9F8E1
:10E95000042009EB050102F001024E4443F00103DB
:10E960002A43C9F804204B60736843F0010308315F
:10E970007360404600F0DEFED2E7DCF8040020F0D1
:10E98000030B06EB0B0C05F1100084454DDAC907AB
:10E990003FF57DAF54F8081CA9EB010ADAF8041022
:10E9A00021F003018B44B34458453FF76CAF574601
:10E9B000DAF80C1057F8080F321F242AC16088605B
:10E9C00000F2DB80132A40F2D6802168CAF80810D2
:10E9D0006168CAF80C101B2A00F2DF8008340AF1C3
:10E9E00010022168116061685160A16891600AEBB2
:10E9F0000501ABEB050242F0010299604A60DAF8CA
:10EA0000043003F001032B434046CAF80430FFF7FB
:10EA1000E9FE6EE723680360636843601B2A68D8D9
:10EA200004F1080200F108034AE709EB05029A60C5
:10EA3000ACEB050343F00103536054F8043C03F0CE
:10EA400001032B43404644F8043CFFF7CBFE274626
:10EA50004FE750F8043C23F003031E4451E75746A8
:10EA6000DAF80C1057F8080F321F242AC1608860AA
:10EA70004CD8132A48D92168CAF808106168CAF826
:10EA80000C101B2A56D808340AF110021E462368BF
:10EA9000136063685360A3689360D1463C4630E7D7
:10EAA000214600F01DFA11E7D0E902135746CB606A
:10EAB000996057F8081FDAF80C30CB60321F242A0F
:10EAC00099602DD8132A29D92368CAF808306368B9
:10EAD000CAF80C301B2A42D808340AF11003226805
:10EAE0001A6062685A60A2689A606646D1463C46DF
:10EAF00007E7A3688360E368C360242A26D004F193
:10EB0000100200F11003DBE63A46BFE72146384623
:10EB10001E46D14600F0E4F93C46F2E63B46DEE70D
:10EB2000214638466646D14600F0DAF93C46E8E62A
:10EB300070210020A168CAF81010E168CAF814100A
:10EB4000242A20D010340AF118029FE723690361B8
:10EB50006169416104F1180200F11803B0E6A3688D
:10EB6000CAF81030E368CAF81430242A21D01034CF
:10EB70000AF11803B3E73A4633E72146384600F076
:10EB8000AFF9164B33E72269CAF818206269CAF850
:10EB90001C2018340AF1200278E7A168CAF8101086
:10EBA000E168CAF81410242A0DD010340AF11802B2
:10EBB00017E72369CAF818306369CAF81C3018349B
:10EBC0000AF120038BE72269CAF818206269CAF8A3
:10EBD0001C2018340AF1200203E700BF7021002036
:10EBE000012B2DE9F84F40D0242B98463DD84C4DB1
:10EBF0008E4676461EF801BB15F80B4014F008044B
:10EC0000F7D1BBF12D0F72D0BBF12B0F08BF9EF8CF
:10EC100000B06FF0004908BF06F1020E002B42D091
:10EC2000102B57D0B9FBF8F700252E4608FB179A92
:10EC300005E033D008FB06C601251EF801BBABF189
:10EC4000300CBCF1090F06D9ABF1410CBCF1190F26
:10EC500012D8ABF1370C634517DDB5F1FF3FECD0AF
:10EC6000B742E6D24FF0FF35E7E700F04BFA162344
:10EC700003600020BDE8F88FABF1610CBCF1190F07
:10EC800003D8ABF1570C6345E7DC6B1C27D08CB97C
:10EC90000AB1A5BB11603046BDE8F88FE245C9DA7C
:10ECA0004FF0FF35C9E7BBF1300F05D04FF00A0830
:10ECB0004346B7E77642EBE79EF8003003F0DF0308
:10ECC000582B21D14FF010089EF801B043460EF1A9
:10ECD000020EA7E7BBF1300F1AD09846A2E7222315
:10ECE000036072B10EF1FF314E461160D3E79EF81A
:10ECF00000B04FF0004906F1020E01248EE7B14644
:10ED0000F0E74E463046C7E74FF00808434689E72C
:10ED10009EF8005005F0DF05582DD3D0984681E7C6
:10ED20004D17002010B4054C8446134620685DF84A
:10ED3000044B0A466146FFF753BF00BF8025002001
:10ED40002DE9F04707464C480E46354616F801EBCC
:10ED500010F80EC01CF0080CF7D1BEF12D0F5AD0E0
:10ED6000BEF12B0F03BF96F800E06446AE1C64466C
:10ED70005BB1102B54D04FF0FF38B8FBF3F803FB16
:10ED800008FA6FEA0A0A994608E0BEF1300F5AD035
:10ED90000A23DFF8E8804FF0050A99460025284647
:10EDA00005E02CD009FB00C0012516F801EBAEF1FF
:10EDB000300CBCF1090F06D9AEF1410CBCF1190FB2
:10EDC0000BD8AEF1370C634510DDB5F1FF3FECD049
:10EDD0004045E6D94FF0FF35E7E7AEF1610CBCF1F5
:10EDE000190F03D8AEF1570C6345EEDC6B1C0BD04A
:10EDF00004B140420AB165B91160BDE8F087D4455D
:10EE0000D0DD4FF0FF35D0E722233B602846002AB3
:10EE1000F3D0711EF0E796F800E00124AE1CA7E7DE
:10EE2000BEF1300F21D1307800F0DF00582816D124
:10EE30004FF0100996F801E04FF00F0A02366FF01C
:10EE400070484B46AAE7337803F0DF03582BEFD026
:10EE500008234FF0070A6FF0604899469EE79946ED
:10EE60006FF070484FF00F0A98E74FF00F0A6FF0FD
:10EE70007048994692E700BF4D170020999999195B
:10EE800010B4054C8446134620685DF8044B0A46CE
:10EE90006146FFF755BF00BF8025002013460A4694
:10EEA0000146022000F0B2BB024B1844407800F04B
:10EEB000080070474C170020034B1B5C03F0030352
:10EEC000012B08BF203070474D170020034B1B5CFF
:10EED00003F00303022B08BF203870474D170020B2
:10EEE00088420DD98B1883420AD900EB020CBAB1C3
:10EEF000624613F801CD02F801CD9942F9D170476D
:10EF00000F2A0ED8034602F1FF3C4AB10CF1010C66
:10EF1000013B8C4411F8012B03F8012F6145F9D115
:10EF2000704740EA01039B0750D1A2F1100370B56E
:10EF300001F1200C23F00F0501F1100E00F1100477
:10EF4000AC441B095EF8105C44F8105C5EF80C5C85
:10EF500044F80C5C5EF8085C44F8085C5EF8045CFD
:10EF600044F8045C0EF1100EE64504F11004E9D1FA
:10EF7000013312F00C0F01EB031102F00F0400EB50
:10EF8000031327D0043C24F003064FEA940C1E44DC
:10EF90001C1F8E465EF8045B44F8045FB442F9D14E
:10EFA0000CF1010402F0030203EB840301EB840182
:10EFB00002F1FF3C4AB10CF1010C013B8C4411F809
:10EFC000012B03F8012F6145F9D170BD02F1FF3C1F
:10EFD00003469BE72246EBE7830730B548D0541E33
:10EFE000002A3FD0CAB2034601E0013C3AD303F8FD
:10EFF000012B9D07F9D1032C2DD9CDB245EA05256A
:10F000000F2C45EA054536D9A4F1100222F00F0C69
:10F0100003F1200EE6444FEA121C03F1100242E90C
:10F02000045542E9025510327245F8D10CF1010243
:10F0300014F00C0F03EB021204F00F0C13D0ACF120
:10F04000040323F003030433134442F8045B9342A4
:10F05000FBD10CF003042CB1C9B21C4403F8011B12
:10F060009C42FBD130BD64461346002CF4D1F9E735
:10F0700003461446BFE71A46A446E0E740EA010308
:10F080009B0730B501D1032A0FD8844601F1FF3E1A
:10F0900007E01EF8011F03F8011B541EC1B19C4676
:10F0A00022466346002AF4D130BD0B4684461946F9
:10F0B00053F8045BA5F1013424EA050414F0803F01
:10F0C000E4D1043A032A4CF8045B1946EFD8DDE793
:10F0D0009444002CE8D003F8011B6345FBD130BDFC
:10F0E00038B5074D0022044608462A60FDF718FA95
:10F0F000431C00D038BD2B68002BFBD0236038BDEB
:10F10000A8B50020014B1868704700BF802500207B
:10F1100070B50D4E0D4D761BB61006D0002455F877
:10F12000043B01349847A642F9D1094E094D761B9C
:10F1300000F00EFCB61006D0002455F8043B013454
:10F140009847A642F9D170BD181C0060181C0060D9
:10F15000201C0060181C0060704700BF704700BF93
:10F16000000000000000000000000000000000009F
:10F17000A2EB0300704700BF02780B78012A28BF7A
:10F180009A42F5D16DE9044540EA0104CDE90267F0
:10F190006FF0000C4FEA447212B380EA010414F0DD
:10F1A000070F6AD100F0070420F0070004F0030500
:10F1B00021F007014FEAC505F0E8042314F0040F1D
:10F1C000F1E804670CFA05F462EA040266EA040650
:10F1D0000AD063EA0403624667EA0407664603E06E
:10F1E000F0E80423F1E8046782FA4CF582EA0604A9
:10F1F000A4FA8CF46CBB83FA4CF583EA0705A5FAF4
:10F200008CF595B950E9022351E9026782FA4CF571
:10F2100082EA0604A4FA8CF483FA4CF583EA070523
:10F22000A5FA8CF52543DBD09CB92DBAB5FA85F447
:10F2300024F0070427FA04F1DDE9026723FA04F356
:10F2400003F0FF0001F0FF01FDE80445A0EB010021
:10F25000704724BAB4FA84F424F0070426FA04F1BF
:10F26000DDE9026722FA04F202F0FF0001F0FF017B
:10F27000FDE80445A0EB0100704714F0030F3CD1FA
:10F2800010F0030428D150F8082B51F8083B82FAFB
:10F290004CF582EA0305A5FA8CF55DB950F8042C0B
:10F2A00051F8043C82FA4CF582EA0305A5FA8CF584
:10F2B000002DE8D02DBAB5FA85F424F0070423FA1E
:10F2C00004F122FA04F202F0FF0001F0FF01FDE870
:10F2D0000445A0EB010070474FEAC40420F003008E
:10F2E00050F8082B21F0030151F8083B0CFA04F404
:10F2F00062EA040263EA0403C9E710F003041AD0C7
:10F30000A1EB040120F00300E40750F8042B06D021
:10F310000FD28B785FFAA2F4E41A06D12BB1CB7826
:10F320005FFAB2F4E41A00D11BB920465DF8104B25
:10F33000704701F1040150F8042BCC0721F00301C0
:10F3400051F8043B48D824D222F07F4482FA4CF58D
:10F3500094EA1325A5FA8CF50AD165B951F8043B56
:10F3600084EA0204B4EB036F0ED150F8042BEBE7F0
:10F370004FEA132355E035F07F454DD10878FDE87D
:10F380000445C0F1000070474FEA126203F0FF032A
:10F3900047E002EA1C4482FA4CF594EA1345A5FAC8
:10F3A0008CF50AD165B951F8043B84EA0204B4EB48
:10F3B000034F0CD150F8042BEBE74FEA134330E036
:10F3C00015EA1C4528D10B884FEA124229E04FEA82
:10F3D000124203EA1C4324E002F0FF0482FA4CF5D7
:10F3E00094EA1365A5FA8CF50AD165B951F8043B86
:10F3F00084EA0204B4EB032F09D150F8042BEBE7A5
:10F400004FEA13630DE015F0FF0F05D10B684FEACB
:10F41000122223F07F4304E04FF00000FDE8044592
:10F42000704712BA1BBA82FA4CF482EA0304A4FAB7
:10F430008CF5B5FA85F402FA04F203FA04F34FEA04
:10F440001260FDE80445A0EB1360704780EA0102FA
:10F45000844612F0030F4FD111F0030F32D14DF853
:10F46000044D11F0040F51F8043B0BD0A3F101320D
:10F470009A4312F0803F04BF4CF8043B51F8043B20
:10F4800016D100BF51F8044BA3F101329A4312F098
:10F49000803FA4F101320BD14CF8043BA24312F09F
:10F4A000803F04BF51F8043B4CF8044BEAD023469C
:10F4B0000CF8013B13F0FF0F4FEA3323F8D15DF84E
:10F4C000044B704711F0010F06D011F8012B0CF816
:10F4D000012B002A08BF704711F0020FBFD031F88E
:10F4E000022B12F0FF0F16BF2CF8022B8CF8002015
:10F4F00012F47F4FB3D1704711F8012B0CF8012B98
:10F50000002AF9D1704700BF000000000000000091
:10F5100000000000000000000000000000000000EB
:10F5200000000000000000000000000000000000DB
:10F5300090F800F06DE9024520F007016FF0000C33
:10F5400010F0070491F820F040F049804FF00004DB
:10F550006FF00700D1E9002391F840F000F10800B6
:10F5600082FA4CF2A4FA8CF283FA4CF3A2FA8CF3EE
:10F570004BBBD1E9022382FA4CF200F10800A4FA55
:10F580008CF283FA4CF3A2FA8CF3E3B9D1E90423A9
:10F5900082FA4CF200F10800A4FA8CF283FA4CF3E0
:10F5A000A2FA8CF37BB9D1E9062301F1200182FA9A
:10F5B0004CF200F10800A4FA8CF283FA4CF3A2FAA0
:10F5C0008CF3002BC6D0002A04BF04301A4612BAAE
:10F5D000B2FA82F2FDE8024500EBD2007047D1E9B1
:10F5E000002304F00305C4F100004FEAC50514F040
:10F5F000040F91F840F00CFA05F562EA05021CBF11
:10F6000063EA050362464FF00004A9E72DE9F047DD
:10F61000DFF87CA00646DAF8000098460F469146CF
:10F62000FFF79AFD184B1C6824B365681F2D24DC76
:10F630005EB96B1C0235DAF80000636044F825708F
:10F64000FFF78CFD0020BDE8F08704EB8501012366
:10F65000C1F88890D4F88821AB401A43022EC4F830
:10F660008821C1F80881E4D1D4F88C211A43C4F868
:10F670008C21DEE7054C1C60D7E7DAF80000FFF7C5
:10F680006DFD4FF0FF30DEE790B2002094B2002015
:10F6900064210020F8B5244F0C460646FFF79CF87D
:10F6A000BB685D68C4F57E610F3125F003054B1919
:10F6B00023F47F6323F00F03A3F58054B4F5805F38
:10F6C00007DB00213046FFF70BFDBB682B44984257
:10F6D00004D03046FFF786F80020F8BD614230467E
:10F6E000FFF7FEFC01300DD0104ABB682D1B45F022
:10F6F00001055D60136830461B1B1360FFF772F84D
:10F700000120F8BD00213046FFF7EAFCBA68831AF1
:10F710000F2BDEDD43F001035360054B03491B68EB
:10F72000C01A0860D5E700BF702100202CB400206B
:10F7300078250020002961D0F8B50C460646FFF771
:10F740004BF854F8042C7B4FA4F1080522F001017A
:10F7500005EB010CB868DCF80430604523F00303C6
:10F7600000F08B80D207CCF8043032D454F8082C47
:10F77000AD1A1144AA6807F1080082426AD00CEB66
:10F780000304D4F804E0EC68D4601EF0010FA2601A
:10F7900000F0978041F001036B60CCF80010B1F5E8
:10F7A000007F35D27868CB080122490901338A40AD
:10F7B000024357F833107A6007EBC302083AC5E9F1
:10F7C000021247F83350CD603046BDE8F840FFF7ED
:10F7D00009B80CEB03025268D00710D4194407F1A2
:10F7E0000800DCF80830834273D0DCF80C20DA60C3
:10F7F000936041F001036B606950D0E7704741F0BE
:10F800000103B1F5007F44F8043CCCF80010C9D3E3
:10F81000B1F5206F4FEA512348D28B0903F139002B
:10F8200003F13802C300F818FB580838984259D041
:10F830005A6822F003028A4202D99B689842F7D1A3
:10F84000D868C5E902308560DD603046BDE8F84023
:10F85000FEF7C8BF0CEB03025268D20763D40B4417
:10F86000DCE90212CA60916043F001026A6030462E
:10F87000EB50BDE8F840FEF7B5BF0B44D10707D405
:10F8800054F8082CAD1A1344D5E90212CA609160ED
:10F8900043F001026A60284ABD6012689A4293D818
:10F8A000264B30461968FFF7F5FE8DE7142B0AD971
:10F8B000542B1FD80B0B03F16F0003F16E02C30032
:10F8C000B1E719448DE703F15C0003F15B02C3006B
:10F8D000A9E741F00103C7E90455C5E902006B60DF
:10F8E000695071E779689210012404FA02F20A4320
:10F8F0007A60A6E7B3F5AA7F06D8CB0B03F17800B0
:10F9000003F17702C3008EE740F25452934206D8C7
:10F910008B0C03F17D0003F17C02C30083E74FF4FD
:10F920007E737E227FE741F001036B60CCF800100C
:10F930004AE700BF702100207C2500205CB4002035
:10F940005FF800F0291700605FF800F0291B0060E5
:10F950005FF800F0D11B0060000000000000000014
:04F96000F8B500BF37
:08F96400E4E5FF7F0100000053
:10F96C00000000000000000000000000000000008B
:10F97C00000000000000000000000000000000007B
:10F98C00000000000000000000000000000000006B
:10F99C00000000000000000000000000000000005B
:10F9AC00000000000000000000000000000000004B
:10F9BC00000000000000000000000000000000003B
:10F9CC00000000000000000000000000000000002B
:10F9DC00000000000000000000000000000000001B
:10F9EC00000000000000000000000000000000000B
:10F9FC0000000000000000000000000000000000FB
:10FA0C0000000000000000000000000000000000EA
:10FA1C0000000000000000000000000000000000DA
:10FA2C0000000000000000000000000000000000CA
:10FA3C0000000000000000000000000000000000BA
:10FA4C0000000000000000000000000000000000AA
:10FA5C00000000000000000000000000000000009A
:10FA6C00000000000000000000000000000000008A
:10FA7C00000000000000000000000000000000007A
:10FA8C00000000000000000000000000000000006A
:10FA9C00000000000000000000000000000000005A
:10FAAC00000000000000000000000000000000004A
:10FABC00000000000000000000000000000000003A
:10FACC00000000000000000000000000000000002A
:10FADC00000000000000000000000000000000001A
:10FAEC00000000000000000000000000000000000A
:10FAFC0000000000000000000000000000000000FA
:10FB0C0000000000000000000000000000000000E9
:10FB1C0000000000000000000000000000000000D9
:10FB2C0000000000000000000000000000000000C9
:10FB3C0000000000000000000000000000000000B9
:10FB4C0000000000000000000000000000000000A9
:10FB5C000000000000000000000000000000000099
:10FB6C000000000000000000000000000000000089
:10FB7C000000000000000000000000000000000079
:10FB8C000000000000000000000000000000000069
:10FB9C000000000000000000000000000000000059
:10FBAC000000000000000000000000000000000049
:10FBBC000000000000000000000000000000000039
:10FBCC000000000000000000000000000000000029
:10FBDC000000000000000000000000000000000019
:10FBEC000000000000000000000000000000000009
:10FBFC0000000000000000000000000000000000F9
:10FC0C0000000000000000000000000000000000E8
:10FC1C0000000000000000000000000000000000D8
:10FC2C0000000000000000000000000000000000C8
:10FC3C0000000000000000000000000000000000B8
:10FC4C0000000000000000000000000000000000A8
:10FC5C000000000000000000000000000000000098
:10FC6C000000010100010101010201010202010277
:10FC7C00030102030202040202050202050302064A
:10FC8C00030207030207040307040307050407051F
:10FC9C0004070605070606070606070707070700F9
:10FCAC000000000000000000000000080000000040
:10FCBC000000000000000000A00F8AFF00FF000001
:10FCCC0049646C65000000000000000000000000AA
:10FCDC000000000000000000000000000000000018
:10FCEC000000000000000000000000000000000008
:10FCFC0000000000000000000000000000000000F8
:10FD0C0010270000204E000050C30000A086010008
:10FD1C0048E8010090D0030020A1070000350C003A
:10FD2C0040420F0056434900534E494646000000DE
:10FD3C004C4F47004455414C000000005041535378
:10FD4C00000000004641494C00000000434F4E5457
:10FD5C00524F4C4C4552204641494C00554E49544B
:10FD6C00204F4B00636F6E74726F6C6C65727320F6
:10FD7C004F4B3B2077697265207465737420696EF4
:10FD8C00636F6E636C757369766520287361773D5C
:10FD9C00302920E28094206E6565647320612054C4
:10FDAC0045524D494E4154454420627573202B20D9
:10FDBC0061206E6F64653A20636F6E6E65637420AC
:10FDCC00746F207468652076656869636C652C2097
:10FDDC006F72206120313230522062656E63682070
:10FDEC006A69672C207468656E2072652D72756E59
:10FDFC002E204966206974207374696C6C207265BE
:10FE0C006164732030206F6E206120676F6F6420F7
:10FE1C006275732C20636865636B2074686520546D
:10FE2C00582F52582063726F7373202B2043414E0E
:10FE3C00482F43414E4C206C696E6B2E0000000025
:10FE4C0020203D3E20486561642D322054582052BC
:10FE5C0045414348455320746865206275732028DA
:10FE6C0054582070617468204F4B29202D3E20522D
:10FE7C00582069732074686520627265616B3A2042
:10FE8C006368617365204352582D3E70696E300073
:10FE9C0020203D3E20486561642D3220545820645A
:10FEAC006F6573204E4F54207265616368207468CF
:10FEBC006520627573202854582070617468206422
:10FECC00656164293A20706F776572202F20527318
:10FEDC002D3E474E44202F204354582D3E70696EC2
:10FEEC0031202F207472616E7363656976657200C0
:10FEFC002028326E64204344433B204B2D6C696EAA
:10FF0C006520627269646765207374616E64732026
:10FF1C00646F776E290000002028636F6D6D616E31
:10FF2C006420706F72742900286E6F207265737074
:10FF3C006F6E7365290000004552523A74782D6635
:10FF4C0061696C004F4B3A73656E740055445300F5
:10FF5C0043414E5800000000524157005343414E5C
:10FF6C000000000050494E4700000000504F4E4723
:10FF7C00000000005245424F4F5400004F4B3A7264
:10FF8C0065626F6F742D746F2D626F6F746C6F611F
:10FF9C00646572004B5750004552523A6B6C696E57
:10FFAC00652D627573792028726177207061737387
:10FFBC007468726F75676820616374697665206F09
:10FFCC006E2074686520326E642055534220706F29
:10FFDC00727420E2809420636C6F73652074686186
:10FFEC00742061707020746F2075736520736D615F
:04FFFC007274204BB0
:02000004600199
:10000000575029004552523A666F726D617420282C
:100010004B57503A666173745B3A7467745D207C29
:10002000204B57503A736C6F773A3C616464723E70
:10003000207C204B57503A706173737468726F75EF
:1000400067685B3A626175645D207C204B57503A6B
:100050003C6865783E207C204B57503A7261773A75
:100060003C6865783E207C204B57503A6F66662985
:10007000000000004F4B3A6B77702D6F66660000F2
:100080006261756400000000706173737468726F60
:10009000756768004552523A666F726D6174202828
:1000A0004B57503A626175643A3C6E3E290000003D
:1000B0004F4B3A6B77702D626175643D0000000014
:1000C00066617374000000004F4B3A6B77702D70BF
:1000D0006173737468726F75676820626175643DDF
:1000E000000000002028726177204B2D6C696E653E
:1000F0003C2D3E5553423B20686F737420647269F7
:10010000766573207468652070726F746F636F6CAE
:100110003B20726573657420626F61726420746F36
:100120002065786974290000736C6F770000000007
:100130004F4B3A6B77702D666173742D72656164F5
:100140007920286E6F772073656E6420746865204F
:1001500073657373696F6E3A204B57503A3130387C
:100160003920666F72204D45372C206F72204B5717
:10017000503A3831205374617274436F6D6D2900A9
:100180004552523A666F726D617420284B57503A4F
:10019000736C6F773A3C616464723E290000000022
:1001A0004F4B3A6B77702D736C6F77696E69742063
:1001B000000000004552523A666F726D617420284B
:1001C0004B57503A7261773A3C6865783E29000097
:1001D0004552523A686578004552523A6B77702D15
:1001E0006E6F742D696E697469616C697A656420DB
:1001F000284B57503A66617374206F72204B5750EA
:100200003A736C6F7720666972737429000000007E
:100210004552523A6E6F2D726573706F6E73650042
:100220004B3831004552523A6B6C696E652D6275E0
:100230007379202872617720706173737468726FAC
:1002400075676820616374697665206F6E207468D5
:100250006520326E642055534220706F72742900FD
:100260004F4B3A6B38312D6F66660000696E6974CA
:10027000000000004552523A666F726D617420288A
:100280004B38313A696E69743A3C616464723E2954
:10029000000000004552523A6B77313238312D69F7
:1002A0006E6974202873796E633D30780000000019
:1002B0004F4B3A6B77313238312D696E6974207348
:1002C000796E633D3535206B62313D00206B6232C3
:1002D0003D0000004552523A6B38312D6E6F742D3F
:1002E000696E697469616C697A656420284B38317C
:1002F0003A696E69743A3C616464723E2066697260
:1003000073742900726561640000000061636B0012
:100310004552523A6E6F2D626C6F636B00000000A5
:100320004552523A74782D61636B0000626C6F63C2
:100330006B0000004552523A74782D626C6F636B0B
:10034000000000004552523A666F726D61742028B9
:100350004B38313A696E69743A3C616464723E208C
:100360007C204B38313A72656164207C204B3831F7
:100370003A61636B207C204B38313A626C6F636B5F
:100380003A3C7469746C653E5B3A3C6865783E5DE6
:10039000207C204B38313A6F66662900534C43412C
:1003A0004E0000004F4B3A736C63616E20284C6125
:1003B000776963656C206D6F6465206F6E2048659A
:1003C000616420313B20726573657420626F6172D5
:1003D0006420746F2065786974290000494E464F87
:1003E0000000000043455242455255533A00000078
:1003F000302E392E3232000020626F6172643D541B
:10040000342E302070726F647563743D4F7274685F
:10041000727573002043414E313D00002043414E30
:10042000323D000020746D6F3D0000002072657346
:10043000706D61783D34303936000000206D6F6E8C
:1004400072696E673D000000206B6C696E65323D1D
:100450007261770053544154530000004552523AA0
:100460006275732028317C322900000049646C6574
:10047000000000004E6F742073796E6368726F6EB7
:10048000697A656420746F2043414E206275730061
:100490005472616E736D697474696E670000000058
:1004A000526563656976696E670000004572726F18
:1004B0007220416374697665000000004275732004
:1004C0006F66660053544154533A6275733D0000A1
:1004D0002073746174653D0020666C74636F6E6692
:1004E0003D0000002072786572723D0020747865CE
:1004F00072723D002061636B3D00000020637263F7
:100500003D0000002066726D3D000000207374669F
:100510003D00000020657372313D3078000000001E
:10052000454D55004F4B3A656D752D6F6666000061
:10053000636C6561720000004F4B3A656D752D6309
:100540006C6561720000000073746174000000004B
:10055000454D55535441543A6F6E3D0020726571BC
:100560003D00000020726573703D00002072756CC4
:1005700065733D0020686974733D00006164640028
:100580004552523A656D752D72756C65732D6675A1
:100590006C6C00004552523A68657820287072658C
:1005A0006669783C3D3842202F20726573703C3D6F
:1005B00036344229000000004F4B3A656D752D72AC
:1005C000756C6520000000006F6E00004F4B3A65AF
:1005D0006D752D6F6E207265713D00004552523A67
:1005E000666F726D61742028454D553A6F6E3A62A0
:1005F00075733A5245513A52455350207C20454D2F
:10060000553A6164643A5052454649583A52455306
:1006100050207C20454D553A636C6561727C6F6655
:10062000667C7374617429004241554400000000E7
:10063000424155443A313D0020323D004552523A44
:1006400072617465202831303030302D31303030D7
:1006500030303029000000004F4B3A626175642051
:100660006275733D0000000020726174653D0000FA
:100670004D4F44450000000076636900736E696663
:10068000660000006C6F67006475616C000000001C
:100690004552523A666F726D617420284D4F444541
:1006A0003A7663697C6C6F677C736E6966667C649E
:1006B00075616C29000000004F4B3A6D6F64653D19
:1006C000000000004D4F44453A00000048454144B9
:1006D0003200000061637469766500006C6F6D0024
:1006E0004552523A666F726D617420284845414404
:1006F000323A616374697665207C20484541443212
:100700003A6C6F6D2900000053454C4654455354D4
:100710000000000053454C46544553543A20636151
:100720006E315F6C6F6F703D000000002063616E82
:10073000325F6C6F6F703D002068312D3E68325F14
:10074000776972653D000000202868656164325F4A
:100750007361773D000000002920203D3E2000000D
:1007600048325445535400004832544553543A20BB
:1007700068656164325F7175657565643D00000090
:100780002068656164315F7361773D002068656151
:1007900064325F74786572723D0000004D4F4E0008
:1007A000706F7274000000004D32504F52543A0086
:1007B0004552523A706F72742028317C3229000001
:1007C0004552523A6B6C696E652D70617373746833
:1007D000726F7567682D6163746976652028697426
:1007E000206F776E732074686520326E64204344F6
:1007F000433B20726573657420746F20657869745B
:10080000290000004F4B3A6D6F6E2D706F72743D72
:10081000000000004F4B3A6D6F6E2D6F6E000000B0
:100820004552523A666F726D617420284D4F4E3AB0
:100830006F6E5B3A69646C6F3A696468695D207CCD
:10084000204D4F4E3A6F6666207C204D4F4E3A73D6
:10085000746174207C204D4F4E3A504F52545B3A95
:10086000317C325D290000004552523A666F726D4C
:1008700061742028534E4946463A6275733A6D7347
:100880005B3A69646C6F3A696468695D29000000CD
:100890005450000053544F5000000000300000003E
:1008A0004552523A666F726D6174202854503A6214
:1008B00075733A54583A6D73207C2054503A53540F
:1008C0004F5029004F4B3A74702D6F6E2062757334
:1008D0003D0000002074783D00000000206D733D55
:1008E00000000000464F554E443A00002066696CF7
:1008F00074657265643A00004552523A666F726DD3
:10090000617420285241573A6275733A49443A4813
:10091000455829004552523A68657820283E3820CB
:100920006279746573202F206F64642900000000D1
:100930004552523A666F726D6174202843414E5899
:100940003A6275733A49443A4845585B3A77616967
:10095000746D735D290000005450323000000000B7
:10096000545032303A6275733D0000002064657364
:10097000743D00002072783D000000005450323079
:100980003A636C6F73656400434C4F53450000003D
:100990004F4B3A747032302D636C6F736564000096
:1009A0004552523A666F726D61742028545032304D
:1009B0003A6275733A444553543A484558207C206E
:1009C000545032303A434C4F5345207C20545032DF
:1009D000302900004552523A6865782028746F6FBC
:1009E000206C6F6E67202F206F6464290000000068
:1009F0004552523A747032302D636F6E6E65637477
:100A000020286E6F204430202D2D206D6F64756C72
:100A10006520616273656E742C2061736C6565700E
:100A20002C206F72206E6F7420726F75746564294C
:100A3000000000004552523A747032302D73656EDA
:100A40006420286E6F20626C6F636B2061636B297A
:100A5000000000004552523A666F726D61742028A2
:100A60005544533A6275733A54583A52583A484585
:100A7000582900004552523A756E6B6E6F776E20A2
:100A80002850494E477C494E464F7C4D4F44457C4B
:100A9000424155447C5343414E7C534E4946467C2B
:100AA0004D4F4E7C48454144327C48325445535466
:100AB0007C53454C46544553547C5245424F4F5409
:100AC0007C4B57507C4B38317C454D557C535441C1
:100AD00054537C54507C545032307C5241577C43A8
:100AE000414E587C5544537C534C43414E7C5458A2
:100AF0003A52583A48455829000000004F4B3A688E
:100B0000656164322D6C6F6D20286C697374656E3D
:100B10002D6F6E6C79206C6F67676572290000001D
:100B20004F4B3A68656164322D6163746976652064
:100B30002854582920E28094205544533A322F52A9
:100B400041573A322F43414E583A322F5343414E88
:100B50003A32206E6F77206472697665204865614D
:100B6000642032004D32535441543A6F6E3D0000C0
:100B700020706F72743D00002064657074683D00E1
:100B8000207065616B3D00002064726F7070656459
:100B90003D00000020746F74616C3D002063617043
:100BA0003D0000004F4B3A6D6F6E2D6F66662064FE
:100BB000726F707065643D004F4B3A74702D6F66B4
:100BC000660000004552523A747032302D74696DDF
:100BD000656F7574000000004552523A6E6F2D72B9
:100BE0006573706F6E736520284E4F5448494E47A9
:100BF000206F6E205258494420E280942077726F13
:100C00006E67206964202F206E6F7420726F757478
:100C10006564202F206D6F64756C652073696C6549
:100C20006E7429004552523A6E6F2D726573706F63
:100C30006E736520286672616D6573206F6E205239
:100C400058494420627574206E6F7420612075735A
:100C500061626C65207265706C7929004552523A68
:100C600074782D6661696C20286672616D65206EEE
:100C7000657665722041434B6564206F6E20746811
:100C800065207769726520E2809420627573206424
:100C90006F776E202F2077726F6E672068656164B2
:100CA000290000004552523A6E6F2D666C6F772D09
:100CB000636F6E74726F6C20286D6F64756C652045
:100CC0006E657665722073656E742043545320748C
:100CD0006F206F7572204669727374204672616D61
:100CE000652900004552523A7061727469616C3A2C
:100CF0000000000020284669727374204672616DFE
:100D000065207365656E2C207468656E2074686557
:100D100020726F75746564206275732077656E74D8
:100D2000207175696574290052583A00444F4E4548
:100D30003A000000206F76657272756E3A0000000E
:100D4000070000007A0D00005A0D000056303430C4
:100D5000300D000076303430300D00004E4342300C
:100D6000310D00004630300D0000000000030C0F74
:100D700030333C3FC0C3CCCFF0F3FCFF181400204D
:100D800019804000AED580A83FD300408D142002CA
:100D9000A1C8DA12817FD9F1DB40A4A6AF00000020
:100DA0004F4B3A007469746C653D000020646174B7
:100DB000613D0000205B00004D323A003A4F565230
:100DC0000000000000000507206100000000000096
:100DD000005F00000007000700147F147F14242A1E
:100DE0007F2A1223130864623649552250000503F6
:100DF0000000001C2241000041221C00082A1C2A7D
:100E00000808083E080800503000000808080808D4
:100E1000006060000020100804023E5149453E0079
:100E2000427F400042615149462141454B311814EF
:100E3000127F1027454545393C4A4949300171091F
:100E400005033649494936064949291E0036360008
:100E50000000563600000008142241141414141423
:100E600041221408000201510906324979413E7EAF
:100E70001111117E7F494949363E414141227F414E
:100E800041221C7F494949417F090901013E4141F5
:100E900051327F0808087F00417F41002040413FD8
:100EA000017F081422417F404040407F0204027FBE
:100EB0007F0408107F3E4141413E7F090909063EFB
:100EC0004151215E7F0919294646494949310101AD
:100ED0007F01013F4040403F1F2040201F7F2018DE
:100EE000207F6314081463030478040361514945A7
:100EF0004300007F4141020408102041417F00006F
:100F0000040201020440404040400001020400206D
:100F1000545454787F484444383844444420384436
:100F200044487F3854545418087E09010208145468
:100F3000543C7F0804047800447D40002040443D38
:100F400000007F10284400417F40007C0418047892
:100F50007C0804047838444444387C141414080889
:100F60001414187C7C080404084854545420043F8A
:100F70004440203C4040207C1C2040201C3C403011
:100F8000403C44281028440C5050503C4464544C7D
:100F900044000836410000007F0000004136080090
:100FA00008082A1C08081C2A080800060909060067
:100FB00000000000000000006D4000009D000000E7
:100FC000811F0000A1030000B1140000A503000070
:100FD000A90300000000000000000000353A0000F6
:100FE00019020000311D000095030000051B0000E0
:100FF000990300009D0300000000000000000000B5
:10100000F18E0000F9980000690000006D000000FA
:10101000AD0300000000000000000000BDB00000B3
:10102000B5B00000B1B00000ADB00000A9B0000044
:10103000A5B00000A1B000009DB0000000000000BD
:1010400000000000E5B00000DDB00000D9B00000F5
:10105000D5B00000D1B00000CDB00000C9B0000094
:10106000C5B0000000000000000000009D970000D7
:10107000F998000009920000619300002992000095
:10108000CD92000051920000E59300007D93000096
:10109000059200000000000000000000F58800003C
:1010A0002189000069000000F1880000AD8800007F
:1010B000B9880000D98800000020202020202020AE
:1010C00020202828282828202020202020202020F8
:1010D0002020202020202020208810101010101008
:1010E0001010101010101010100404040404040454
:1010F00004040410101010101010414141414141EE
:1011000001010101010101010101010101010101CF
:1011100001010101101010101010424242424242DF
:10112000020202020202020202020202020202029F
:101130000202020210101010200000000000000047
:10114000000000000000000000000000000000009F
:10115000000000000000000000000000000000008F
:10116000000000000000000000000000000000007F
:10117000000000000000000000000000000000006F
:10118000000000000000000000000000000000005F
:10119000000000000000000000000000000000004F
:1011A000000000000000000000000000000000003F
:1011B00000000000000000000000000000000042ED
:1011C000C8801F40B8821F40080000000000004295
:1011D000C4801F40B4821F400400000000C00042D1
:1011E00024801F4014821F401000000000C00042F5
:1011F00028801F4018821F402000000000C00042CD
:101200002C801F401C821F404000000000C0004294
:1012100034801F4024821F40000100000040004233
:1012200064811F4054831F400004000000400042BE
:1012300080811F4070831F40000002000040004278
:101240007C811F406C831F40000001000040004271
:1012500068811F4058831F40000800000040004282
:101260003C811F402C831F400100000000400042D1
:1012700044811F4034831F400400000000400042AE
:1012800040811F4030831F400200000000400042A8
:1012900048811F4038831F400800000000000042C2
:1012A00004811F40F4821F4000000400000000423F
:1012B00008811F40F8821F40000008000000004223
:1012C00018811F4008831F4000008000000000427A
:1012D00014811F4004831F400000400000000042B2
:1012E00000811F40F0821F40000002000000004209
:1012F000FC801F40EC821F40000001000000004203
:1013000024811F4014831F4000000004000000429D
:1013100028811F4018831F40000000080000004281
:101320001C811F400C831F40000000010000004290
:1013300020811F4010831F40000000020000004277
:10134000EC801F40DC821F400010000000000042C3
:10135000F0801F40E0821F4000200000000000429B
:1013600034811F4024831F400000004000000042E1
:1013700038811F4028831F40000000800080004209
:1013800094801F4084821F400000040000C000427F
:1013900090801F4080821F4000000080008000423B
:1013A000A8801F4098821F400000800000800042FB
:1013B000A4801F4094821F40000040000040004273
:1013C0006C811F405C831F400010000000C0004281
:1013D00030801F4020821F408000000000800042BB
:1013E000C8811F40B8831F40008000000080004279
:1013F000C4811F40B4831F400040000000800042B1
:10140000C0811F40B0831F400020000000800042C8
:10141000BC811F40AC831F400010000000800042D0
:10142000D0811F40C0831F400000020000800042A6
:10143000CC811F40BC831F4000000100454D555228
:10144000583A0000454D5554583A00004345524221
:101450004552555320200000746F74200000000096
:1014600020647270200000007065616B2000000035
:1014700048310000483200000001000084250020AF
:101480001200000000060000641E00600A00000058
:1014900000020000D41D00608D0000000007000065
:1014A000441D00608D00000000030000401D00602E
:1014B000000000000103090498250020000000003E
:1014C00002030904AC250020000000000303090406
:1014D000BC2500200000000000000000000000000B
:1014E00000000000000000000000000000000000FC
:1014F00060B40020C8B4002030B500200000000017
:1015000000000000000000000000000000000000DB
:1015100000000000000000000000000000000000CB
:1015200000000000000000000000000000000000BB
:1015300000000000000000000000000000000000AB
:10154000000000000000000000000000000000009B
:10155000000000000000000000000000000000008B
:10156000000000000000000000000000000000007B
:10157000000000000000000000000000000000006B
:101580000000000001000000000000000E33CDABA1
:1015900034126DE6ECDE05000B00000000000000D8
:1015A000000000000000000000000000000000003B
:1015B000000000000000000000000000000000002B
:1015C000000000000000000000000000000000001B
:1015D000000000000000000000000000000000000B
:1015E00000000000000000000000000000000000FB
:1015F00000000000000000000000000000000000EB
:101600000000000000000000000000000029DE07CC
:10161000007B9A17B016002000000000E8030000CD
:10162000000000000017002000000000E803000098
:101630000000000000001940EC2000200000000025
:10164000808000203C80002000000000000000009E
:1016500028000000400000002800000040000000BA
:10166000000000000000000000000000000000007A
:10167000000000000000000000000000000000006A
:1016800000000000D816002000000000E803000061
:10169000000000003017002000000000E8030000F8
:1016A0000000000000003F40C01C0060000000007F
:1016B000000000000000000000000000000000002A
:1016C000000000000000000000000000000000001A
:1016D000000000000000000000000000000000000A
:1016E00000000000000000000000000000000000FA
:1016F00000000000000000000000000000000000EA
:1017000000000000000000000000000000000000D9
:1017100000000000000000000000000000000000C9
:1017200000000000000000000000000000000000B9
:1017300000000000000000000000000000000000A9
:101740000000000000000000000000000000000099
:101750000000000000000000000000000000000089
:101760000000000000000000000000000000000079
:101770000000000000000000000000000000000069
:101780000000000000000000000000000000000059
:101790000000000000000000000000000000000049
:1017A0000000000000000000000000000000000039
:1017B0000000000000000000000000000000000029
:1017C0000000000000000000000000000000000019
:1017D000000000003017002000000000E8030000B7
:1017E0000000000000803F40701C0060000000000E
:1017F00000000000000000000000000000000000E9
:1018000000000000000000000000000000000000D8
:1018100000000000000000000000000000000000C8
:1018200000000000000000000000000000000000B8
:1018300000000000000000000000000000000000A8
:101840000000000000000000000000000000000098
:101850000000000000000000000000000000000088
:101860000000000000000000000000000000000078
:101870000000000000000000000000000000000068
:101880000000000000000000000000000000000058
:101890000000000000000000000000000000000048
:1018A0000000000000000000000000000000000038
:1018B0000000000000000000000000000000000028
:1018C0000000000000000000000000000000000018
:1018D0000000000000000000000000000000000008
:1018E00000000000000000000000000000000000F8
:1018F00000000000000000000000000000000000E8
:1019000000000000000000000000000000000000D7
:10191000000000003017002000000000E803000075
:101920000000000000C03F40201C006000000000DC
:1019300000000000000000000000000000000000A7
:101940000000000000000000000000000000000097
:101950000000000000000000000000000000000087
:101960000000000000000000000000000000000077
:101970000000000000000000000000000000000067
:101980000000000000000000000000000000000057
:101990000000000000000000000000000000000047
:1019A0000000000000000000000000000000000037
:1019B0000000000000000000000000000000000027
:1019C0000000000000000000000000000000000017
:1019D0000000000000000000000000000000000007
:1019E00000000000000000000000000000000000F7
:1019F00000000000000000000000000000000000E7
:101A000000000000000000000000000000000000D6
:101A100000000000000000000000000000000000C6
:101A200000000000000000000000000000000000B6
:101A300000000000000000000000000000000000A6
:101A40000000000000000000000000000000000096
:101A500000000000C403002001170000ED98000002
:101A6000000000006CC00F400000000307000000F1
:101A70000200000040851F4002000000FF0000003F
:101A8000FF0000000000000000000000080000004F
:101A90000200000044851F4002000000FF0000001B
:101AA000FF0000000000000000000000FF004000F8
:101AB000260018007A00000001000000010000006C
:101AC000A0280000FF07000020A1070020A10700B8
:101AD00024B40020A06024200000000000000000CA
:101AE00000000000702100207021002078210020DB
:101AF00078210020802100208021002088210020E2
:101B00008821002090210020902100209821002091
:101B100098210020A0210020A0210020A821002041
:101B2000A8210020B0210020B0210020B8210020F1
:101B3000B8210020C0210020C0210020C8210020A1
:101B4000C8210020D0210020D0210020D821002051
:101B5000D8210020E0210020E0210020E821002001
:101B6000E8210020F0210020F0210020F8210020B1
:101B7000F82100200022002000220020082200205E
:101B8000082200201022002010220020182200200D
:101B900018220020202200202022002028220020BD
:101BA000282200203022002030220020382200206D
:101BB000382200204022002040220020482200201D
:101BC00048220020502200205022002058220020CD
:101BD000582200206022002060220020682200207D
:101BE000682200207022002070220020782200202D
:101BF00078220020802200208022002088220020DD
:101C0000882200209022002090220020982200208C
:101C100098220020A0220020A0220020A82200203C
:101C2000A8220020B0220020B0220020B8220020EC
:101C3000B8220020C0220020C0220020C82200209C
:101C4000C8220020D0220020D0220020D82200204C
:101C5000D8220020E0220020E0220020E8220020FC
:101C6000E8220020F0220020F0220020F8220020AC
:101C7000F822002000230020002300200823002059
:101C80000823002010230020102300201823002008
:101C900018230020202300202023002028230020B8
:101CA0002823002030230020302300203823002068
:101CB0003823002040230020402300204823002018
:101CC00048230020502300205023002058230020C8
:101CD0005823002060230020602300206823002078
:101CE0006823002070230020702300207823002028
:101CF00078230020802300208023002088230020D8
:101D00008823002090230020902300209823002087
:101D100098230020A0230020A0230020A823002037
:101D2000A8230020B0230020B0230020B8230020E7
:101D3000B8230020C0230020C0230020C823002097
:101D4000C8230020D0230020D0230020D823002047
:101D5000D8230020E0230020E0230020E8230020F7
:101D6000E8230020F0230020F0230020F8230020A7
:101D7000F823002000240020002400200824002054
:101D80000824002010240020102400201824002003
:101D900018240020202400202024002028240020B3
:101DA0002824002030240020302400203824002063
:101DB0003824002040240020402400204824002013
:101DC00048240020502400205024002058240020C3
:101DD0005824002060240020602400206824002073
:101DE0006824002070240020702400207824002023
:101DF00078240020802400208024002088240020D3
:101E00008824002090240020902400209824002082
:101E100098240020A0240020A0240020A824002032
:101E2000A8240020B0240020B0240020B8240020E2
:101E3000B8240020C0240020C0240020C824002092
:101E4000C8240020D0240020D0240020D824002042
:101E5000D8240020E0240020E0240020E8240020F2
:101E6000E8240020F0240020F0240020F8240020A2
:101E7000F82400200025002000250020082500204F
:101E800008250020102500201025002018250020FE
:101E900018250020202500202025002028250020AE
:101EA000282500203025002030250020382500205E
:101EB000382500204025002040250020482500200E
:101EC00048250020502500205025002058250020BE
:101ED000582500206025002060250020682500206E
:101EE00068250020FFFFFFFF00000200801B00208C
:101EF00012010002EF020140C0168B0479020102B8
:101F00000301000012036400730070006C003100D4
:101F1000320033003600000010034F0072007400DE
:101F200068007200750073000C03000000000000E0
:101F3000000000000000000000000000000001019F
:101F40000000000000000000000000000000000091
:101F50000000000000000000000000000000000081
:101F60000000000000000000000000000000000071
:101F70000000000000000000000000000000000061
:101F80000000000000000000000000000000000051
:101F90000000000000000000000000000000000041
:101FA0000000000000000000000000000000000031
:101FB0000000000000000000000000000000000021
:101FC0000000000000000000000000000000000011
:101FD0000000000000000000000000000000000001
:101FE00000000000000000000000000000000000F1
:101FF00000000000000000000000000000000000E1
:1020000000000000000000000000000000000000D0
:1020100000000000000000000000000000000000C0
:1020200000000000000000000000000000000000B0
:1020300000000000000000000000000000000000A0
:102040000000000000000000000000000000000090
:102050000000000000000000000000000000000080
:102060000000000000000000000000000000000070
:102070000000000000000000000000000000000060
:102080000000000000000000000000000000000050
:102090000000000000000000000000000000000040
:1020A0000000000000000000000000000000000030
:1020B0000000000000000000000000000000000020
:1020C0000000000000000000000000000000000010
:1020D0000000000000000000000000000000000000
:1020E00000000000000000000000000000000000F0
:1020F00000000000000000000000000000000000E0
:1021000000000000000000000000000000000000CF
:1021100000000000000000000000000000000000BF
:1021200000000000000000000000000000000000AF
:10213000000000000000000000000000000000009F
:10214000000000000000000000000000000000008F
:10215000000000000000000000000000000000007F
:10216000000000000000000000000000000000006F
:10217000000000000000000000000000000000005F
:10218000000000000000000000000000000000004F
:10219000000000000000000000000000000000003F
:1021A000000000000000000000000000000000002F
:1021B000000000000000000000000000000000001F
:1021C000000000000000000000000000000000000F
:1021D00000000000000000000000000000000000FF
:1021E00000000000000000000000000000000000EF
:1021F00000000000000000000000000000000000DF
:1022000000000000000000000000000000000000CE
:1022100000000000000000000000000000000000BE
:1022200000000000000000000000000000000000AE
:10223000000000000000000000000000000000009E
:10224000000000000000000000000000000000008E
:10225000000000000000000000000000000000007E
:10226000000000000000000000000000000000006E
:10227000000000000000000000000000000000005E
:10228000000000000000000000000000000000004E
:10229000000000000000000000000000000000003E
:1022A000000000000000000000000000000000002E
:1022B000000000000000000000000000000000001E
:1022C000000000000000000000000000000000000E
:1022D00000000000000000000000000000000000FE
:1022E00000000000000000000000000000000000EE
:1022F00000000000000000000000000000000000DE
:1023000000000000000000000000000000000000CD
:1023100000000000000000000000000000000000BD
:1023200000000000000000000000000000000000AD
:10233000000000000000000000000000000000009D
:10234000000000000000000000000000000000008D
:10235000000000000000000000000000000000007D
:10236000000000000000000000000000000000006D
:10237000000000000000000000000000000000005D
:10238000000000000000000000000000000000004D
:10239000000000000000000000000000000000003D
:1023A000000000000000000000000000000000002D
:1023B000000000000000000000000000000000001D
:1023C000000000000000000000000000000000000D
:1023D00000000000000000000000000000000000FD
:1023E00000000000000000000000000000000000ED
:1023F00000000000000000000000000000000000DD
:1024000000000000000000000000000000000000CC
:1024100000000000000000000000000000000000BC
:0C242000000000000000000000000000B0
:10242C00FFFFFFFFFFFFFFFFFFFFFFFFFFFFFFFFB0
:10243C00FFFFFFFFFFFFFFFFFFFFFFFFFFFFFFFFA0
:10244C00FFFFFFFFFFFFFFFFFFFFFFFFFFFFFFFF90
:10245C00FFFFFFFFFFFFFFFFFFFFFFFFFFFFFFFF80
:10246C00FFFFFFFFFFFFFFFFFFFFFFFFFFFFFFFF70
:10247C00FFFFFFFFFFFFFFFFFFFFFFFFFFFFFFFF60
:10248C00FFFFFFFFFFFFFFFFFFFFFFFFFFFFFFFF50
:10249C00FFFFFFFFFFFFFFFFFFFFFFFFFFFFFFFF40
:1024AC00FFFFFFFFFFFFFFFFFFFFFFFFFFFFFFFF30
:1024BC00FFFFFFFFFFFFFFFFFFFFFFFFFFFFFFFF20
:1024CC00FFFFFFFFFFFFFFFFFFFFFFFFFFFFFFFF10
:1024DC00FFFFFFFFFFFFFFFFFFFFFFFFFFFFFFFF00
:1024EC00FFFFFFFFFFFFFFFFFFFFFFFFFFFFFFFFF0
:1024FC00FFFFFFFFFFFFFFFFFFFFFFFFFFFFFFFFE0
:10250C00FFFFFFFFFFFFFFFFFFFFFFFFFFFFFFFFCF
:10251C00FFFFFFFFFFFFFFFFFFFFFFFFFFFFFFFFBF
:10252C00FFFFFFFFFFFFFFFFFFFFFFFFFFFFFFFFAF
:10253C00FFFFFFFFFFFFFFFFFFFFFFFFFFFFFFFF9F
:10254C00FFFFFFFFFFFFFFFFFFFFFFFFFFFFFFFF8F
:10255C00FFFFFFFFFFFFFFFFFFFFFFFFFFFFFFFF7F
:10256C00FFFFFFFFFFFFFFFFFFFFFFFFFFFFFFFF6F
:10257C00FFFFFFFFFFFFFFFFFFFFFFFFFFFFFFFF5F
:10258C00FFFFFFFFFFFFFFFFFFFFFFFFFFFFFFFF4F
:10259C00FFFFFFFFFFFFFFFFFFFFFFFFFFFFFFFF3F
:1025AC00FFFFFFFFFFFFFFFFFFFFFFFFFFFFFFFF2F
:1025BC00FFFFFFFFFFFFFFFFFFFFFFFFFFFFFFFF1F
:1025CC00FFFFFFFFFFFFFFFFFFFFFFFFFFFFFFFF0F
:1025DC00FFFFFFFFFFFFFFFFFFFFFFFFFFFFFFFFFF
:1025EC00FFFFFFFFFFFFFFFFFFFFFFFFFFFFFFFFEF
:1025FC00FFFFFFFFFFFFFFFFFFFFFFFFFFFFFFFFDF
:10260C00FFFFFFFFFFFFFFFFFFFFFFFFFFFFFFFFCE
:10261C00FFFFFFFFFFFFFFFFFFFFFFFFFFFFFFFFBE
:10262C00FFFFFFFFFFFFFFFFFFFFFFFFFFFFFFFFAE
:10263C00FFFFFFFFFFFFFFFFFFFFFFFFFFFFFFFF9E
:10264C00FFFFFFFFFFFFFFFFFFFFFFFFFFFFFFFF8E
:10265C00FFFFFFFFFFFFFFFFFFFFFFFFFFFFFFFF7E
:10266C00FFFFFFFFFFFFFFFFFFFFFFFFFFFFFFFF6E
:10267C00FFFFFFFFFFFFFFFFFFFFFFFFFFFFFFFF5E
:10268C00FFFFFFFFFFFFFFFFFFFFFFFFFFFFFFFF4E
:10269C00FFFFFFFFFFFFFFFFFFFFFFFFFFFFFFFF3E
:1026AC00FFFFFFFFFFFFFFFFFFFFFFFFFFFFFFFF2E
:1026BC00FFFFFFFFFFFFFFFFFFFFFFFFFFFFFFFF1E
:1026CC00FFFFFFFFFFFFFFFFFFFFFFFFFFFFFFFF0E
:1026DC00FFFFFFFFFFFFFFFFFFFFFFFFFFFFFFFFFE
:1026EC00FFFFFFFFFFFFFFFFFFFFFFFFFFFFFFFFEE
:1026FC00FFFFFFFFFFFFFFFFFFFFFFFFFFFFFFFFDE
:10270C00FFFFFFFFFFFFFFFFFFFFFFFFFFFFFFFFCD
:10271C00FFFFFFFFFFFFFFFFFFFFFFFFFFFFFFFFBD
:10272C00FFFFFFFFFFFFFFFFFFFFFFFFFFFFFFFFAD
:10273C00FFFFFFFFFFFFFFFFFFFFFFFFFFFFFFFF9D
:10274C00FFFFFFFFFFFFFFFFFFFFFFFFFFFFFFFF8D
:10275C00FFFFFFFFFFFFFFFFFFFFFFFFFFFFFFFF7D
:10276C00FFFFFFFFFFFFFFFFFFFFFFFFFFFFFFFF6D
:10277C00FFFFFFFFFFFFFFFFFFFFFFFFFFFFFFFF5D
:10278C00FFFFFFFFFFFFFFFFFFFFFFFFFFFFFFFF4D
:10279C00FFFFFFFFFFFFFFFFFFFFFFFFFFFFFFFF3D
:1027AC00FFFFFFFFFFFFFFFFFFFFFFFFFFFFFFFF2D
:1027BC00FFFFFFFFFFFFFFFFFFFFFFFFFFFFFFFF1D
:1027CC00FFFFFFFFFFFFFFFFFFFFFFFFFFFFFFFF0D
:1027DC00FFFFFFFFFFFFFFFFFFFFFFFFFFFFFFFFFD
:1027EC00FFFFFFFFFFFFFFFFFFFFFFFFFFFFFFFFED
:1027FC00FFFFFFFF000000000000000000000000D1
:10280C0000000000000000000000000000000000BC
:10281C0000000000000000000000000000000000AC
:10282C00000000000000000000000000000000009C
:10283C00000000000000000000000000000000008C
:10284C00000000000000000000000000000000007C
:10285C00000000000000000000000000000000006C
:10286C00000000000000000000000000000000005C
:10287C00000000000000000000000000000000004C
:10288C00000000000000000000000000000000003C
:10289C00000000000000000000000000000000002C
:1028AC00000000000000000000000000000000001C
:1028BC00000000000000000000000000000000000C
:1028CC0000000000000000000000000000000000FC
:1028DC0000000000000000000000000000000000EC
:1028EC0000000000000000000000000000000000DC
:1028FC0000000000000000000000000000000000CC
:10290C0000000000000000000000000000000000BB
:10291C0000000000000000000000000000000000AB
:10292C00000000000000000000000000000000009B
:10293C00000000000000000000000000000000008B
:10294C00000000000000000000000000000000007B
:10295C00000000000000000000000000000000006B
:10296C00000000000000000000000000000000005B
:10297C00000000000000000000000000000000004B
:10298C00000000000000000000000000000000003B
:10299C00000000000000000000000000000000002B
:1029AC00000000000000000000000000000000001B
:1029BC00000000000000000000000000000000000B
:1029CC0000000000000000000000000000000000FB
:1029DC0000000000000000000000000000000000EB
:1029EC0000000000000000000000000000000000DB
:1029FC0000000000000000000000000000000000CB
:102A0C0000000000000000000000000000000000BA
:102A1C0000000000000000000000000000000000AA
:102A2C00000000000000000000000000000000009A
:102A3C00000000000000000000000000000000008A
:102A4C00000000000000000000000000000000007A
:102A5C00000000000000000000000000000000006A
:102A6C00000000000000000000000000000000005A
:102A7C00000000000000000000000000000000004A
:102A8C00000000000000000000000000000000003A
:102A9C00000000000000000000000000000000002A
:102AAC00000000000000000000000000000000001A
:102ABC00000000000000000000000000000000000A
:102ACC0000000000000000000000000000000000FA
:102ADC0000000000000000000000000000000000EA
:102AEC0000000000000000000000000000000000DA
:102AFC0000000000000000000000000000000000CA
:102B0C0000000000000000000000000000000000B9
:102B1C0000000000000000000000000000000000A9
:102B2C000000000000000000000000000000000099
:102B3C000000000000000000000000000000000089
:102B4C000000000000000000000000000000000079
:102B5C000000000000000000000000000000000069
:102B6C000000000000000000000000000000000059
:102B7C000000000000000000000000000000000049
:102B8C000000000000000000000000000000000039
:102B9C000000000000000000000000000000000029
:102BAC000000000000000000000000000000000019
:102BBC000000000000000000000000000000000009
:102BCC0000000000000000000000000000000000F9
:102BDC0000000000000000000000000000000000E9
:102BEC0000000000000000000000000000000000D9
:102BFC0000000000000000000000000000000000C9
:102C0C0000000000000000000000000000000000B8
:102C1C0000000000000000000000000000000000A8
:102C2C000000000000000000000000000000000098
:102C3C000000000000000000000000000000000088
:102C4C000000000000000000000000000000000078
:102C5C000000000000000000000000000000000068
:102C6C000000000000000000000000000000000058
:102C7C000000000000000000000000000000000048
:102C8C000000000000000000000000000000000038
:102C9C000000000000000000000000000000000028
:102CAC000000000000000000000000000000000018
:102CBC000000000000000000000000000000000008
:102CCC0000000000000000000000000000000000F8
:102CDC0000000000000000000000000000000000E8
:102CEC0000000000000000000000000000000000D8
:102CFC0000000000000000000000000000000000C8
:102D0C0000000000000000000000000000000000B7
:102D1C0000000000000000000000000000000000A7
:102D2C000000000000000000000000000000000097
:102D3C000000000000000000000000000000000087
:102D4C000000000000000000000000000000000077
:102D5C000000000000000000000000000000000067
:102D6C000000000000000000000000000000000057
:102D7C000000000000000000000000000000000047
:102D8C000000000000000000000000000000000037
:102D9C000000000000000000000000000000000027
:102DAC000000000000000000000000000000000017
:102DBC000000000000000000000000000000000007
:102DCC0000000000000000000000000000000000F7
:102DDC0000000000000000000000000000000000E7
:102DEC0000000000000000000000000000000000D7
:102DFC0000000000000000000000000000000000C7
:102E0C0000000000000000000000000000000000B6
:102E1C0000000000000000000000000000000000A6
:102E2C000000000000000000000000000000000096
:102E3C000000000000000000000000000000000086
:102E4C000000000000000000000000000000000076
:102E5C000000000000000000000000000000000066
:102E6C000000000000000000000000000000000056
:102E7C000000000000000000000000000000000046
:102E8C000000000000000000000000000000000036
:102E9C000000000000000000000000000000000026
:102EAC000000000000000000000000000000000016
:102EBC000000000000000000000000000000000006
:102ECC0000000000000000000000000000000000F6
:102EDC0000000000000000000000000000000000E6
:102EEC0000000000000000000000000000000000D6
:102EFC0000000000000000000000000000000000C6
:102F0C0000000000000000000000000000000000B5
:102F1C0000000000000000000000000000000000A5
:102F2C000000000000000000000000000000000095
:102F3C000000000000000000000000000000000085
:102F4C000000000000000000000000000000000075
:102F5C000000000000000000000000000000000065
:102F6C000000000000000000000000000000000055
:102F7C000000000000000000000000000000000045
:102F8C000000000000000000000000000000000035
:102F9C000000000000000000000000000000000025
:102FAC000000000000000000000000000000000015
:102FBC000000000000000000000000000000000005
:102FCC0000000000000000000000000000000000F5
:102FDC0000000000000000000000000000000000E5
:102FEC0000000000000000000000000000000000D5
:102FFC0000000000000000000000000000000000C5
:10300C0000000000000000000000000000000000B4
:10301C0000000000000000000000000000000000A4
:10302C000000000000000000000000000000000094
:10303C000000000000000000000000000000000084
:10304C000000000000000000000000000000000074
:10305C000000000000000000000000000000000064
:10306C000000000000000000000000000000000054
:10307C000000000000000000000000000000000044
:10308C000000000000000000000000000000000034
:10309C000000000000000000000000000000000024
:1030AC000000000000000000000000000000000014
:1030BC000000000000000000000000000000000004
:1030CC0000000000000000000000000000000000F4
:1030DC0000000000000000000000000000000000E4
:1030EC0000000000000000000000000000000000D4
:1030FC0000000000000000000000000000000000C4
:10310C0000000000000000000000000000000000B3
:10311C0000000000000000000000000000000000A3
:10312C000000000000000000000000000000000093
:10313C000000000000000000000000000000000083
:10314C000000000000000000000000000000000073
:10315C000000000000000000000000000000000063
:10316C000000000000000000000000000000000053
:10317C000000000000000000000000000000000043
:10318C000000000000000000000000000000000033
:10319C000000000000000000000000000000000023
:1031AC000000000000000000000000000000000013
:1031BC000000000000000000000000000000000003
:1031CC0000000000000000000000000000000000F3
:1031DC0000000000000000000000000000000000E3
:1031EC0000000000000000000000000000000000D3
:1031FC0000000000000000000000000000000000C3
:10320C0000000000000000000000000000000000B2
:10321C0000000000000000000000000000000000A2
:10322C000000000000000000000000000000000092
:10323C000000000000000000000000000000000082
:10324C000000000000000000000000000000000072
:10325C000000000000000000000000000000000062
:10326C000000000000000000000000000000000052
:10327C000000000000000000000000000000000042
:10328C000000000000000000000000000000000032
:10329C000000000000000000000000000000000022
:1032AC000000000000000000000000000000000012
:1032BC000000000000000000000000000000000002
:1032CC0000000000000000000000000000000000F2
:1032DC0000000000000000000000000000000000E2
:1032EC0000000000000000000000000000000000D2
:1032FC0000000000000000000000000000000000C2
:10330C0000000000000000000000000000000000B1
:10331C0000000000000000000000000000000000A1
:10332C000000000000000000000000000000000091
:10333C000000000000000000000000000000000081
:10334C000000000000000000000000000000000071
:10335C000000000000000000000000000000000061
:10336C000000000000000000000000000000000051
:10337C000000000000000000000000000000000041
:10338C000000000000000000000000000000000031
:10339C000000000000000000000000000000000021
:1033AC000000000000000000000000000000000011
:1033BC000000000000000000000000000000000001
:1033CC0000000000000000000000000000000000F1
:1033DC0000000000000000000000000000000000E1
:1033EC0000000000000000000000000000000000D1
:0433FC0000000000CD
:040000056000100087
:00000001FF
